{"type":"FeatureCollection","features":[{"type":"Feature","id":"01","properties":{"code":"01","name":"Araba/Álava","nationalCode":"34160100000"},"geometry":{"type":"Polygon","coordinates":[[[-3.1313,42.75765],[-3.14791,42.7567],[-3.12325,42.78933],[-3.15923,42.80459],[-3.14119,42.83605],[-3.11315,42.86106],[-3.10505,42.87959],[-3.11494,42.88925],[-3.1257,42.89132],[-3.13872,42.87129],[-3.16282,42.85674],[-3.19069,42.86946],[-3.22218,42.83864],[-3.20553,42.8274],[-3.21697,42.82652],[-3.28677,42.88515],[-3.2764,42.88702],[-3.27724,42.90158],[-3.24854,42.91215],[-3.23556,42.94386],[-3.22473,42.94969],[-3.14473,42.93468],[-3.14927,42.91706],[-3.13285,42.91348],[-3.12653,42.90406],[-3.10466,42.91016],[-3.0921,42.89878],[-3.01891,42.90851],[-3.01195,42.92225],[-2.98142,42.93988],[-3.04518,42.97306],[-3.0356,42.98275],[-3.0045,42.98269],[-3.00054,42.98963],[-2.97103,42.98979],[-2.9557,42.99885],[-2.98572,42.99213],[-2.99167,43.00018],[-2.98601,43.0121],[-3.0329,43.02033],[-3.01855,43.03766],[-3.02914,43.03695],[-3.02863,43.04658],[-3.04974,43.04722],[-3.0656,43.02314],[-3.09046,43.00956],[-3.08899,43.00164],[-3.14479,43.00684],[-3.1778,43.02198],[-3.17025,43.02907],[-3.14186,43.02981],[-3.14768,43.0345],[-3.14031,43.06715],[-3.15819,43.07402],[-3.13394,43.09723],[-3.14149,43.11064],[-3.15206,43.10412],[-3.18171,43.12031],[-3.16148,43.14319],[-3.16677,43.14694],[-3.16185,43.15426],[-3.13779,43.16279],[-3.11068,43.14308],[-3.02661,43.16108],[-3.01663,43.2026],[-3.03972,43.21067],[-3.03266,43.21691],[-3.00646,43.19601],[-2.98004,43.20186],[-2.96847,43.18199],[-2.94639,43.17087],[-2.95417,43.15971],[-2.93581,43.13621],[-2.97548,43.09947],[-2.89416,43.04642],[-2.8638,43.05195],[-2.82194,43.03505],[-2.78118,43.03399],[-2.76975,43.02686],[-2.74028,43.03418],[-2.72973,43.02395],[-2.70399,43.03111],[-2.68701,43.02163],[-2.66688,43.03143],[-2.63362,43.01991],[-2.6337,43.04482],[-2.66113,43.06576],[-2.66167,43.07427],[-2.63305,43.08704],[-2.59247,43.0812],[-2.54639,43.08801],[-2.54099,43.07669],[-2.54812,43.07508],[-2.52485,43.04533],[-2.54958,43.01979],[-2.59653,43.00925],[-2.60094,43.00137],[-2.59277,42.9876],[-2.60268,42.98223],[-2.59402,42.97308],[-2.54431,42.95028],[-2.5353,42.97345],[-2.5012,42.95948],[-2.47777,42.96594],[-2.45094,42.95645],[-2.4099,42.9595],[-2.37668,42.94804],[-2.3548,42.95003],[-2.33635,42.9349],[-2.30232,42.92595],[-2.28954,42.90231],[-2.25153,42.89651],[-2.24098,42.88563],[-2.23269,42.84382],[-2.26769,42.81341],[-2.2687,42.79472],[-2.28101,42.78513],[-2.2625,42.74781],[-2.30439,42.73576],[-2.31685,42.73935],[-2.32401,42.72377],[-2.31285,42.70868],[-2.31686,42.6825],[-2.3093,42.67115],[-2.29358,42.67794],[-2.28935,42.66829],[-2.29334,42.65086],[-2.33218,42.64618],[-2.34489,42.63451],[-2.38195,42.6343],[-2.37212,42.64338],[-2.38166,42.64737],[-2.37626,42.65071],[-2.4158,42.66268],[-2.45008,42.64725],[-2.45459,42.63486],[-2.48307,42.61216],[-2.50008,42.61648],[-2.49063,42.58536],[-2.46221,42.58739],[-2.45324,42.56711],[-2.42112,42.60712],[-2.39675,42.5991],[-2.38995,42.54906],[-2.40105,42.5385],[-2.3922,42.51695],[-2.42312,42.51071],[-2.42058,42.48923],[-2.4488,42.49688],[-2.47743,42.48664],[-2.51717,42.49174],[-2.50532,42.51196],[-2.51059,42.51993],[-2.5375,42.49509],[-2.5294,42.48405],[-2.554,42.48387],[-2.5684,42.49408],[-2.57759,42.48297],[-2.59274,42.48149],[-2.58649,42.47484],[-2.5935,42.47236],[-2.60248,42.48017],[-2.59236,42.49225],[-2.60515,42.50344],[-2.64619,42.48302],[-2.65601,42.50345],[-2.67784,42.50957],[-2.67685,42.52626],[-2.70572,42.51666],[-2.6915,42.5418],[-2.68177,42.59539],[-2.71062,42.60109],[-2.74071,42.62244],[-2.76393,42.62244],[-2.77768,42.58225],[-2.80366,42.5645],[-2.8148,42.5693],[-2.82483,42.55463],[-2.84079,42.58103],[-2.81983,42.59145],[-2.81877,42.61272],[-2.8418,42.6086],[-2.84814,42.61714],[-2.84367,42.6305],[-2.89651,42.65419],[-2.89505,42.67931],[-2.9025,42.6936],[-2.93032,42.69967],[-2.93136,42.7084],[-2.9806,42.70348],[-2.98894,42.7191],[-3.00902,42.72447],[-3.00538,42.7328],[-3.01611,42.73356],[-3.01666,42.74101],[-3.04167,42.73919],[-3.04862,42.76556],[-3.06446,42.76019],[-3.07996,42.76708],[-3.08484,42.75711],[-3.1011,42.76729],[-3.1313,42.75765]],[[-2.77917,42.79275],[-2.73155,42.79451],[-2.64371,42.76472],[-2.60235,42.77063],[-2.58937,42.75032],[-2.5583,42.76273],[-2.57263,42.72517],[-2.58998,42.71076],[-2.60031,42.71527],[-2.60898,42.69596],[-2.59414,42.69004],[-2.57777,42.66821],[-2.54838,42.6688],[-2.5394,42.68658],[-2.52202,42.68403],[-2.5174,42.64633],[-2.54707,42.63738],[-2.55194,42.64926],[-2.63485,42.6478],[-2.65846,42.67239],[-2.6664,42.66619],[-2.70339,42.67429],[-2.71916,42.66187],[-2.77574,42.67025],[-2.77051,42.67663],[-2.7845,42.69894],[-2.8253,42.70894],[-2.82899,42.71901],[-2.8516,42.7251],[-2.85522,42.72876],[-2.84674,42.73076],[-2.86886,42.74014],[-2.85298,42.74783],[-2.84837,42.76329],[-2.85391,42.76786],[-2.84185,42.7762],[-2.83547,42.79627],[-2.82681,42.78445],[-2.77917,42.79275]]]}},{"type":"Feature","id":"02","properties":{"code":"02","name":"Albacete","nationalCode":"34080200000"},"geometry":{"type":"Polygon","coordinates":[[[-2.76208,38.53275],[-2.74679,38.54681],[-2.7655,38.57385],[-2.7501,38.61557],[-2.76369,38.62789],[-2.72825,38.61608],[-2.71758,38.62513],[-2.69982,38.62536],[-2.66885,38.64922],[-2.65556,38.67143],[-2.63807,38.73535],[-2.64346,38.74638],[-2.66299,38.75353],[-2.69628,38.78293],[-2.73224,38.78185],[-2.73452,38.79529],[-2.75268,38.81473],[-2.75114,38.84835],[-2.76231,38.88077],[-2.79065,38.89157],[-2.79246,38.90555],[-2.83581,38.90597],[-2.85766,38.92738],[-2.87622,38.92551],[-2.88289,38.93849],[-2.87097,38.96555],[-2.84459,38.98636],[-2.83226,39.02324],[-2.80993,39.02383],[-2.80501,39.07894],[-2.82726,39.09836],[-2.84266,39.13449],[-2.72319,39.26479],[-2.7437,39.31599],[-2.7356,39.32026],[-2.66234,39.32195],[-2.63497,39.32676],[-2.61926,39.34014],[-2.59368,39.33942],[-2.54878,39.32346],[-2.51105,39.34215],[-2.37408,39.23278],[-2.36109,39.24655],[-2.34989,39.27854],[-2.32119,39.28374],[-2.30183,39.26361],[-2.28868,39.22666],[-2.21893,39.26152],[-2.18185,39.26931],[-2.16868,39.28107],[-2.05096,39.26668],[-2.07734,39.30824],[-2.07369,39.32112],[-2.09562,39.35942],[-2.02033,39.35182],[-2.02843,39.33681],[-1.99508,39.30981],[-1.9898,39.29368],[-1.88708,39.30479],[-1.84519,39.28612],[-1.76985,39.28051],[-1.76311,39.30149],[-1.73928,39.32116],[-1.62269,39.36268],[-1.55568,39.40185],[-1.4842,39.423],[-1.48742,39.40054],[-1.47446,39.40907],[-1.46622,39.40257],[-1.47522,39.39816],[-1.47352,39.39143],[-1.46069,39.40067],[-1.45167,39.39769],[-1.45774,39.3887],[-1.45248,39.38358],[-1.46751,39.3828],[-1.44829,39.37851],[-1.45415,39.36109],[-1.4438,39.36208],[-1.43216,39.37743],[-1.43096,39.36482],[-1.42455,39.36391],[-1.425,39.38056],[-1.41336,39.38058],[-1.40837,39.37217],[-1.39583,39.37456],[-1.40771,39.36631],[-1.38421,39.36661],[-1.38426,39.35366],[-1.36586,39.35511],[-1.33628,39.3338],[-1.33345,39.34046],[-1.31213,39.34287],[-1.29763,39.33025],[-1.27501,39.33383],[-1.25077,39.32274],[-1.24719,39.32875],[-1.24427,39.32149],[-1.2231,39.31594],[-1.20762,39.32659],[-1.19664,39.31396],[-1.16459,39.31008],[-1.17482,39.27928],[-1.18083,39.21182],[-1.19709,39.17673],[-1.227,39.15171],[-1.24051,39.11374],[-1.25572,39.10617],[-1.25582,39.08402],[-1.2657,39.07547],[-1.2639,39.04509],[-1.22654,39.02467],[-1.16089,38.95482],[-1.14665,38.92935],[-1.03459,38.93445],[-0.99933,38.94945],[-0.95941,38.94458],[-0.95652,38.92012],[-0.92454,38.89175],[-0.9357,38.85594],[-0.92488,38.82336],[-0.9328,38.81127],[-0.92894,38.78383],[-0.96143,38.77479],[-0.94591,38.73672],[-0.91579,38.69596],[-0.96247,38.65693],[-1.034,38.65659],[-1.11578,38.71141],[-1.11964,38.73774],[-1.18362,38.7551],[-1.24966,38.73861],[-1.28383,38.70721],[-1.34307,38.67741],[-1.3665,38.70401],[-1.38364,38.69929],[-1.42174,38.67706],[-1.44764,38.64963],[-1.44334,38.63697],[-1.4521,38.58151],[-1.48775,38.56323],[-1.49635,38.54094],[-1.47992,38.47986],[-1.47878,38.37607],[-1.58958,38.30995],[-1.66983,38.31183],[-1.69331,38.33764],[-1.69201,38.34703],[-1.68147,38.34953],[-1.68788,38.3656],[-1.70384,38.37474],[-1.71939,38.36313],[-1.74421,38.38084],[-1.75483,38.37251],[-1.77062,38.37894],[-1.77049,38.36423],[-1.79501,38.36903],[-1.78408,38.35585],[-1.81125,38.35129],[-1.82633,38.33347],[-1.851,38.33337],[-1.90745,38.2977],[-1.98258,38.28118],[-2.04857,38.30569],[-2.06326,38.29749],[-2.08243,38.2657],[-2.11288,38.23768],[-2.16831,38.22641],[-2.21329,38.20205],[-2.26567,38.10884],[-2.32813,38.06837],[-2.3412,38.02587],[-2.35734,38.0225],[-2.42341,38.0337],[-2.43211,38.04333],[-2.48071,38.05311],[-2.5513,38.08409],[-2.47412,38.15578],[-2.46846,38.1728],[-2.44628,38.18519],[-2.44558,38.20494],[-2.45434,38.21549],[-2.4406,38.23265],[-2.44633,38.24459],[-2.4366,38.27213],[-2.44137,38.28563],[-2.48521,38.30026],[-2.47895,38.34881],[-2.49238,38.3713],[-2.4834,38.39786],[-2.55067,38.40312],[-2.57188,38.41413],[-2.57698,38.43429],[-2.5674,38.46066],[-2.57679,38.47732],[-2.56662,38.49047],[-2.5927,38.51082],[-2.6186,38.51256],[-2.67969,38.49692],[-2.7281,38.5119],[-2.76208,38.53275]]]}},{"type":"Feature","id":"03","properties":{"code":"03","name":"Alacant/Alicante","nationalCode":"34100300000"},"geometry":{"type":"MultiPolygon","coordinates":[[[[-0.75213,37.88832],[-0.76233,37.84663],[-0.77073,37.84391],[-0.83711,37.86921],[-0.92119,37.94424],[-0.96575,38.01268],[-1.01751,38.06773],[-1.03034,38.09708],[-1.03675,38.13771],[-0.98887,38.19926],[-0.96765,38.27566],[-0.98899,38.32068],[-1.02822,38.33845],[-1.0843,38.3462],[-1.08776,38.40687],[-1.08537,38.42915],[-1.07721,38.43147],[-1.09412,38.43795],[-1.05937,38.45575],[-1.01396,38.49673],[-1.026,38.52282],[-1.00145,38.57263],[-1.0261,38.65567],[-0.96247,38.65693],[-0.91579,38.69596],[-0.94591,38.73672],[-0.96143,38.77479],[-0.92894,38.78383],[-0.91491,38.78141],[-0.91323,38.76961],[-0.90499,38.76708],[-0.86169,38.77089],[-0.83462,38.73243],[-0.73493,38.75945],[-0.73329,38.7517],[-0.71719,38.75058],[-0.70719,38.73382],[-0.68878,38.74127],[-0.67757,38.72911],[-0.64403,38.72814],[-0.64247,38.70414],[-0.6287,38.68655],[-0.61805,38.68665],[-0.50712,38.74297],[-0.50747,38.75526],[-0.52088,38.75669],[-0.52963,38.76709],[-0.56564,38.75543],[-0.58426,38.76836],[-0.59522,38.7951],[-0.53531,38.81036],[-0.46188,38.80765],[-0.46062,38.81486],[-0.40407,38.83312],[-0.40339,38.83971],[-0.38144,38.8349],[-0.34826,38.86156],[-0.32367,38.86349],[-0.31081,38.88151],[-0.23054,38.85349],[-0.19632,38.85944],[-0.18869,38.87342],[-0.16083,38.88739],[-0.15509,38.86048],[-0.14808,38.85843],[-0.10209,38.87503],[-0.09208,38.87153],[-0.08979,38.87924],[-0.07062,38.88572],[-0.04215,38.85645],[-0.0274,38.8616],[-0.02479,38.87234],[-0.03752,38.88693],[0.01527,38.86379],[0.1258,38.8486],[0.1095,38.84553],[0.19752,38.80405],[0.18464,38.7983],[0.18385,38.78554],[0.20655,38.7617],[0.22477,38.76428],[0.2315,38.73173],[0.204,38.73226],[0.18241,38.72078],[0.15569,38.69804],[0.14861,38.67926],[0.14698,38.68716],[0.13066,38.68701],[0.11517,38.6737],[0.09846,38.67284],[0.07359,38.6447],[0.08397,38.63108],[0.05137,38.64131],[0.03479,38.63607],[0.03055,38.62592],[0.01046,38.63235],[-0.01588,38.62666],[-0.06174,38.58205],[-0.06405,38.57211],[-0.04958,38.56219],[-0.09756,38.52347],[-0.11083,38.53391],[-0.14982,38.53565],[-0.17203,38.51625],[-0.2229,38.5083],[-0.31217,38.47743],[-0.38665,38.43142],[-0.40542,38.39853],[-0.40384,38.35248],[-0.43537,38.35521],[-0.44426,38.36325],[-0.4741,38.34797],[-0.48954,38.32797],[-0.48035,38.34349],[-0.48963,38.33237],[-0.49709,38.33473],[-0.49363,38.3293],[-0.5057,38.33255],[-0.51993,38.29757],[-0.50972,38.20254],[-0.53786,38.187],[-0.59186,38.18911],[-0.61357,38.17433],[-0.63874,38.12953],[-0.65276,38.02539],[-0.64764,37.99999],[-0.6557,37.9832],[-0.68722,37.96426],[-0.68126,37.97517],[-0.69341,37.9727],[-0.68852,37.9667],[-0.69674,37.96947],[-0.70494,37.941],[-0.71774,37.93701],[-0.71982,37.91138],[-0.74097,37.90913],[-0.75213,37.88832]]],[[[-0.7535,37.87162],[-0.75355,37.87201],[-0.7533,37.87212],[-0.7535,37.87162]]],[[[-0.76108,37.84792],[-0.76115,37.84795],[-0.76106,37.84809],[-0.76108,37.84792]]],[[[-0.76118,37.84853],[-0.76126,37.84859],[-0.7612,37.84869],[-0.76118,37.84853]]],[[[-0.76102,37.84879],[-0.76112,37.84883],[-0.76105,37.84895],[-0.76102,37.84879]]],[[[-0.76119,37.84919],[-0.7613,37.84924],[-0.76115,37.84936],[-0.76119,37.84919]]],[[[-0.72086,37.92004],[-0.7211,37.92027],[-0.72074,37.92049],[-0.72086,37.92004]]],[[[-0.72145,37.92093],[-0.72139,37.9215],[-0.72107,37.9215],[-0.72145,37.92093]]],[[[-0.53893,38.18562],[-0.53846,38.18647],[-0.53825,38.18647],[-0.53893,38.18562]]],[[[-0.4768,38.16115],[-0.47646,38.16118],[-0.47674,38.16105],[-0.4768,38.16115]]],[[[-0.45955,38.1613],[-0.45893,38.16136],[-0.45923,38.16098],[-0.45955,38.1613]]],[[[-0.47507,38.16187],[-0.47488,38.1618],[-0.47508,38.16178],[-0.47507,38.16187]]],[[[-0.47531,38.16137],[-0.47488,38.16168],[-0.47412,38.16109],[-0.47531,38.16137]]],[[[-0.46456,38.16286],[-0.4639,38.1625],[-0.46449,38.16253],[-0.46456,38.16286]]],[[[-0.48474,38.16589],[-0.48455,38.16589],[-0.4847,38.16581],[-0.48474,38.16589]]],[[[-0.47199,38.16247],[-0.47221,38.16256],[-0.47203,38.16253],[-0.47199,38.16247]]],[[[-0.47854,38.16667],[-0.46479,38.16295],[-0.48513,38.16682],[-0.47854,38.16667]]],[[[-0.4772,38.1662],[-0.4771,38.16628],[-0.47703,38.16622],[-0.4772,38.1662]]],[[[-0.48664,38.16667],[-0.48716,38.16698],[-0.48536,38.16681],[-0.48664,38.16667]]],[[[0.08627,38.65949],[0.0861,38.65965],[0.08654,38.65986],[0.08627,38.65949]]],[[[0.15583,38.69175],[0.15577,38.69186],[0.15594,38.6919],[0.15583,38.69175]]],[[[0.19771,38.8],[0.19747,38.80003],[0.19751,38.80022],[0.19771,38.8]]],[[[0.23401,38.74241],[0.23378,38.74272],[0.234,38.74291],[0.23401,38.74241]]],[[[0.21838,38.72621],[0.21507,38.72741],[0.21828,38.727],[0.21838,38.72621]]],[[[0.2319,38.73646],[0.23164,38.73671],[0.23187,38.73658],[0.2319,38.73646]]],[[[0.23136,38.75207],[0.2312,38.75227],[0.23169,38.75249],[0.23136,38.75207]]],[[[0.23013,38.75348],[0.22889,38.75684],[0.23157,38.75638],[0.23013,38.75348]]],[[[0.22427,38.76122],[0.22412,38.76146],[0.22464,38.76147],[0.22427,38.76122]]],[[[-0.07267,38.53632],[-0.07341,38.53682],[-0.07157,38.53724],[-0.07267,38.53632]]],[[[-0.01413,38.6239],[-0.01421,38.62407],[-0.01388,38.62411],[-0.01413,38.6239]]],[[[-0.01948,38.61649],[-0.01999,38.61665],[-0.01968,38.61728],[-0.01948,38.61649]]],[[[-0.12954,38.50112],[-0.133,38.50221],[-0.13005,38.50373],[-0.12954,38.50112]]]]}},{"type":"Feature","id":"04","properties":{"code":"04","name":"Almería","nationalCode":"34010400000"},"geometry":{"type":"MultiPolygon","coordinates":[[[[-2.6572,36.69795],[-2.70033,36.683],[-2.76057,36.68032],[-2.81319,36.70589],[-2.84637,36.69527],[-2.85754,36.69858],[-2.89638,36.73693],[-2.92483,36.75161],[-2.97768,36.73833],[-3.02179,36.74735],[-3.01976,36.74068],[-3.03537,36.74769],[-3.12868,36.75087],[-3.14019,36.78779],[-3.02901,36.84444],[-3.04327,36.87912],[-3.06972,36.89964],[-3.07193,36.91929],[-3.05719,36.91154],[-3.03132,36.92459],[-3.02934,36.94753],[-2.9905,36.95818],[-2.97621,36.97812],[-2.98251,37.00597],[-3.00571,37.02334],[-3.02958,37.11325],[-3.01501,37.11328],[-3.00026,37.09498],[-2.94896,37.09655],[-2.94699,37.12221],[-2.93058,37.1398],[-2.92915,37.15657],[-2.8953,37.16705],[-2.88099,37.1871],[-2.87496,37.23146],[-2.84539,37.27922],[-2.81936,37.27833],[-2.81488,37.27089],[-2.779,37.26266],[-2.77821,37.249],[-2.75903,37.22671],[-2.73999,37.22876],[-2.73302,37.23732],[-2.69273,37.21723],[-2.66012,37.21199],[-2.66565,37.28533],[-2.65087,37.31233],[-2.6546,37.34061],[-2.63729,37.34333],[-2.63509,37.36472],[-2.64319,37.37594],[-2.63562,37.39421],[-2.57727,37.42903],[-2.56845,37.44639],[-2.51415,37.47953],[-2.45752,37.49083],[-2.45632,37.50943],[-2.42378,37.51288],[-2.4117,37.52494],[-2.39722,37.51338],[-2.38115,37.52292],[-2.35851,37.52229],[-2.35573,37.54699],[-2.3743,37.55735],[-2.36746,37.56305],[-2.37493,37.57783],[-2.3679,37.59158],[-2.37598,37.61226],[-2.38879,37.61801],[-2.39127,37.63248],[-2.35957,37.62127],[-2.34543,37.62922],[-2.3167,37.62184],[-2.30894,37.63343],[-2.31996,37.64809],[-2.32566,37.68155],[-2.27678,37.77622],[-2.30177,37.80828],[-2.28939,37.83148],[-2.29637,37.86546],[-2.28852,37.88514],[-2.26539,37.88095],[-2.25078,37.89718],[-2.20779,37.91625],[-2.17215,37.88865],[-2.12489,37.90028],[-2.09727,37.8769],[-2.05709,37.88085],[-2.02156,37.8682],[-2.00454,37.8801],[-1.98269,37.87388],[-1.97427,37.86722],[-1.99528,37.84139],[-2.00884,37.77495],[-1.99583,37.72805],[-2.00765,37.71979],[-2.01265,37.7006],[-2.01181,37.67225],[-1.98307,37.63894],[-1.97681,37.61873],[-1.95528,37.60086],[-1.95378,37.58795],[-1.85889,37.47991],[-1.84509,37.45502],[-1.80856,37.43353],[-1.81176,37.45156],[-1.73708,37.44263],[-1.63075,37.37361],[-1.64458,37.37137],[-1.65341,37.35423],[-1.67708,37.35285],[-1.7083,37.30411],[-1.75881,37.26308],[-1.77517,37.23949],[-1.79756,37.22961],[-1.81641,37.17883],[-1.81538,37.18586],[-1.81997,37.1833],[-1.83314,37.11925],[-1.84857,37.09739],[-1.84948,37.06835],[-1.87545,37.03633],[-1.87768,37.01449],[-1.90076,36.98776],[-1.89387,36.97381],[-1.90085,36.9786],[-1.89547,36.94868],[-1.90374,36.93737],[-1.94053,36.93652],[-1.9673,36.89886],[-1.98033,36.90297],[-1.99208,36.89373],[-2.00388,36.88089],[-2.0058,36.86073],[-1.99543,36.85038],[-1.99961,36.84002],[-2.02537,36.83488],[-2.06002,36.80972],[-2.06028,36.77782],[-2.08327,36.76496],[-2.1062,36.76265],[-2.1067,36.75208],[-2.12118,36.74687],[-2.11499,36.73751],[-2.19341,36.7211],[-2.27004,36.80334],[-2.32132,36.83448],[-2.36976,36.84073],[-2.4268,36.81074],[-2.47852,36.83686],[-2.46412,36.82585],[-2.48195,36.83558],[-2.50258,36.82462],[-2.56519,36.81377],[-2.59957,36.77529],[-2.61861,36.72807],[-2.6572,36.69795]]],[[[-3.03529,35.93767],[-3.037,35.93952],[-3.03103,35.94152],[-3.03529,35.93767]]],[[[-3.03027,35.94198],[-3.03017,35.94225],[-3.02996,35.94215],[-3.03027,35.94198]]],[[[-2.00248,36.83639],[-2.00285,36.83672],[-2.00238,36.83666],[-2.00248,36.83639]]],[[[-2.04901,36.81197],[-2.04948,36.81257],[-2.04904,36.81267],[-2.04901,36.81197]]],[[[-2.19382,36.72178],[-2.19389,36.72234],[-2.19357,36.72222],[-2.19382,36.72178]]],[[[-2.17482,36.7223],[-2.17509,36.72263],[-2.17496,36.72267],[-2.17482,36.7223]]],[[[-2.1912,36.72],[-2.19129,36.72013],[-2.19101,36.72022],[-2.1912,36.72]]],[[[-2.19083,36.72025],[-2.19102,36.72059],[-2.19069,36.72088],[-2.19083,36.72025]]],[[[-2.56722,36.81098],[-2.56692,36.8114],[-2.56648,36.81168],[-2.56722,36.81098]]],[[[-1.82033,37.17478],[-1.82031,37.17549],[-1.82014,37.1758],[-1.82033,37.17478]]],[[[-1.81978,37.17766],[-1.81986,37.17813],[-1.81954,37.17873],[-1.81978,37.17766]]],[[[-1.88505,36.99206],[-1.88644,36.99323],[-1.88542,36.99352],[-1.88505,36.99206]]],[[[-1.64891,37.35923],[-1.64896,37.35974],[-1.6479,37.35993],[-1.64891,37.35923]]],[[[-1.6518,37.34683],[-1.65286,37.34755],[-1.65147,37.34754],[-1.6518,37.34683]]],[[[-1.69719,37.32283],[-1.69729,37.323],[-1.69715,37.32304],[-1.69719,37.32283]]],[[[-1.69667,37.32493],[-1.69672,37.32509],[-1.69662,37.32503],[-1.69667,37.32493]]],[[[-1.69797,37.32196],[-1.69796,37.32207],[-1.69784,37.32213],[-1.69797,37.32196]]],[[[-1.69783,37.32182],[-1.69758,37.32241],[-1.69755,37.32201],[-1.69783,37.32182]]],[[[-1.69739,37.32274],[-1.69746,37.32275],[-1.69747,37.32285],[-1.69739,37.32274]]],[[[-1.69865,37.31992],[-1.69851,37.32],[-1.69854,37.31993],[-1.69865,37.31992]]],[[[-1.69853,37.32021],[-1.69866,37.32028],[-1.69835,37.32029],[-1.69853,37.32021]]],[[[-1.69867,37.32074],[-1.69869,37.32081],[-1.69857,37.32083],[-1.69867,37.32074]]],[[[-1.70141,37.31514],[-1.70143,37.31518],[-1.70129,37.3152],[-1.70141,37.31514]]],[[[-1.69973,37.31887],[-1.69959,37.31893],[-1.69959,37.31888],[-1.69973,37.31887]]],[[[-1.69888,37.3193],[-1.69905,37.3194],[-1.69879,37.31939],[-1.69888,37.3193]]],[[[-1.69989,37.31718],[-1.70008,37.31748],[-1.69983,37.31746],[-1.69989,37.31718]]],[[[-1.6996,37.3173],[-1.69972,37.31751],[-1.69951,37.31736],[-1.6996,37.3173]]],[[[-1.69978,37.31779],[-1.69975,37.31789],[-1.69962,37.31785],[-1.69978,37.31779]]],[[[-1.69955,37.31944],[-1.69963,37.3196],[-1.69951,37.31949],[-1.69955,37.31944]]],[[[-1.699,37.32003],[-1.69913,37.32021],[-1.69889,37.3202],[-1.699,37.32003]]],[[[-1.69887,37.32024],[-1.69884,37.32046],[-1.69875,37.32025],[-1.69887,37.32024]]],[[[-1.69898,37.32069],[-1.69905,37.3207],[-1.69903,37.32077],[-1.69898,37.32069]]],[[[-1.69839,37.32163],[-1.6983,37.32187],[-1.69821,37.32175],[-1.69839,37.32163]]],[[[-1.70441,37.31064],[-1.70435,37.31073],[-1.70433,37.31065],[-1.70441,37.31064]]],[[[-1.70431,37.31086],[-1.70431,37.31096],[-1.70412,37.31106],[-1.70431,37.31086]]],[[[-1.704,37.31117],[-1.70406,37.31137],[-1.70397,37.31132],[-1.704,37.31117]]],[[[-1.70321,37.31225],[-1.70323,37.31231],[-1.70311,37.3123],[-1.70321,37.31225]]],[[[-1.70335,37.31231],[-1.70329,37.31237],[-1.70327,37.31231],[-1.70335,37.31231]]],[[[-1.72067,37.2956],[-1.72081,37.2957],[-1.72056,37.29571],[-1.72067,37.2956]]],[[[-1.71933,37.29613],[-1.7194,37.29616],[-1.71934,37.29623],[-1.71933,37.29613]]],[[[-1.72251,37.29163],[-1.72261,37.29172],[-1.72243,37.2917],[-1.72251,37.29163]]],[[[-1.72322,37.29059],[-1.72332,37.29062],[-1.72325,37.29068],[-1.72322,37.29059]]],[[[-1.72334,37.29075],[-1.72317,37.291],[-1.72315,37.29085],[-1.72334,37.29075]]],[[[-1.71839,37.29649],[-1.71856,37.29668],[-1.71824,37.29669],[-1.71839,37.29649]]],[[[-1.71792,37.29709],[-1.71791,37.29716],[-1.71779,37.29716],[-1.71792,37.29709]]],[[[-1.70905,37.30355],[-1.70924,37.30366],[-1.70907,37.30366],[-1.70905,37.30355]]],[[[-1.70764,37.3042],[-1.70758,37.30429],[-1.70754,37.30421],[-1.70764,37.3042]]],[[[-1.70735,37.30464],[-1.70744,37.30465],[-1.7074,37.30472],[-1.70735,37.30464]]],[[[-1.71272,37.29975],[-1.71275,37.30001],[-1.71249,37.30006],[-1.71272,37.29975]]],[[[-1.71335,37.29987],[-1.71339,37.29993],[-1.71327,37.29996],[-1.71335,37.29987]]],[[[-1.71928,37.29624],[-1.7193,37.29632],[-1.71906,37.29642],[-1.71928,37.29624]]],[[[-1.71944,37.29631],[-1.71953,37.29641],[-1.7194,37.29638],[-1.71944,37.29631]]],[[[-1.76507,37.25276],[-1.76515,37.25279],[-1.76497,37.25282],[-1.76507,37.25276]]],[[[-1.72378,37.29005],[-1.72361,37.29016],[-1.72364,37.29006],[-1.72378,37.29005]]],[[[-1.72341,37.29052],[-1.72351,37.29052],[-1.7234,37.29067],[-1.72341,37.29052]]],[[[-1.72404,37.28982],[-1.72398,37.28996],[-1.72393,37.28984],[-1.72404,37.28982]]],[[[-1.72389,37.29017],[-1.72407,37.29029],[-1.72384,37.29047],[-1.72389,37.29017]]],[[[-1.72852,37.28661],[-1.72858,37.28679],[-1.72848,37.28668],[-1.72852,37.28661]]],[[[-1.72529,37.28857],[-1.72545,37.2887],[-1.72531,37.28884],[-1.72529,37.28857]]],[[[-1.72515,37.2893],[-1.72514,37.28946],[-1.72506,37.28933],[-1.72515,37.2893]]],[[[-1.73927,37.27832],[-1.73928,37.27839],[-1.739,37.27845],[-1.73927,37.27832]]],[[[-1.73052,37.28363],[-1.73054,37.28372],[-1.73044,37.28371],[-1.73052,37.28363]]],[[[-1.73209,37.28287],[-1.7322,37.28289],[-1.73198,37.28296],[-1.73209,37.28287]]],[[[-1.73222,37.28295],[-1.73226,37.28307],[-1.73215,37.2831],[-1.73222,37.28295]]],[[[-1.76142,37.25696],[-1.76147,37.25699],[-1.76135,37.25709],[-1.76142,37.25696]]],[[[-1.75072,37.26623],[-1.75072,37.26638],[-1.75058,37.2663],[-1.75072,37.26623]]],[[[-1.74569,37.27143],[-1.74567,37.27149],[-1.74551,37.27153],[-1.74569,37.27143]]],[[[-1.74467,37.27218],[-1.74472,37.27229],[-1.74455,37.27242],[-1.74467,37.27218]]],[[[-1.74149,37.27553],[-1.7414,37.27568],[-1.74136,37.27554],[-1.74149,37.27553]]],[[[-1.74162,37.2758],[-1.74161,37.27587],[-1.74151,37.27584],[-1.74162,37.2758]]],[[[-1.73992,37.2779],[-1.74001,37.2779],[-1.74001,37.27796],[-1.73992,37.2779]]],[[[-1.76458,37.2532],[-1.76468,37.25321],[-1.7645,37.25332],[-1.76458,37.2532]]],[[[-1.76389,37.25376],[-1.76394,37.25381],[-1.76368,37.25396],[-1.76389,37.25376]]],[[[-1.76399,37.25395],[-1.76399,37.25405],[-1.76363,37.25422],[-1.76399,37.25395]]],[[[-1.7631,37.2547],[-1.76306,37.25482],[-1.76296,37.2548],[-1.7631,37.2547]]],[[[-1.76319,37.25479],[-1.7633,37.25479],[-1.76314,37.25494],[-1.76319,37.25479]]],[[[-1.76951,37.2476],[-1.76963,37.24771],[-1.76953,37.24772],[-1.76951,37.2476]]],[[[-1.773,37.24477],[-1.77299,37.24496],[-1.77275,37.24503],[-1.773,37.24477]]],[[[-1.77293,37.24519],[-1.77314,37.24526],[-1.77305,37.24531],[-1.77293,37.24519]]],[[[-1.77436,37.24331],[-1.77437,37.24339],[-1.7743,37.24339],[-1.77436,37.24331]]],[[[-1.77352,37.24425],[-1.77354,37.24438],[-1.77323,37.24442],[-1.77352,37.24425]]],[[[-1.77376,37.24358],[-1.77394,37.24374],[-1.7737,37.24376],[-1.77376,37.24358]]],[[[-1.77404,37.24379],[-1.77392,37.24393],[-1.77387,37.24386],[-1.77404,37.24379]]],[[[-1.77332,37.2454],[-1.77334,37.2455],[-1.77324,37.24544],[-1.77332,37.2454]]],[[[-1.77339,37.2445],[-1.77324,37.24468],[-1.77315,37.24453],[-1.77339,37.2445]]],[[[-1.7733,37.24506],[-1.7735,37.24529],[-1.77328,37.24535],[-1.7733,37.24506]]],[[[-1.76907,37.2492],[-1.76913,37.24922],[-1.76893,37.24941],[-1.76907,37.2492]]],[[[-1.76581,37.25154],[-1.76596,37.25171],[-1.7657,37.25172],[-1.76581,37.25154]]],[[[-1.76536,37.2518],[-1.76537,37.25191],[-1.76517,37.25189],[-1.76536,37.2518]]],[[[-1.76573,37.25189],[-1.76588,37.25193],[-1.76569,37.25196],[-1.76573,37.25189]]],[[[-1.7697,37.24842],[-1.76976,37.2485],[-1.76969,37.24856],[-1.7697,37.24842]]],[[[-1.76944,37.24853],[-1.76952,37.24864],[-1.76933,37.24872],[-1.76944,37.24853]]],[[[-1.76523,37.25224],[-1.76517,37.25232],[-1.76512,37.25227],[-1.76523,37.25224]]]]}},{"type":"Feature","id":"05","properties":{"code":"05","name":"Ávila","nationalCode":"34070500000"},"geometry":{"type":"Polygon","coordinates":[[[-4.46132,40.33979],[-4.45381,40.33309],[-4.45576,40.31935],[-4.50265,40.31487],[-4.52679,40.34487],[-4.54623,40.34183],[-4.52938,40.29312],[-4.55541,40.27685],[-4.55665,40.26437],[-4.56954,40.25728],[-4.56091,40.22279],[-4.61675,40.2],[-4.6543,40.19805],[-4.68645,40.21076],[-4.68657,40.23578],[-4.69368,40.24107],[-4.6872,40.24961],[-4.70289,40.26138],[-4.69415,40.26639],[-4.69814,40.28219],[-4.7286,40.27052],[-4.74263,40.27528],[-4.76159,40.2609],[-4.80347,40.27527],[-4.81825,40.25477],[-4.80767,40.23532],[-4.82214,40.22991],[-4.82106,40.22302],[-4.83541,40.2125],[-4.86393,40.20451],[-4.87835,40.19029],[-4.92468,40.16998],[-4.91796,40.15378],[-4.92545,40.13604],[-4.95629,40.13335],[-4.95455,40.12113],[-5.01334,40.11106],[-5.00667,40.12994],[-5.01854,40.15905],[-5.02705,40.15838],[-5.06813,40.15029],[-5.08777,40.12432],[-5.10113,40.12723],[-5.14141,40.09175],[-5.19979,40.08245],[-5.2114,40.09169],[-5.21531,40.10785],[-5.31406,40.10692],[-5.33598,40.11582],[-5.368,40.16411],[-5.3641,40.20262],[-5.36967,40.21831],[-5.35875,40.22728],[-5.34441,40.26476],[-5.39565,40.2503],[-5.4291,40.25261],[-5.43977,40.23363],[-5.46807,40.22415],[-5.47091,40.20785],[-5.53096,40.19472],[-5.61004,40.21548],[-5.61891,40.22386],[-5.61369,40.23328],[-5.622,40.24588],[-5.6492,40.24972],[-5.66,40.25777],[-5.6567,40.2704],[-5.69266,40.29211],[-5.73756,40.29412],[-5.71432,40.32531],[-5.67303,40.34853],[-5.68636,40.35537],[-5.68701,40.37571],[-5.67844,40.38702],[-5.69119,40.42199],[-5.65656,40.4368],[-5.63417,40.46045],[-5.56092,40.4771],[-5.55994,40.46282],[-5.5746,40.44425],[-5.54475,40.4231],[-5.52593,40.42236],[-5.51147,40.42629],[-5.51063,40.44206],[-5.52026,40.44788],[-5.50983,40.46366],[-5.48256,40.45668],[-5.46555,40.46591],[-5.46195,40.49119],[-5.45236,40.49409],[-5.44699,40.52002],[-5.43345,40.53297],[-5.42851,40.56447],[-5.48158,40.55672],[-5.52469,40.54073],[-5.52918,40.55233],[-5.51629,40.5678],[-5.51622,40.58538],[-5.50086,40.59735],[-5.49966,40.58159],[-5.44765,40.57959],[-5.41937,40.6079],[-5.38295,40.62076],[-5.37317,40.63881],[-5.37842,40.64549],[-5.36589,40.64877],[-5.38581,40.66334],[-5.38546,40.67145],[-5.33716,40.68927],[-5.32875,40.70542],[-5.29284,40.71027],[-5.24994,40.74288],[-5.21444,40.75783],[-5.21899,40.77297],[-5.18441,40.78869],[-5.17763,40.80527],[-5.16151,40.814],[-5.15747,40.82411],[-5.16896,40.83999],[-5.16381,40.86838],[-5.13005,40.90032],[-5.11504,40.90281],[-5.11127,40.91556],[-5.1276,40.95412],[-5.10484,40.96025],[-5.09647,40.97848],[-5.09964,40.98957],[-5.08984,40.99663],[-5.10661,41.0295],[-5.14654,41.04364],[-5.15299,41.06374],[-5.14859,41.09215],[-5.12917,41.10538],[-5.12404,41.1356],[-5.11144,41.13501],[-5.10013,41.1471],[-5.05986,41.13862],[-5.02178,41.15355],[-5.01386,41.16425],[-4.96761,41.1523],[-4.96297,41.14011],[-4.95081,41.14071],[-4.86368,41.09402],[-4.85556,41.10073],[-4.81497,41.10345],[-4.81352,41.12938],[-4.78619,41.14356],[-4.7221,41.14932],[-4.71672,41.13264],[-4.72456,41.12266],[-4.71003,41.09927],[-4.71789,41.09],[-4.70715,41.08878],[-4.71651,41.07159],[-4.71272,41.0621],[-4.70325,41.05243],[-4.68014,41.05092],[-4.63829,41.03131],[-4.61725,41.00365],[-4.60675,40.9708],[-4.56635,40.9562],[-4.55245,40.90746],[-4.55956,40.88585],[-4.53531,40.87237],[-4.53157,40.85864],[-4.54986,40.85335],[-4.55671,40.83633],[-4.54639,40.82555],[-4.49377,40.83352],[-4.47318,40.80005],[-4.48156,40.78837],[-4.47265,40.78278],[-4.47384,40.77465],[-4.43113,40.74238],[-4.42689,40.72962],[-4.43468,40.70617],[-4.42211,40.67526],[-4.41962,40.63343],[-4.33263,40.63713],[-4.32814,40.64726],[-4.25604,40.65146],[-4.25388,40.66189],[-4.27399,40.67994],[-4.2529,40.68953],[-4.18331,40.69805],[-4.16023,40.68982],[-4.17352,40.67398],[-4.16657,40.65266],[-4.17285,40.63036],[-4.16118,40.62346],[-4.24544,40.60245],[-4.26214,40.60518],[-4.2711,40.62902],[-4.29071,40.62782],[-4.29006,40.60768],[-4.27857,40.60317],[-4.28926,40.56419],[-4.3237,40.54958],[-4.32822,40.53376],[-4.32013,40.5306],[-4.32737,40.50723],[-4.31568,40.46477],[-4.32524,40.4601],[-4.3197,40.45198],[-4.33223,40.44877],[-4.34125,40.42868],[-4.3235,40.42346],[-4.32109,40.41031],[-4.41554,40.4096],[-4.44373,40.3857],[-4.43943,40.35076],[-4.46132,40.33979]]]}},{"type":"Feature","id":"06","properties":{"code":"06","name":"Badajoz","nationalCode":"34110600000"},"geometry":{"type":"Polygon","coordinates":[[[-6.92477,38.20528],[-6.93814,38.20716],[-6.93647,38.22052],[-6.94644,38.21188],[-6.95674,38.21683],[-6.97185,38.20236],[-6.98322,38.21123],[-7.01121,38.20455],[-7.01007,38.19636],[-7.02857,38.18264],[-7.04324,38.18726],[-7.05914,38.17771],[-7.0566,38.18588],[-7.06639,38.18657],[-7.06676,38.17869],[-7.08561,38.16939],[-7.10786,38.18806],[-7.11735,38.21388],[-7.14287,38.24048],[-7.15056,38.27574],[-7.16961,38.27927],[-7.20177,38.32856],[-7.27093,38.39499],[-7.28053,38.42035],[-7.31655,38.43981],[-7.33596,38.43516],[-7.31527,38.44929],[-7.31414,38.46066],[-7.29558,38.47777],[-7.30111,38.48371],[-7.31352,38.47477],[-7.32262,38.47823],[-7.31396,38.51377],[-7.30207,38.52716],[-7.30304,38.54491],[-7.28523,38.57468],[-7.26374,38.58841],[-7.25712,38.612],[-7.24413,38.62363],[-7.26498,38.62853],[-7.26969,38.63879],[-7.26679,38.69009],[-7.2553,38.72589],[-7.20338,38.75054],[-7.19252,38.76763],[-7.16089,38.78075],[-7.12855,38.81385],[-7.08917,38.81887],[-7.06832,38.85382],[-7.03934,38.86478],[-7.03314,38.87918],[-7.05204,38.90716],[-7.02692,38.92396],[-6.95132,39.024],[-6.96788,39.03982],[-6.96242,39.06104],[-6.99587,39.09926],[-7.0391,39.11838],[-7.1058,39.09932],[-7.14381,39.10925],[-7.14952,39.12241],[-7.1361,39.14509],[-7.13459,39.1711],[-7.20811,39.18732],[-7.24135,39.20854],[-7.24778,39.25395],[-7.2314,39.27836],[-7.20386,39.2657],[-7.1552,39.31445],[-7.15542,39.32966],[-7.16851,39.32015],[-7.17783,39.33122],[-7.1543,39.36751],[-7.11887,39.38366],[-7.07388,39.38122],[-7.06297,39.37227],[-7.07912,39.35141],[-7.09859,39.35912],[-7.1021,39.34637],[-7.08285,39.33557],[-7.07717,39.31018],[-7.04413,39.32693],[-7.04802,39.33351],[-7.02983,39.3515],[-7.03261,39.36764],[-7.00927,39.38848],[-7.06703,39.4143],[-7.04938,39.43667],[-6.99538,39.42457],[-6.94681,39.40077],[-6.88322,39.38276],[-6.80207,39.3895],[-6.79098,39.36836],[-6.79701,39.34451],[-6.74675,39.32175],[-6.76118,39.27661],[-6.80086,39.23942],[-6.79293,39.21186],[-6.7675,39.18837],[-6.75064,39.19404],[-6.681,39.17715],[-6.65974,39.19907],[-6.63337,39.19684],[-6.5801,39.1798],[-6.5844,39.17111],[-6.5741,39.16769],[-6.57425,39.15836],[-6.53994,39.15526],[-6.54036,39.1817],[-6.49112,39.16792],[-6.43869,39.17584],[-6.4151,39.16577],[-6.37169,39.16235],[-6.35319,39.17917],[-6.32417,39.18657],[-6.3077,39.14726],[-6.31197,39.11104],[-6.29485,39.0978],[-6.23091,39.08974],[-6.20293,39.05708],[-6.15885,39.05593],[-6.14217,39.03149],[-6.07865,39.09373],[-6.0186,39.12912],[-6.00931,39.05253],[-5.98169,39.06887],[-5.94229,39.10851],[-5.92666,39.10464],[-5.92554,39.09385],[-5.93764,39.08379],[-5.9247,39.08318],[-5.87208,39.10428],[-5.83345,39.11033],[-5.81643,39.11975],[-5.81925,39.12986],[-5.81037,39.14458],[-5.75518,39.1323],[-5.68705,39.08206],[-5.67062,39.08096],[-5.64594,39.10232],[-5.6044,39.10039],[-5.58362,39.11811],[-5.60197,39.1285],[-5.60087,39.13435],[-5.58279,39.1395],[-5.57656,39.15091],[-5.61324,39.18822],[-5.55101,39.21588],[-5.52814,39.19147],[-5.51458,39.20971],[-5.50111,39.18838],[-5.45984,39.15837],[-5.4286,39.16254],[-5.41267,39.15696],[-5.38402,39.17419],[-5.36726,39.21296],[-5.34905,39.23356],[-5.35538,39.26779],[-5.3399,39.33355],[-5.28309,39.31952],[-5.24762,39.30182],[-5.15343,39.3197],[-5.12355,39.3365],[-5.11186,39.35751],[-5.11358,39.38747],[-5.08987,39.39036],[-5.05383,39.36243],[-5.0196,39.36829],[-5.00888,39.37827],[-4.98464,39.37161],[-4.96909,39.38334],[-4.97403,39.39468],[-4.93647,39.3961],[-4.902,39.3745],[-4.87093,39.36831],[-4.86071,39.37974],[-4.84555,39.37921],[-4.81043,39.39657],[-4.77461,39.39719],[-4.75489,39.41642],[-4.69028,39.45179],[-4.66896,39.42393],[-4.70426,39.36444],[-4.70708,39.32798],[-4.7611,39.32072],[-4.73368,39.25254],[-4.71355,39.24432],[-4.70823,39.20987],[-4.66516,39.18612],[-4.64897,39.1649],[-4.74255,39.19452],[-4.77364,39.1895],[-4.81027,39.19942],[-4.83222,39.17508],[-4.83156,39.16423],[-4.85317,39.15244],[-4.85687,39.12328],[-4.8744,39.10043],[-4.85842,39.07683],[-4.82694,39.06412],[-4.83279,39.04616],[-4.84917,39.0455],[-4.86099,39.03178],[-4.87999,39.03242],[-4.93513,39.05642],[-4.9625,39.05873],[-4.93367,38.97558],[-4.91822,38.95704],[-4.90507,38.96331],[-4.88169,38.94922],[-4.83241,38.93891],[-4.84732,38.8824],[-4.91494,38.88744],[-4.94348,38.85438],[-4.96124,38.78845],[-4.98999,38.73976],[-5.03883,38.73331],[-5.09919,38.70765],[-5.119,38.71614],[-5.16661,38.71167],[-5.1845,38.7197],[-5.16732,38.68047],[-5.18576,38.67417],[-5.17907,38.66573],[-5.18423,38.65973],[-5.19688,38.6673],[-5.19998,38.65657],[-5.20848,38.6677],[-5.21475,38.64857],[-5.22378,38.65671],[-5.22291,38.64835],[-5.23912,38.63675],[-5.24746,38.63984],[-5.2447,38.63233],[-5.254,38.63319],[-5.25443,38.62572],[-5.29224,38.61081],[-5.31023,38.59358],[-5.30851,38.57762],[-5.37175,38.58357],[-5.37569,38.56826],[-5.38981,38.56217],[-5.38358,38.55595],[-5.39272,38.55348],[-5.38317,38.54048],[-5.40693,38.5437],[-5.40343,38.53628],[-5.41603,38.53021],[-5.40943,38.52124],[-5.41862,38.51273],[-5.42781,38.51464],[-5.43464,38.50439],[-5.47952,38.48425],[-5.4846,38.46295],[-5.49171,38.46637],[-5.50503,38.45682],[-5.51972,38.46329],[-5.56814,38.43339],[-5.58449,38.40028],[-5.58507,38.38584],[-5.55925,38.36688],[-5.56691,38.36255],[-5.57565,38.32911],[-5.55553,38.31773],[-5.5444,38.28233],[-5.52596,38.26412],[-5.52038,38.20844],[-5.53871,38.2006],[-5.53967,38.16069],[-5.55068,38.16055],[-5.5601,38.14856],[-5.57586,38.14964],[-5.58479,38.13171],[-5.6325,38.13856],[-5.69363,38.08374],[-5.71043,38.08105],[-5.7349,38.08626],[-5.74074,38.12654],[-5.736,38.13535],[-5.71541,38.13383],[-5.69471,38.15035],[-5.70579,38.16938],[-5.69501,38.17109],[-5.68424,38.15706],[-5.68861,38.18188],[-5.69895,38.18092],[-5.69473,38.18652],[-5.7135,38.18585],[-5.72816,38.19742],[-5.75728,38.18056],[-5.7817,38.18588],[-5.79943,38.17458],[-5.85152,38.17191],[-5.85624,38.16166],[-5.87738,38.15572],[-5.88066,38.13228],[-5.91252,38.12297],[-5.92638,38.10501],[-5.9293,38.08921],[-5.91081,38.0782],[-5.90898,38.06285],[-5.91928,38.0498],[-5.93422,38.04687],[-5.93276,38.03077],[-5.95369,37.99535],[-5.9935,37.99955],[-6.0171,37.99112],[-6.04695,37.99734],[-6.07785,37.98463],[-6.11531,37.98177],[-6.16782,37.95582],[-6.18024,37.94103],[-6.19599,37.94874],[-6.20152,37.96206],[-6.23401,37.95802],[-6.25258,37.97159],[-6.30363,37.97834],[-6.35271,38.0074],[-6.36725,38.04892],[-6.39011,38.04843],[-6.4139,38.05856],[-6.45244,38.05596],[-6.44361,38.04696],[-6.46962,38.03112],[-6.4726,38.01646],[-6.46532,38.01121],[-6.47656,38.00783],[-6.49174,38.00947],[-6.49504,38.01913],[-6.54569,38.02812],[-6.58358,38.02128],[-6.58053,38.05277],[-6.6221,38.09701],[-6.64206,38.09753],[-6.6493,38.09002],[-6.65303,38.09648],[-6.68867,38.10023],[-6.71504,38.09249],[-6.71975,38.10062],[-6.72939,38.0995],[-6.73199,38.09005],[-6.75822,38.09271],[-6.77009,38.09946],[-6.76493,38.106],[-6.77364,38.10467],[-6.77005,38.11211],[-6.80782,38.11111],[-6.81581,38.12014],[-6.79954,38.1438],[-6.79509,38.17854],[-6.84843,38.17724],[-6.92477,38.20528]]]}},{"type":"Feature","id":"07","properties":{"code":"07","name":"Illes Balears","nationalCode":"34040700000"},"geometry":{"type":"MultiPolygon","coordinates":[[[[3.02951,39.28978],[3.00301,39.31725],[2.98601,39.31595],[2.9908,39.33677],[2.95753,39.36258],[2.92886,39.36416],[2.91351,39.35242],[2.88194,39.36616],[2.83489,39.36097],[2.8361,39.3659],[2.82905,39.35614],[2.80553,39.36717],[2.78734,39.36306],[2.74203,39.40624],[2.74731,39.44147],[2.722,39.47572],[2.74681,39.50258],[2.75116,39.49944],[2.74894,39.50977],[2.72636,39.53111],[2.71106,39.53366],[2.66953,39.56246],[2.64534,39.56569],[2.63447,39.55913],[2.64413,39.56705],[2.63271,39.56843],[2.6245,39.55455],[2.63245,39.55288],[2.61991,39.54956],[2.63218,39.54561],[2.63944,39.55262],[2.63246,39.5452],[2.60107,39.55112],[2.59031,39.53106],[2.54104,39.52483],[2.53746,39.51703],[2.54722,39.51114],[2.53385,39.50454],[2.53654,39.48788],[2.52077,39.47626],[2.52174,39.4566],[2.50023,39.46173],[2.49029,39.47284],[2.47608,39.46626],[2.47915,39.49194],[2.46764,39.4905],[2.45618,39.50477],[2.47955,39.5178],[2.46687,39.51888],[2.45158,39.53687],[2.41944,39.52289],[2.42362,39.53683],[2.41366,39.53901],[2.38761,39.52088],[2.38813,39.53392],[2.36388,39.53147],[2.39051,39.54621],[2.37216,39.5443],[2.34653,39.56456],[2.35442,39.57667],[2.34593,39.58391],[2.347,39.59484],[2.36898,39.61413],[2.39542,39.6177],[2.42191,39.62997],[2.42312,39.63867],[2.46222,39.65201],[2.52774,39.70149],[2.55544,39.70008],[2.58571,39.7164],[2.62286,39.74793],[2.61983,39.75595],[2.62766,39.75327],[2.63575,39.7653],[2.64141,39.76023],[2.6632,39.7724],[2.66943,39.79222],[2.67992,39.79853],[2.69436,39.79127],[2.68911,39.79794],[2.69946,39.81085],[2.74201,39.83297],[2.75501,39.82896],[2.7671,39.84294],[2.7756,39.83985],[2.77837,39.85559],[2.80015,39.85116],[2.80447,39.86236],[2.82486,39.85665],[2.83811,39.86528],[2.84501,39.86174],[2.85366,39.87439],[2.87494,39.878],[2.90223,39.89749],[2.93588,39.90408],[2.95036,39.92008],[2.98266,39.90825],[3.00111,39.92347],[3.04208,39.93775],[3.03771,39.93022],[3.06108,39.93258],[3.05539,39.92206],[3.0603,39.91984],[3.09562,39.93589],[3.10163,39.93524],[3.09746,39.92787],[3.1205,39.93138],[3.16567,39.95992],[3.17978,39.96116],[3.17313,39.95209],[3.17958,39.95107],[3.21359,39.96251],[3.20225,39.94383],[3.18053,39.94059],[3.1544,39.92322],[3.13133,39.92687],[3.12735,39.91681],[3.1098,39.91123],[3.11079,39.89927],[3.09147,39.91113],[3.08004,39.90227],[3.08379,39.87548],[3.10564,39.85765],[3.13177,39.86933],[3.14499,39.86549],[3.19036,39.89242],[3.20446,39.88881],[3.18825,39.88162],[3.18659,39.86325],[3.19721,39.86186],[3.17854,39.84058],[3.14078,39.83193],[3.13096,39.84099],[3.12077,39.83209],[3.11795,39.8102],[3.13507,39.78267],[3.17798,39.75609],[3.25259,39.72937],[3.32891,39.7598],[3.33508,39.7841],[3.34812,39.78937],[3.37393,39.76841],[3.40402,39.764],[3.43219,39.7451],[3.46132,39.7481],[3.45269,39.72249],[3.47853,39.71521],[3.45671,39.70551],[3.45594,39.6563],[3.44101,39.65648],[3.43629,39.63427],[3.40926,39.63766],[3.39689,39.62831],[3.38502,39.5928],[3.40407,39.57944],[3.37942,39.57607],[3.36832,39.55092],[3.34072,39.53776],[3.33186,39.54044],[3.34032,39.53488],[3.31761,39.52372],[3.29184,39.49429],[3.29434,39.48705],[3.28729,39.4863],[3.29123,39.48093],[3.27965,39.46675],[3.27486,39.41593],[3.26711,39.42784],[3.26096,39.42403],[3.25891,39.41601],[3.26813,39.41575],[3.25667,39.41027],[3.26348,39.40925],[3.24769,39.39321],[3.25271,39.39202],[3.24441,39.37744],[3.23932,39.37946],[3.2372,39.36939],[3.22213,39.37287],[3.2347,39.36758],[3.23219,39.3616],[3.22005,39.35691],[3.21101,39.36475],[3.20931,39.35558],[3.21532,39.35493],[3.188,39.35194],[3.18915,39.33796],[3.17704,39.32929],[3.16933,39.33349],[3.17105,39.32653],[3.1464,39.32997],[3.06876,39.26672],[3.05012,39.2656],[3.02951,39.28978]]],[[[1.47907,38.71071],[1.47908,38.7109],[1.47919,38.71076],[1.47907,38.71071]]],[[[1.42249,38.6635],[1.42246,38.66369],[1.42259,38.66357],[1.42249,38.6635]]],[[[1.43622,38.67857],[1.4361,38.67862],[1.43653,38.6787],[1.43622,38.67857]]],[[[1.47874,38.71177],[1.47874,38.71188],[1.47886,38.71185],[1.47874,38.71177]]],[[[1.38495,38.71333],[1.38482,38.71341],[1.385,38.7134],[1.38495,38.71333]]],[[[1.45999,38.72433],[1.4595,38.72444],[1.45937,38.72481],[1.45999,38.72433]]],[[[1.45933,38.72508],[1.45928,38.72521],[1.45943,38.72519],[1.45933,38.72508]]],[[[1.45966,38.72587],[1.45956,38.72596],[1.45972,38.72593],[1.45966,38.72587]]],[[[1.392,38.72672],[1.39193,38.72674],[1.39195,38.72683],[1.392,38.72672]]],[[[1.45626,38.7261],[1.45603,38.72649],[1.45728,38.72622],[1.45626,38.7261]]],[[[1.45889,38.72625],[1.45851,38.72637],[1.45891,38.72635],[1.45889,38.72625]]],[[[1.45681,38.72818],[1.45667,38.72825],[1.45707,38.7283],[1.45681,38.72818]]],[[[1.45676,38.7284],[1.45674,38.72861],[1.45693,38.72861],[1.45676,38.7284]]],[[[1.45302,38.73017],[1.4527,38.73093],[1.45329,38.73034],[1.45302,38.73017]]],[[[1.45244,38.73117],[1.45231,38.7314],[1.45246,38.73141],[1.45244,38.73117]]],[[[1.43196,38.77185],[1.43187,38.77192],[1.43208,38.77192],[1.43196,38.77185]]],[[[1.42716,38.77606],[1.42558,38.7769],[1.42681,38.77677],[1.42716,38.77606]]],[[[1.42787,38.77599],[1.42776,38.77603],[1.42788,38.77606],[1.42787,38.77599]]],[[[1.4277,38.77619],[1.42761,38.77627],[1.42772,38.77629],[1.4277,38.77619]]],[[[1.42857,38.7753],[1.42846,38.77557],[1.4286,38.77546],[1.42857,38.7753]]],[[[1.42785,38.77544],[1.42789,38.77576],[1.42799,38.77556],[1.42785,38.77544]]],[[[1.42742,38.77579],[1.42729,38.77589],[1.42743,38.77589],[1.42742,38.77579]]],[[[1.41613,38.77349],[1.4174,38.77488],[1.41731,38.77384],[1.41613,38.77349]]],[[[1.42966,38.77489],[1.42963,38.77499],[1.4298,38.77496],[1.42966,38.77489]]],[[[1.38855,38.64039],[1.38057,38.69264],[1.39035,38.69946],[1.38027,38.71931],[1.39658,38.73548],[1.40163,38.7279],[1.41208,38.73098],[1.40717,38.72197],[1.41925,38.72251],[1.41211,38.73172],[1.42853,38.73815],[1.43327,38.77165],[1.44676,38.73292],[1.46373,38.72254],[1.47266,38.72813],[1.47773,38.7024],[1.4957,38.68875],[1.53029,38.67281],[1.56906,38.69162],[1.58472,38.66978],[1.57259,38.65099],[1.53369,38.65173],[1.48003,38.68075],[1.44705,38.68497],[1.43015,38.66547],[1.38855,38.64039]]],[[[1.45018,38.73166],[1.45006,38.73176],[1.45026,38.73177],[1.45018,38.73166]]],[[[1.43142,38.75004],[1.43099,38.75021],[1.43128,38.7503],[1.43142,38.75004]]],[[[1.43097,38.75087],[1.43065,38.75132],[1.43151,38.75141],[1.43097,38.75087]]],[[[1.4309,38.75326],[1.43002,38.75371],[1.43027,38.75467],[1.4309,38.75326]]],[[[1.43001,38.75539],[1.42988,38.75561],[1.43051,38.75566],[1.43001,38.75539]]],[[[1.43222,38.77152],[1.43204,38.77157],[1.43224,38.77163],[1.43222,38.77152]]],[[[1.42337,38.79775],[1.42327,38.79788],[1.4234,38.79788],[1.42337,38.79775]]],[[[1.41974,38.80559],[1.41957,38.80569],[1.41975,38.80569],[1.41974,38.80559]]],[[[1.47787,38.80698],[1.47784,38.80708],[1.478,38.80708],[1.47787,38.80698]]],[[[1.40801,38.81059],[1.40801,38.81076],[1.4081,38.81067],[1.40801,38.81059]]],[[[1.41146,38.8138],[1.40981,38.81871],[1.41173,38.81694],[1.41146,38.8138]]],[[[1.40402,38.81565],[1.40239,38.81585],[1.40452,38.81691],[1.40402,38.81565]]],[[[1.40486,38.81377],[1.40283,38.8142],[1.4039,38.81454],[1.40486,38.81377]]],[[[1.42369,38.79824],[1.42125,38.79893],[1.42239,38.79962],[1.42369,38.79824]]],[[[1.40179,38.82501],[1.40159,38.82522],[1.40179,38.8252],[1.40179,38.82501]]],[[[1.40776,38.82612],[1.4079,38.82649],[1.40816,38.82639],[1.40776,38.82612]]],[[[1.40748,38.82657],[1.40707,38.82677],[1.40752,38.82717],[1.40748,38.82657]]],[[[1.37095,38.82865],[1.37129,38.82912],[1.37119,38.82883],[1.37095,38.82865]]],[[[1.3707,38.8296],[1.37067,38.82982],[1.37084,38.82965],[1.3707,38.8296]]],[[[1.43211,38.77394],[1.42649,38.78206],[1.41937,38.7793],[1.42187,38.79736],[1.43211,38.77394]]],[[[1.48481,38.78624],[1.48454,38.78664],[1.48495,38.7864],[1.48481,38.78624]]],[[[1.4806,38.78775],[1.48066,38.78793],[1.48077,38.78789],[1.4806,38.78775]]],[[[1.48414,38.78686],[1.48136,38.78772],[1.48342,38.78755],[1.48414,38.78686]]],[[[1.41918,38.79144],[1.41688,38.79493],[1.42009,38.79256],[1.41918,38.79144]]],[[[1.424,38.79717],[1.42347,38.79745],[1.4238,38.79752],[1.424,38.79717]]],[[[1.48142,38.78814],[1.48143,38.78829],[1.4815,38.78823],[1.48142,38.78814]]],[[[1.48025,38.78797],[1.4741,38.7974],[1.47777,38.80505],[1.48025,38.78797]]],[[[1.19792,38.87087],[1.19797,38.87096],[1.19813,38.8709],[1.19792,38.87087]]],[[[1.19534,38.87098],[1.1956,38.87146],[1.19689,38.87201],[1.19534,38.87098]]],[[[1.45417,38.88831],[1.45393,38.88848],[1.45409,38.88855],[1.45417,38.88831]]],[[[1.45143,38.89007],[1.45168,38.89036],[1.45193,38.89029],[1.45143,38.89007]]],[[[1.21869,38.88954],[1.21843,38.89014],[1.21918,38.89007],[1.21869,38.88954]]],[[[1.22246,38.8799],[1.22244,38.88002],[1.2225,38.88003],[1.22246,38.8799]]],[[[1.43468,38.88354],[1.43402,38.88395],[1.43463,38.88441],[1.43468,38.88354]]],[[[1.43532,38.88497],[1.43524,38.88507],[1.43533,38.88508],[1.43532,38.88497]]],[[[1.4385,38.88875],[1.43848,38.88889],[1.43863,38.88889],[1.4385,38.88875]]],[[[1.43857,38.88757],[1.43799,38.88805],[1.43887,38.88869],[1.43857,38.88757]]],[[[1.43582,38.88497],[1.43607,38.88522],[1.43615,38.88502],[1.43582,38.88497]]],[[[1.4352,38.88515],[1.435,38.88543],[1.4355,38.88543],[1.4352,38.88515]]],[[[1.43816,38.88887],[1.43827,38.889],[1.4384,38.88896],[1.43816,38.88887]]],[[[1.40587,38.87147],[1.40658,38.872],[1.40655,38.87156],[1.40587,38.87147]]],[[[1.26282,38.87205],[1.2628,38.87214],[1.26288,38.8721],[1.26282,38.87205]]],[[[1.26192,38.87205],[1.26188,38.87223],[1.26196,38.87224],[1.26192,38.87205]]],[[[1.26237,38.87214],[1.26231,38.8722],[1.26244,38.87222],[1.26237,38.87214]]],[[[1.26218,38.87215],[1.26216,38.87226],[1.26226,38.87222],[1.26218,38.87215]]],[[[1.26254,38.8722],[1.26258,38.87235],[1.26264,38.8723],[1.26254,38.8722]]],[[[1.42627,38.87362],[1.42641,38.87393],[1.427,38.87386],[1.42627,38.87362]]],[[[1.22584,38.87514],[1.2258,38.87517],[1.22587,38.87521],[1.22584,38.87514]]],[[[1.29164,38.87548],[1.29156,38.87566],[1.29172,38.87564],[1.29164,38.87548]]],[[[1.28488,38.87612],[1.28483,38.87621],[1.28493,38.87622],[1.28488,38.87612]]],[[[1.28576,38.87623],[1.28566,38.87631],[1.2858,38.87638],[1.28576,38.87623]]],[[[1.27966,38.87811],[1.2796,38.87825],[1.27971,38.8782],[1.27966,38.87811]]],[[[1.22247,38.8797],[1.22244,38.87979],[1.22253,38.8798],[1.22247,38.8797]]],[[[1.23558,38.87231],[1.23552,38.87234],[1.23555,38.87241],[1.23558,38.87231]]],[[[1.26248,38.87232],[1.26243,38.87239],[1.26252,38.87238],[1.26248,38.87232]]],[[[1.26281,38.87237],[1.26282,38.87246],[1.26289,38.87246],[1.26281,38.87237]]],[[[1.22495,38.87091],[1.22486,38.87097],[1.22498,38.87111],[1.22495,38.87091]]],[[[1.23614,38.87154],[1.23604,38.87162],[1.23615,38.87164],[1.23614,38.87154]]],[[[1.22511,38.87111],[1.22508,38.87114],[1.22516,38.87116],[1.22511,38.87111]]],[[[1.4054,38.83011],[1.40527,38.83079],[1.40606,38.83045],[1.4054,38.83011]]],[[[1.3693,38.83427],[1.36907,38.83438],[1.36957,38.83447],[1.3693,38.83427]]],[[[1.32111,38.85925],[1.32109,38.85931],[1.32118,38.85934],[1.32111,38.85925]]],[[[1.32125,38.85987],[1.32115,38.86],[1.32122,38.86015],[1.32125,38.85987]]],[[[1.24365,38.86051],[1.24355,38.86118],[1.24389,38.86146],[1.24365,38.86051]]],[[[1.29748,38.86192],[1.29737,38.86202],[1.29748,38.86205],[1.29748,38.86192]]],[[[1.30907,38.86414],[1.30904,38.8643],[1.30915,38.86416],[1.30907,38.86414]]],[[[1.20409,38.86721],[1.2039,38.86737],[1.20408,38.86736],[1.20409,38.86721]]],[[[1.20322,38.86657],[1.20319,38.86672],[1.2034,38.86674],[1.20322,38.86657]]],[[[1.18859,38.86256],[1.19592,38.87016],[1.20337,38.86877],[1.18859,38.86256]]],[[[1.30441,38.86262],[1.30436,38.86277],[1.30448,38.86273],[1.30441,38.86262]]],[[[1.20332,38.86936],[1.20305,38.86944],[1.20326,38.86948],[1.20332,38.86936]]],[[[1.20699,38.86876],[1.20695,38.86885],[1.20706,38.86887],[1.20699,38.86876]]],[[[1.20309,38.8698],[1.20304,38.8699],[1.20316,38.86987],[1.20309,38.8698]]],[[[1.21058,38.86999],[1.21054,38.87005],[1.21071,38.87],[1.21058,38.86999]]],[[[1.19933,38.87074],[1.19925,38.87075],[1.19941,38.87084],[1.19933,38.87074]]],[[[1.20237,38.8701],[1.20232,38.87027],[1.20246,38.87025],[1.20237,38.8701]]],[[[1.20141,38.87047],[1.20125,38.87053],[1.20141,38.8707],[1.20141,38.87047]]],[[[1.25826,38.86738],[1.25829,38.86748],[1.25834,38.86742],[1.25826,38.86738]]],[[[1.21516,38.8682],[1.21511,38.86833],[1.21525,38.8683],[1.21516,38.8682]]],[[[1.21528,38.86848],[1.21524,38.86853],[1.21533,38.86855],[1.21528,38.86848]]],[[[1.2598,38.86875],[1.25975,38.86885],[1.25983,38.86884],[1.2598,38.86875]]],[[[1.24018,38.86891],[1.24006,38.869],[1.24017,38.86903],[1.24018,38.86891]]],[[[1.26021,38.86962],[1.26027,38.86972],[1.26031,38.86965],[1.26021,38.86962]]],[[[1.29831,38.86993],[1.29821,38.87003],[1.29831,38.87005],[1.29831,38.86993]]],[[[1.29965,38.8701],[1.29906,38.87172],[1.29966,38.87156],[1.29965,38.8701]]],[[[1.29838,38.87009],[1.29823,38.87016],[1.2985,38.87024],[1.29838,38.87009]]],[[[1.29821,38.87028],[1.29811,38.87066],[1.29863,38.87037],[1.29821,38.87028]]],[[[1.21286,38.86564],[1.20663,38.86826],[1.21493,38.86939],[1.21286,38.86564]]],[[[1.15728,38.97847],[1.1573,38.97859],[1.15743,38.97849],[1.15728,38.97847]]],[[[1.15782,38.97854],[1.15781,38.97867],[1.15796,38.97866],[1.15782,38.97854]]],[[[1.16837,38.9846],[1.16863,38.98489],[1.16874,38.98466],[1.16837,38.9846]]],[[[1.21583,38.98768],[1.21562,38.98836],[1.21614,38.98793],[1.21583,38.98768]]],[[[1.58472,38.98208],[1.58313,38.98322],[1.58437,38.98604],[1.58472,38.98208]]],[[[1.57314,38.98678],[1.57281,38.98709],[1.57331,38.98698],[1.57314,38.98678]]],[[[1.29385,39.01034],[1.29299,39.01072],[1.293,39.01185],[1.29385,39.01034]]],[[[1.29171,39.02847],[1.29168,39.02883],[1.29187,39.02869],[1.29171,39.02847]]],[[[1.64632,39.03188],[1.64629,39.03206],[1.64648,39.03207],[1.64632,39.03188]]],[[[1.58467,38.99979],[1.5845,38.99992],[1.58477,39.00049],[1.58467,38.99979]]],[[[1.58688,39.00101],[1.58688,39.00235],[1.58758,39.00157],[1.58688,39.00101]]],[[[1.5833,39.00291],[1.58285,39.00319],[1.5834,39.00302],[1.5833,39.00291]]],[[[1.58378,39.00331],[1.58363,39.0035],[1.58379,39.0036],[1.58378,39.00331]]],[[[1.59957,39.02302],[1.59932,39.02326],[1.59954,39.02318],[1.59957,39.02302]]],[[[1.64862,39.03173],[1.63648,39.04106],[1.64623,39.04066],[1.64862,39.03173]]],[[[1.61013,39.04035],[1.61009,39.04085],[1.61029,39.04062],[1.61013,39.04035]]],[[[1.31408,39.04897],[1.31397,39.04933],[1.31419,39.04918],[1.31408,39.04897]]],[[[1.37344,39.06335],[1.37336,39.06374],[1.37385,39.06379],[1.37344,39.06335]]],[[[1.60642,39.0464],[1.60623,39.04704],[1.60702,39.04697],[1.60642,39.0464]]],[[[1.31593,39.04873],[1.31481,39.04973],[1.31633,39.05069],[1.31593,39.04873]]],[[[1.16635,38.97142],[1.16462,38.97344],[1.16668,38.97268],[1.16635,38.97142]]],[[[1.23181,38.97683],[1.23169,38.97714],[1.23193,38.97723],[1.23181,38.97683]]],[[[1.16006,38.97897],[1.15865,38.97963],[1.16124,38.98112],[1.16006,38.97897]]],[[[1.57758,38.9818],[1.57808,38.98274],[1.57911,38.98261],[1.57758,38.9818]]],[[[1.16494,38.96745],[1.16491,38.96853],[1.16648,38.96854],[1.16494,38.96745]]],[[[1.16593,38.96905],[1.16526,38.96935],[1.16554,38.9697],[1.16593,38.96905]]],[[[1.16144,38.98217],[1.16109,38.98235],[1.1615,38.98267],[1.16144,38.98217]]],[[[1.21408,38.97593],[1.20633,38.98376],[1.21364,38.99527],[1.21408,38.97593]]],[[[2.94027,39.12074],[2.93974,39.12107],[2.94052,39.12086],[2.94027,39.12074]]],[[[2.93689,39.12175],[2.93556,39.12184],[2.93539,39.12219],[2.93689,39.12175]]],[[[2.9444,39.12464],[2.9444,39.12473],[2.94447,39.12474],[2.9444,39.12464]]],[[[2.96223,39.13814],[2.96082,39.13855],[2.96274,39.13822],[2.96223,39.13814]]],[[[2.9572,39.14622],[2.95708,39.14627],[2.95724,39.14629],[2.9572,39.14622]]],[[[2.96364,39.1478],[2.96358,39.14785],[2.96363,39.1479],[2.96364,39.1478]]],[[[2.96378,39.14787],[2.96356,39.14873],[2.96412,39.14827],[2.96378,39.14787]]],[[[2.96411,39.14917],[2.96372,39.14931],[2.96406,39.14962],[2.96411,39.14917]]],[[[2.91766,39.15604],[2.9176,39.15609],[2.91766,39.15609],[2.91766,39.15604]]],[[[2.95891,39.16479],[2.95891,39.16486],[2.95896,39.16484],[2.95891,39.16479]]],[[[2.95846,39.12439],[2.95827,39.12623],[2.96044,39.1254],[2.95846,39.12439]]],[[[2.93763,39.12835],[2.93747,39.12836],[2.93758,39.12854],[2.93763,39.12835]]],[[[2.92298,39.13244],[2.92279,39.1329],[2.92349,39.13285],[2.92298,39.13244]]],[[[2.95662,39.13483],[2.95663,39.13488],[2.95674,39.13485],[2.95662,39.13483]]],[[[2.9389,39.12463],[2.93955,39.12597],[2.94034,39.12543],[2.9389,39.12463]]],[[[2.94357,39.12524],[2.94245,39.12619],[2.9441,39.12544],[2.94357,39.12524]]],[[[2.93804,39.12575],[2.93806,39.12618],[2.93942,39.1261],[2.93804,39.12575]]],[[[2.94716,39.12516],[2.91945,39.12899],[2.9269,39.13176],[2.9142,39.14124],[2.92142,39.15315],[2.91689,39.16162],[2.93054,39.14322],[2.93732,39.14464],[2.93109,39.15649],[2.94967,39.14841],[2.95073,39.16568],[2.97653,39.15818],[2.96948,39.14776],[2.95668,39.14761],[2.95793,39.12691],[2.94716,39.12516]]],[[[2.97703,39.16635],[2.97472,39.16942],[2.97818,39.16952],[2.97703,39.16635]]],[[[2.97054,39.17426],[2.97047,39.17431],[2.97055,39.17438],[2.97054,39.17426]]],[[[2.96188,39.1752],[2.96172,39.17532],[2.96198,39.17526],[2.96188,39.1752]]],[[[2.962,39.17539],[2.95584,39.18404],[2.9698,39.1901],[2.962,39.17539]]],[[[2.96566,39.19465],[2.96468,39.1955],[2.96551,39.19524],[2.96566,39.19465]]],[[[2.97215,39.19536],[2.97108,39.19776],[2.97337,39.19824],[2.97215,39.19536]]],[[[2.97323,39.19965],[2.97133,39.20052],[2.97511,39.20086],[2.97323,39.19965]]],[[[2.97517,39.20112],[2.97509,39.20119],[2.97533,39.2013],[2.97517,39.20112]]],[[[2.97599,39.2016],[2.97613,39.20266],[2.97739,39.20259],[2.97599,39.2016]]],[[[2.97922,39.20466],[2.9787,39.20507],[2.97929,39.20543],[2.97922,39.20466]]],[[[2.97931,39.20624],[2.978,39.20679],[2.97854,39.20778],[2.97931,39.20624]]],[[[2.98294,39.32714],[2.98291,39.32733],[2.98338,39.32754],[2.98294,39.32714]]],[[[2.98787,39.32894],[2.98764,39.32901],[2.98784,39.32908],[2.98787,39.32894]]],[[[2.98186,39.3251],[2.98227,39.32581],[2.98418,39.32641],[2.98186,39.3251]]],[[[2.98851,39.33362],[2.98892,39.334],[2.98986,39.33394],[2.98851,39.33362]]],[[[3.00674,39.31069],[3.00668,39.31086],[3.00695,39.31086],[3.00674,39.31069]]],[[[2.98655,39.31195],[2.98674,39.31224],[2.98751,39.3123],[2.98655,39.31195]]],[[[3.00365,39.31253],[3.00348,39.31295],[3.00408,39.31302],[3.00365,39.31253]]],[[[2.9827,39.31761],[2.98301,39.31843],[2.98328,39.31775],[2.9827,39.31761]]],[[[3.00153,39.30943],[3.00028,39.31106],[3.00192,39.31088],[3.00153,39.30943]]],[[[3.00485,39.31105],[3.00492,39.31122],[3.00532,39.31128],[3.00485,39.31105]]],[[[3.03608,39.27896],[3.03575,39.27952],[3.03676,39.27959],[3.03608,39.27896]]],[[[3.00981,39.29807],[3.0099,39.30003],[3.01037,39.29856],[3.00981,39.29807]]],[[[3.01919,39.30186],[3.01882,39.30207],[3.01911,39.30209],[3.01919,39.30186]]],[[[3.00822,39.3032],[3.00849,39.30346],[3.00887,39.3034],[3.00822,39.3032]]],[[[3.01376,39.30331],[3.01373,39.30343],[3.0139,39.30345],[3.01376,39.30331]]],[[[3.0094,39.30343],[3.00824,39.30481],[3.01257,39.30522],[3.0094,39.30343]]],[[[1.4064,39.07646],[1.40639,39.0767],[1.4066,39.07672],[1.4064,39.07646]]],[[[1.40713,39.07694],[1.40717,39.07709],[1.40729,39.0771],[1.40713,39.07694]]],[[[1.40323,39.07722],[1.40332,39.07761],[1.40387,39.07742],[1.40323,39.07722]]],[[[1.60476,39.07974],[1.60478,39.07993],[1.6054,39.07994],[1.60476,39.07974]]],[[[1.60913,39.08007],[1.61029,39.08074],[1.60983,39.08009],[1.60913,39.08007]]],[[[1.61042,39.08046],[1.61134,39.08172],[1.61138,39.08098],[1.61042,39.08046]]],[[[1.44701,39.09073],[1.44672,39.09099],[1.44712,39.09086],[1.44701,39.09073]]],[[[1.43181,39.09113],[1.43194,39.09273],[1.43272,39.09301],[1.43181,39.09113]]],[[[1.59257,39.09794],[1.59212,39.09904],[1.59359,39.09832],[1.59257,39.09794]]],[[[1.497,39.09915],[1.4969,39.09934],[1.49703,39.0996],[1.497,39.09915]]],[[[1.59048,39.10027],[1.59013,39.1004],[1.59042,39.10046],[1.59048,39.10027]]],[[[1.59047,39.1008],[1.59019,39.10093],[1.59025,39.10111],[1.59047,39.1008]]],[[[1.49409,39.10265],[1.49374,39.10282],[1.49495,39.1035],[1.49409,39.10265]]],[[[1.4784,39.10575],[1.47836,39.10592],[1.47878,39.10592],[1.4784,39.10575]]],[[[1.43512,38.90046],[1.43485,38.90119],[1.43544,38.90055],[1.43512,38.90046]]],[[[1.42301,38.89576],[1.42303,38.89703],[1.42403,38.89725],[1.42301,38.89576]]],[[[1.21451,38.89718],[1.21446,38.89727],[1.21455,38.89725],[1.21451,38.89718]]],[[[1.21963,38.89236],[1.21958,38.89244],[1.21966,38.89245],[1.21963,38.89236]]],[[[1.41013,38.89094],[1.40315,38.87476],[1.40593,38.83151],[1.38446,38.84239],[1.3712,38.83042],[1.36127,38.86057],[1.34312,38.87108],[1.32042,38.85578],[1.31703,38.86722],[1.29744,38.86217],[1.30521,38.86705],[1.29741,38.87653],[1.27178,38.87944],[1.24797,38.85581],[1.23568,38.87254],[1.22417,38.87081],[1.22519,38.88819],[1.2135,38.89745],[1.22398,38.91354],[1.22068,38.92276],[1.23648,38.93879],[1.21491,38.95807],[1.22918,38.97454],[1.23456,38.96847],[1.24292,38.97288],[1.24479,38.96593],[1.30653,38.97241],[1.28446,38.99386],[1.29894,39.00953],[1.28995,39.02823],[1.32574,39.05253],[1.34175,39.05302],[1.34468,39.06688],[1.35209,39.06497],[1.35884,39.07407],[1.37516,39.06227],[1.38959,39.07933],[1.41688,39.07745],[1.42628,39.09254],[1.44053,39.08051],[1.4627,39.10355],[1.48413,39.10094],[1.48843,39.11054],[1.49836,39.09878],[1.50906,39.10301],[1.50713,39.1137],[1.51562,39.10886],[1.52024,39.11409],[1.51402,39.11666],[1.53253,39.11839],[1.54226,39.1162],[1.53722,39.10668],[1.55714,39.09331],[1.59212,39.09787],[1.60424,39.09089],[1.59846,39.08242],[1.60991,39.0793],[1.59149,39.07507],[1.58798,39.06332],[1.6097,39.04396],[1.60847,39.03502],[1.62009,39.03674],[1.62149,39.02763],[1.60615,39.02968],[1.59546,39.02463],[1.59449,39.01549],[1.58522,39.01572],[1.57789,39.00107],[1.58134,38.98934],[1.55179,38.99246],[1.54611,38.98304],[1.52738,38.98244],[1.53275,38.96163],[1.52004,38.95284],[1.52885,38.94497],[1.51019,38.9468],[1.50521,38.93312],[1.48876,38.92798],[1.47683,38.91302],[1.45507,38.91705],[1.45718,38.90372],[1.43954,38.91667],[1.43863,38.90253],[1.42369,38.90486],[1.41013,38.89094]]],[[[1.4411,38.90263],[1.44033,38.90317],[1.44155,38.90297],[1.4411,38.90263]]],[[[1.45559,38.90786],[1.45548,38.908],[1.45574,38.90793],[1.45559,38.90786]]],[[[1.46584,38.91351],[1.46576,38.91364],[1.46588,38.91363],[1.46584,38.91351]]],[[[1.47575,38.9154],[1.4757,38.91563],[1.47588,38.91547],[1.47575,38.9154]]],[[[1.22117,38.91913],[1.22111,38.91921],[1.22126,38.91922],[1.22117,38.91913]]],[[[1.22131,38.92013],[1.2213,38.9203],[1.22148,38.92036],[1.22131,38.92013]]],[[[1.48948,38.92395],[1.48938,38.92408],[1.48959,38.92408],[1.48948,38.92395]]],[[[1.4923,38.92806],[1.49225,38.92817],[1.49252,38.92818],[1.4923,38.92806]]],[[[1.50188,38.9329],[1.50179,38.93317],[1.50217,38.93322],[1.50188,38.9329]]],[[[1.50232,38.9332],[1.50229,38.93331],[1.50249,38.93334],[1.50232,38.9332]]],[[[1.50887,38.93954],[1.50877,38.93965],[1.50892,38.93965],[1.50887,38.93954]]],[[[1.18808,38.95621],[1.18813,38.95639],[1.18824,38.95626],[1.18808,38.95621]]],[[[1.18841,38.95639],[1.18982,38.95761],[1.18945,38.95654],[1.18841,38.95639]]],[[[1.21921,38.96414],[1.21931,38.96439],[1.21962,38.96424],[1.21921,38.96414]]],[[[1.21743,38.96469],[1.21718,38.96498],[1.21875,38.96526],[1.21743,38.96469]]],[[[1.2316,38.97344],[1.23204,38.97397],[1.23202,38.97355],[1.2316,38.97344]]],[[[1.21849,38.96651],[1.21838,38.96673],[1.2186,38.9668],[1.21849,38.96651]]],[[[1.21593,38.9668],[1.21516,38.97265],[1.22015,38.9685],[1.21593,38.9668]]],[[[1.19808,38.9564],[1.18977,38.95782],[1.19778,38.96011],[1.19808,38.9564]]],[[[1.20132,38.9583],[1.20098,38.95879],[1.2022,38.95853],[1.20132,38.9583]]],[[[1.19979,38.95907],[1.1997,38.95921],[1.19984,38.9591],[1.19979,38.95907]]],[[[1.19165,38.95937],[1.19161,38.9595],[1.19171,38.9595],[1.19165,38.95937]]],[[[3.26038,39.40441],[3.26053,39.40491],[3.26095,39.405],[3.26038,39.40441]]],[[[2.3346,39.58895],[2.33486,39.58926],[2.3352,39.58931],[2.3346,39.58895]]],[[[2.30605,39.57223],[2.30765,39.58187],[2.33895,39.59817],[2.30605,39.57223]]],[[[2.34173,39.58517],[2.34134,39.58552],[2.34192,39.58601],[2.34173,39.58517]]],[[[2.34819,39.57606],[2.34743,39.57776],[2.34918,39.5767],[2.34819,39.57606]]],[[[2.33559,39.58993],[2.33575,39.59034],[2.33597,39.59044],[2.33559,39.58993]]],[[[2.33723,39.59856],[2.33719,39.59867],[2.33729,39.59863],[2.33723,39.59856]]],[[[2.41516,39.53849],[2.41507,39.5386],[2.41524,39.53865],[2.41516,39.53849]]],[[[2.3635,39.55352],[2.36356,39.5538],[2.36387,39.55365],[2.3635,39.55352]]],[[[2.36413,39.55354],[2.36394,39.55395],[2.36419,39.55378],[2.36413,39.55354]]],[[[3.3757,39.56489],[3.37538,39.56511],[3.37592,39.56514],[3.3757,39.56489]]],[[[2.36499,39.53455],[2.36499,39.53471],[2.36511,39.53461],[2.36499,39.53455]]],[[[2.42215,39.53652],[2.42207,39.5371],[2.42255,39.5371],[2.42215,39.53652]]],[[[2.41122,39.53697],[2.41119,39.53705],[2.41128,39.5371],[2.41122,39.53697]]],[[[2.4124,39.53724],[2.41241,39.53732],[2.41262,39.53741],[2.4124,39.53724]]],[[[2.41337,39.53802],[2.41324,39.53813],[2.41343,39.53806],[2.41337,39.53802]]],[[[2.44779,39.4953],[2.451,39.49991],[2.45514,39.50105],[2.44779,39.4953]]],[[[2.45591,39.50423],[2.45587,39.50446],[2.45627,39.50456],[2.45591,39.50423]]],[[[2.45599,39.5018],[2.45466,39.50275],[2.45649,39.50246],[2.45599,39.5018]]],[[[2.54051,39.47788],[2.54116,39.47907],[2.54103,39.47829],[2.54051,39.47788]]],[[[2.54549,39.50245],[2.54307,39.50511],[2.54666,39.50377],[2.54549,39.50245]]],[[[2.57339,39.52877],[2.57247,39.52991],[2.57394,39.52985],[2.57339,39.52877]]],[[[2.57504,39.5304],[2.57503,39.53078],[2.57521,39.53065],[2.57504,39.5304]]],[[[2.44024,39.53302],[2.44016,39.53312],[2.44036,39.53323],[2.44024,39.53302]]],[[[2.58686,39.52759],[2.58888,39.53139],[2.58937,39.52957],[2.58686,39.52759]]],[[[2.45846,39.5313],[2.45833,39.53154],[2.45862,39.53165],[2.45846,39.5313]]],[[[2.57785,39.53153],[2.57773,39.53165],[2.57785,39.53163],[2.57785,39.53153]]],[[[2.57812,39.53161],[2.57806,39.53167],[2.57827,39.53174],[2.57812,39.53161]]],[[[2.58487,39.5324],[2.58471,39.5325],[2.58484,39.53251],[2.58487,39.5324]]],[[[2.58438,39.53259],[2.58442,39.53271],[2.58457,39.53268],[2.58438,39.53259]]],[[[2.58613,39.53282],[2.5861,39.53297],[2.58649,39.53294],[2.58613,39.53282]]],[[[2.70598,39.53418],[2.70606,39.53436],[2.70629,39.53433],[2.70598,39.53418]]],[[[2.7068,39.53445],[2.70713,39.53513],[2.70725,39.5346],[2.7068,39.53445]]],[[[2.59288,39.53335],[2.59135,39.53412],[2.59238,39.53441],[2.59288,39.53335]]],[[[2.51239,39.69063],[2.51234,39.69089],[2.51246,39.69068],[2.51239,39.69063]]],[[[2.51299,39.69153],[2.51287,39.69163],[2.51296,39.69177],[2.51299,39.69153]]],[[[2.52439,39.69876],[2.52433,39.69879],[2.52438,39.69886],[2.52439,39.69876]]],[[[2.52682,39.70124],[2.52685,39.70134],[2.52705,39.70137],[2.52682,39.70124]]],[[[2.52682,39.70096],[2.52686,39.70107],[2.52698,39.70104],[2.52682,39.70096]]],[[[2.54597,39.6996],[2.54591,39.69968],[2.54599,39.69969],[2.54597,39.6996]]],[[[2.5438,39.70035],[2.54373,39.70047],[2.54381,39.70046],[2.5438,39.70035]]],[[[2.5376,39.7004],[2.53754,39.70048],[2.53767,39.70044],[2.5376,39.7004]]],[[[2.55212,39.70066],[2.55207,39.70075],[2.55221,39.70079],[2.55212,39.70066]]],[[[2.55337,39.70103],[2.55328,39.70114],[2.55344,39.70111],[2.55337,39.70103]]],[[[2.55408,39.70184],[2.55408,39.70196],[2.55419,39.70187],[2.55408,39.70184]]],[[[2.55369,39.70121],[2.55358,39.7013],[2.55371,39.7013],[2.55369,39.70121]]],[[[2.52779,39.7019],[2.52783,39.702],[2.52806,39.70205],[2.52779,39.7019]]],[[[2.55741,39.70211],[2.55741,39.7022],[2.55754,39.70217],[2.55741,39.70211]]],[[[2.55846,39.70236],[2.55849,39.70247],[2.55852,39.70239],[2.55846,39.70236]]],[[[2.57826,39.71423],[2.57823,39.71429],[2.57834,39.71432],[2.57826,39.71423]]],[[[2.59096,39.72194],[2.5909,39.72204],[2.59098,39.72201],[2.59096,39.72194]]],[[[2.59284,39.72385],[2.59281,39.72391],[2.59291,39.72396],[2.59284,39.72385]]],[[[2.59698,39.72767],[2.59695,39.72779],[2.59703,39.72778],[2.59698,39.72767]]],[[[2.5968,39.72785],[2.59682,39.72798],[2.59689,39.72788],[2.5968,39.72785]]],[[[2.59804,39.72987],[2.59786,39.72996],[2.59803,39.73001],[2.59804,39.72987]]],[[[2.59825,39.73025],[2.59833,39.73044],[2.59837,39.73027],[2.59825,39.73025]]],[[[2.59931,39.73281],[2.59928,39.73288],[2.5994,39.73292],[2.59931,39.73281]]],[[[2.60387,39.73523],[2.60371,39.73536],[2.60392,39.73572],[2.60387,39.73523]]],[[[2.71036,39.81581],[2.7089,39.8167],[2.70968,39.81915],[2.71036,39.81581]]],[[[2.84824,39.8686],[2.84813,39.86875],[2.84823,39.86873],[2.84824,39.8686]]],[[[2.93309,39.90269],[2.93299,39.90286],[2.93311,39.90291],[2.93309,39.90269]]],[[[4.28543,39.79929],[4.28204,39.80194],[4.29613,39.80046],[4.28543,39.79929]]],[[[4.29542,39.80284],[4.29528,39.80292],[4.29557,39.8029],[4.29542,39.80284]]],[[[4.24153,39.81274],[4.24183,39.81319],[4.24191,39.81288],[4.24153,39.81274]]],[[[4.24136,39.8132],[4.24143,39.81343],[4.24166,39.81331],[4.24136,39.8132]]],[[[4.2205,39.8216],[4.22142,39.82411],[4.22283,39.82379],[4.2205,39.8216]]],[[[4.22402,39.82341],[4.22343,39.82413],[4.2242,39.82392],[4.22402,39.82341]]],[[[4.21463,39.8254],[4.214,39.82551],[4.21425,39.82634],[4.21463,39.8254]]],[[[4.2144,39.82644],[4.21448,39.82734],[4.21506,39.82715],[4.2144,39.82644]]],[[[4.21478,39.8274],[4.21485,39.82769],[4.21496,39.82769],[4.21478,39.8274]]],[[[3.47556,39.70831],[3.47531,39.70851],[3.4754,39.70878],[3.47556,39.70831]]],[[[3.45673,39.70407],[3.45654,39.70418],[3.45673,39.70422],[3.45673,39.70407]]],[[[3.45761,39.70356],[3.45747,39.70367],[3.45759,39.7038],[3.45761,39.70356]]],[[[3.4611,39.72067],[3.46096,39.72103],[3.46113,39.72106],[3.4611,39.72067]]],[[[3.45912,39.7214],[3.45915,39.72165],[3.45939,39.72164],[3.45912,39.7214]]],[[[2.60656,39.73779],[2.60652,39.7379],[2.60662,39.73786],[2.60656,39.73779]]],[[[2.60716,39.73806],[2.60712,39.73819],[2.60722,39.73812],[2.60716,39.73806]]],[[[2.61522,39.74438],[2.61509,39.74448],[2.61529,39.74453],[2.61522,39.74438]]],[[[2.6198,39.75526],[2.61978,39.75533],[2.61989,39.75533],[2.6198,39.75526]]],[[[2.61602,39.74517],[2.616,39.74533],[2.61609,39.74533],[2.61602,39.74517]]],[[[2.63122,39.75889],[2.63117,39.75902],[2.63129,39.759],[2.63122,39.75889]]],[[[2.64266,39.76196],[2.6427,39.76206],[2.64277,39.76202],[2.64266,39.76196]]],[[[2.64526,39.76261],[2.64523,39.76267],[2.64531,39.7627],[2.64526,39.76261]]],[[[2.6499,39.76567],[2.64986,39.76573],[2.64998,39.76571],[2.6499,39.76567]]],[[[2.65036,39.76601],[2.65031,39.76607],[2.65042,39.76609],[2.65036,39.76601]]],[[[2.65156,39.76674],[2.65155,39.76704],[2.65169,39.76694],[2.65156,39.76674]]],[[[2.65177,39.76729],[2.65171,39.76738],[2.65181,39.76735],[2.65177,39.76729]]],[[[2.65217,39.7676],[2.65215,39.76768],[2.65229,39.76766],[2.65217,39.7676]]],[[[2.6525,39.76788],[2.65242,39.76794],[2.65264,39.76794],[2.6525,39.76788]]],[[[2.65404,39.76864],[2.65412,39.76878],[2.65425,39.76874],[2.65404,39.76864]]],[[[3.40615,39.76959],[3.40603,39.77019],[3.40688,39.77008],[3.40615,39.76959]]],[[[3.18782,39.75429],[3.18818,39.75502],[3.18829,39.75452],[3.18782,39.75429]]],[[[3.18854,39.75508],[3.18836,39.75518],[3.18882,39.75516],[3.18854,39.75508]]],[[[3.8287,39.99344],[3.82857,39.9935],[3.82895,39.9935],[3.8287,39.99344]]],[[[4.27325,39.96326],[4.27317,39.9637],[4.27348,39.96354],[4.27325,39.96326]]],[[[4.25837,39.99896],[4.25803,39.99912],[4.25849,39.99905],[4.25837,39.99896]]],[[[4.25566,39.99993],[4.25554,39.99998],[4.25589,39.99998],[4.25566,39.99993]]],[[[4.25219,40.00047],[4.25207,40.00052],[4.25244,40.00054],[4.25219,40.00047]]],[[[4.25122,40.00146],[4.2512,40.00159],[4.25134,40.00159],[4.25122,40.00146]]],[[[4.25016,40.00183],[4.25004,40.00187],[4.25058,40.00194],[4.25016,40.00183]]],[[[4.08124,40.08978],[4.08068,40.09063],[4.08284,40.09006],[4.08124,40.08978]]],[[[4.0762,40.09081],[4.07292,40.0924],[4.07549,40.09457],[4.0762,40.09081]]],[[[4.02701,40.06356],[4.02712,40.06383],[4.02744,40.06368],[4.02701,40.06356]]],[[[4.13192,40.06377],[4.13091,40.06448],[4.13177,40.06465],[4.13192,40.06377]]],[[[4.03379,40.06526],[4.03399,40.06564],[4.03509,40.06555],[4.03379,40.06526]]],[[[4.02722,40.06438],[4.02685,40.06542],[4.02841,40.06542],[4.02722,40.06438]]],[[[4.03134,40.0664],[4.03138,40.0696],[4.03325,40.0685],[4.03134,40.0664]]],[[[4.07829,40.07092],[4.0782,40.07107],[4.07844,40.07108],[4.07829,40.07092]]],[[[4.09484,40.07386],[4.09471,40.07395],[4.09497,40.07398],[4.09484,40.07386]]],[[[4.09938,40.08441],[4.09928,40.08455],[4.09961,40.08452],[4.09938,40.08441]]],[[[4.08134,40.08944],[4.08149,40.08961],[4.08179,40.08946],[4.08134,40.08944]]],[[[4.08215,40.08952],[4.08199,40.08966],[4.08226,40.0896],[4.08215,40.08952]]],[[[4.20494,40.01358],[4.20381,40.01441],[4.20444,40.01466],[4.20494,40.01358]]],[[[4.20114,40.02227],[4.20112,40.02234],[4.20123,40.02241],[4.20114,40.02227]]],[[[4.2102,40.01926],[4.21017,40.01935],[4.21032,40.01937],[4.2102,40.01926]]],[[[4.2093,40.01776],[4.20873,40.02207],[4.21065,40.02019],[4.2093,40.01776]]],[[[4.20403,40.01488],[4.20389,40.01513],[4.20416,40.01493],[4.20403,40.01488]]],[[[4.21236,40.01437],[4.21228,40.01463],[4.21323,40.01503],[4.21236,40.01437]]],[[[4.21076,40.01476],[4.21074,40.0149],[4.21094,40.0149],[4.21076,40.01476]]],[[[4.21238,40.01498],[4.21235,40.01509],[4.21256,40.01504],[4.21238,40.01498]]],[[[4.2083,40.01404],[4.2087,40.01684],[4.21274,40.01817],[4.2083,40.01404]]],[[[4.19947,40.00638],[4.19869,40.00699],[4.19967,40.00693],[4.19947,40.00638]]],[[[4.19443,40.02482],[4.19445,40.02494],[4.19459,40.02494],[4.19443,40.02482]]],[[[4.16896,40.0289],[4.16886,40.02911],[4.16932,40.0292],[4.16896,40.0289]]],[[[4.19597,40.03],[4.19583,40.0301],[4.19598,40.03011],[4.19597,40.03]]],[[[4.16933,40.03033],[4.16925,40.03049],[4.16952,40.03044],[4.16933,40.03033]]],[[[4.18245,40.03271],[4.18241,40.03275],[4.18248,40.03279],[4.18245,40.03271]]],[[[4.18305,40.03322],[4.18302,40.03328],[4.18309,40.03332],[4.18305,40.03322]]],[[[4.1876,40.03564],[4.1876,40.03574],[4.18773,40.03571],[4.1876,40.03564]]],[[[4.18796,40.03576],[4.18794,40.03586],[4.18806,40.03585],[4.18796,40.03576]]],[[[4.17061,40.03679],[4.17057,40.03687],[4.17081,40.03686],[4.17061,40.03679]]],[[[4.13873,40.03841],[4.13876,40.03865],[4.13902,40.03862],[4.13873,40.03841]]],[[[4.13762,40.04368],[4.13706,40.04442],[4.13736,40.04488],[4.13762,40.04368]]],[[[4.13713,40.04525],[4.13601,40.04638],[4.13678,40.04809],[4.13713,40.04525]]],[[[4.10299,40.04742],[4.10257,40.04795],[4.1029,40.04791],[4.10299,40.04742]]],[[[4.1011,40.04924],[4.10088,40.04938],[4.10119,40.04941],[4.1011,40.04924]]],[[[3.91544,40.05052],[3.91482,40.05114],[3.91533,40.05097],[3.91544,40.05052]]],[[[3.98583,40.0529],[3.98556,40.05304],[3.98604,40.05301],[3.98583,40.0529]]],[[[3.97376,40.05418],[3.97375,40.05467],[3.97435,40.05442],[3.97376,40.05418]]],[[[3.97993,40.0541],[3.97993,40.05427],[3.98009,40.05423],[3.97993,40.0541]]],[[[3.9468,40.05735],[3.94672,40.05756],[3.94691,40.05766],[3.9468,40.05735]]],[[[3.94894,40.05768],[3.94885,40.0579],[3.94928,40.05789],[3.94894,40.05768]]],[[[3.89487,40.05899],[3.8949,40.0591],[3.89511,40.05904],[3.89487,40.05899]]],[[[4.00664,40.05899],[4.00686,40.0595],[4.00737,40.05945],[4.00664,40.05899]]],[[[3.92853,40.06037],[3.92845,40.06058],[3.92869,40.06046],[3.92853,40.06037]]],[[[3.9288,40.06073],[3.92887,40.06114],[3.92919,40.06084],[3.9288,40.06073]]],[[[3.96144,40.06102],[3.96136,40.06114],[3.96159,40.06115],[3.96144,40.06102]]],[[[4.10817,40.0512],[4.10804,40.05132],[4.10827,40.05147],[4.10817,40.0512]]],[[[4.16498,40.05223],[4.16489,40.05232],[4.16504,40.05236],[4.16498,40.05223]]],[[[4.10048,40.05245],[4.10063,40.0528],[4.10129,40.05272],[4.10048,40.05245]]],[[[4.044,40.05537],[4.04413,40.05619],[4.04469,40.05565],[4.044,40.05537]]],[[[4.16801,40.05682],[4.16765,40.05734],[4.16883,40.05738],[4.16801,40.05682]]],[[[4.04198,40.05744],[4.04334,40.05859],[4.04382,40.05787],[4.04198,40.05744]]],[[[4.09505,40.05938],[4.09519,40.05974],[4.0952,40.05945],[4.09505,40.05938]]],[[[4.0195,40.05995],[4.0195,40.06028],[4.01998,40.06009],[4.0195,40.05995]]],[[[4.02484,40.06237],[4.02476,40.06244],[4.02495,40.06244],[4.02484,40.06237]]],[[[4.31148,39.88913],[4.31167,39.88936],[4.31225,39.88928],[4.31148,39.88913]]],[[[4.31125,39.88837],[4.3107,39.88855],[4.31131,39.88895],[4.31125,39.88837]]],[[[4.29636,39.90451],[4.29634,39.9047],[4.29676,39.90472],[4.29636,39.90451]]],[[[4.29597,39.908],[4.29583,39.90808],[4.29603,39.90818],[4.29597,39.908]]],[[[4.29404,39.90896],[4.29399,39.90914],[4.29413,39.90908],[4.29404,39.90896]]],[[[4.29523,39.90267],[4.2953,39.90304],[4.29545,39.90274],[4.29523,39.90267]]],[[[3.16982,39.83463],[3.16977,39.83604],[3.1716,39.83573],[3.16982,39.83463]]],[[[3.11906,39.86378],[3.11881,39.86434],[3.11906,39.86429],[3.11906,39.86378]]],[[[3.18594,39.86895],[3.18575,39.86908],[3.18609,39.86935],[3.18594,39.86895]]],[[[3.16197,39.87322],[3.16189,39.87383],[3.16239,39.8734],[3.16197,39.87322]]],[[[4.30689,39.87132],[4.30155,39.88174],[4.30593,39.87883],[4.30689,39.87132]]],[[[4.3087,39.89148],[4.30835,39.89185],[4.30885,39.89214],[4.3087,39.89148]]],[[[4.30754,39.89532],[4.30754,39.89545],[4.30772,39.89542],[4.30754,39.89532]]],[[[3.17711,39.88106],[3.1771,39.88126],[3.17728,39.88128],[3.17711,39.88106]]],[[[4.29895,39.88131],[4.29826,39.88158],[4.29795,39.88295],[4.29895,39.88131]]],[[[4.287,39.88565],[4.28656,39.88815],[4.2888,39.88679],[4.287,39.88565]]],[[[4.30819,39.89754],[4.30819,39.89767],[4.30845,39.89772],[4.30819,39.89754]]],[[[4.30701,39.89879],[4.30692,39.89893],[4.30715,39.89911],[4.30701,39.89879]]],[[[4.30808,39.8991],[4.30805,39.89916],[4.30818,39.89918],[4.30808,39.8991]]],[[[4.27535,39.88436],[4.2893,39.88366],[4.30368,39.87112],[4.30756,39.86465],[4.29867,39.86389],[4.30588,39.86323],[4.30874,39.8489],[4.2985,39.84099],[4.30387,39.83214],[4.29262,39.82899],[4.29466,39.8216],[4.26918,39.80908],[4.23739,39.81412],[4.2188,39.82913],[4.20819,39.82483],[4.14688,39.86477],[4.11744,39.87035],[4.05861,39.90596],[3.98994,39.93093],[3.93681,39.93836],[3.90018,39.92247],[3.89247,39.92777],[3.88405,39.92194],[3.8241,39.92191],[3.82489,39.95201],[3.83559,39.96733],[3.82997,39.97262],[3.83934,39.97839],[3.83073,39.97989],[3.82719,39.99259],[3.83535,39.99428],[3.82527,39.99625],[3.83596,40.00245],[3.82166,39.99554],[3.79901,39.99778],[3.79079,40.01613],[3.81054,40.0268],[3.80743,40.0334],[3.82913,40.05323],[3.86742,40.05803],[3.8788,40.05255],[3.89861,40.05983],[3.92127,40.04534],[3.91989,40.05684],[3.93395,40.06292],[3.97873,40.0511],[3.99465,40.05902],[4.01617,40.0556],[4.03212,40.06556],[4.05373,40.05187],[4.05937,40.0591],[4.07622,40.05944],[4.08423,40.07503],[4.08939,40.06898],[4.09017,40.08234],[4.08148,40.08904],[4.09247,40.0895],[4.09939,40.08496],[4.09285,40.0596],[4.10336,40.04448],[4.10975,40.05448],[4.13353,40.06325],[4.1199,40.03593],[4.1266,40.02615],[4.14081,40.03592],[4.13655,40.06708],[4.15549,40.06791],[4.17272,40.06019],[4.16448,40.05781],[4.16633,40.04433],[4.15849,40.04497],[4.1608,40.03348],[4.17108,40.03649],[4.16888,40.02687],[4.18223,40.02179],[4.18729,40.0333],[4.19531,40.03221],[4.19319,40.02376],[4.20288,40.01862],[4.19411,40.00984],[4.2021,40.01374],[4.19754,40.00689],[4.20528,39.99303],[4.2005,40.00597],[4.20756,40.01302],[4.22046,39.99669],[4.24875,40.00179],[4.26985,39.99654],[4.25485,39.99286],[4.25929,39.98157],[4.26617,39.98191],[4.25477,39.96394],[4.27004,39.95941],[4.26547,39.94991],[4.28066,39.94991],[4.27434,39.93367],[4.29854,39.89736],[4.30837,39.89902],[4.30971,39.88036],[4.32778,39.87692],[4.31035,39.87004],[4.29612,39.89186],[4.25649,39.89711],[4.2763,39.89085],[4.27535,39.88436]]],[[[2.96337,39.9124],[2.96328,39.91257],[2.96345,39.91253],[2.96337,39.9124]]],[[[2.96593,39.91045],[2.96582,39.91061],[2.96599,39.91055],[2.96593,39.91045]]],[[[2.9653,39.91065],[2.9651,39.91076],[2.96527,39.91077],[2.9653,39.91065]]],[[[4.29404,39.91588],[4.29374,39.916],[4.29454,39.91602],[4.29404,39.91588]]],[[[4.29106,39.91172],[4.29109,39.91184],[4.29121,39.91179],[4.29106,39.91172]]],[[[4.29168,39.91187],[4.29154,39.91205],[4.29192,39.91201],[4.29168,39.91187]]],[[[4.29024,39.91141],[4.28959,39.91283],[4.29072,39.91255],[4.29024,39.91141]]],[[[4.28729,39.92173],[4.28721,39.92184],[4.28739,39.9219],[4.28729,39.92173]]],[[[4.28669,39.92047],[4.2866,39.92055],[4.2868,39.92058],[4.28669,39.92047]]],[[[4.29414,39.91621],[4.29409,39.91641],[4.29424,39.91635],[4.29414,39.91621]]],[[[4.28961,39.91817],[4.2895,39.91824],[4.28975,39.91825],[4.28961,39.91817]]],[[[4.29333,39.91633],[4.2932,39.91648],[4.29335,39.91656],[4.29333,39.91633]]],[[[4.28529,39.92306],[4.28516,39.92311],[4.28531,39.92322],[4.28529,39.92306]]],[[[4.28764,39.92633],[4.28751,39.92666],[4.28805,39.92669],[4.28764,39.92633]]],[[[3.1472,39.91957],[3.14426,39.92289],[3.15011,39.92039],[3.1472,39.91957]]],[[[4.02989,39.91554],[4.02991,39.91657],[4.03033,39.91667],[4.02989,39.91554]]],[[[3.15259,39.92318],[3.15278,39.92351],[3.15274,39.92331],[3.15259,39.92318]]],[[[4.28154,39.92917],[4.28164,39.92945],[4.28217,39.92939],[4.28154,39.92917]]],[[[4.27547,39.93557],[4.27545,39.93569],[4.27561,39.93562],[4.27547,39.93557]]],[[[3.18403,39.93739],[3.18371,39.93759],[3.18438,39.93763],[3.18403,39.93739]]],[[[4.28101,39.92929],[4.28093,39.92942],[4.28138,39.92943],[4.28101,39.92929]]],[[[3.13014,39.94407],[3.13064,39.94551],[3.13237,39.94591],[3.13014,39.94407]]],[[[3.14278,39.94937],[3.14275,39.94954],[3.14288,39.94954],[3.14278,39.94937]]],[[[3.17487,39.9517],[3.17481,39.95183],[3.17492,39.95179],[3.17487,39.9517]]],[[[3.17523,39.95215],[3.17514,39.95224],[3.17525,39.95226],[3.17523,39.95215]]],[[[4.28002,39.95025],[4.27952,39.95082],[4.28045,39.95122],[4.28002,39.95025]]],[[[3.17762,39.95162],[3.17755,39.95166],[3.17773,39.95163],[3.17762,39.95162]]],[[[3.17574,39.95184],[3.17567,39.95196],[3.17594,39.952],[3.17574,39.95184]]],[[[3.17563,39.95238],[3.17557,39.95252],[3.17571,39.95247],[3.17563,39.95238]]],[[[3.17645,39.95481],[3.17644,39.9549],[3.17656,39.95491],[3.17645,39.95481]]],[[[3.17704,39.95528],[3.17698,39.95537],[3.17702,39.95539],[3.17704,39.95528]]],[[[3.20013,39.95617],[3.20014,39.95632],[3.20018,39.95622],[3.20013,39.95617]]],[[[4.27689,39.95609],[4.27791,39.96673],[4.28423,39.96027],[4.27689,39.95609]]],[[[2.42422,39.63863],[2.42414,39.63875],[2.42428,39.63876],[2.42422,39.63863]]],[[[2.43567,39.64558],[2.43569,39.64596],[2.43598,39.64611],[2.43567,39.64558]]],[[[2.43628,39.64614],[2.43621,39.64625],[2.43634,39.64634],[2.43628,39.64614]]],[[[2.45109,39.64948],[2.45112,39.64979],[2.45132,39.64975],[2.45109,39.64948]]],[[[2.91692,39.35673],[2.91653,39.35682],[2.91686,39.35701],[2.91692,39.35673]]],[[[2.47101,39.46168],[2.47195,39.46279],[2.47244,39.46282],[2.47101,39.46168]]],[[[2.47262,39.46304],[2.4727,39.46334],[2.47288,39.46331],[2.47262,39.46304]]],[[[2.47454,39.4647],[2.47403,39.46541],[2.47528,39.46576],[2.47454,39.4647]]],[[[2.47563,39.46577],[2.47546,39.46611],[2.47589,39.46618],[2.47563,39.46577]]]]}},{"type":"Feature","id":"08","properties":{"code":"08","name":"Barcelona","nationalCode":"34090800000"},"geometry":{"type":"MultiPolygon","coordinates":[[[[2.04657,41.27031],[1.93505,41.26244],[1.86578,41.23657],[1.81495,41.23596],[1.78858,41.22368],[1.74255,41.21813],[1.73219,41.2073],[1.73569,41.21611],[1.72821,41.21494],[1.72917,41.20798],[1.7155,41.21148],[1.64724,41.19278],[1.65477,41.19699],[1.64224,41.19952],[1.64124,41.21175],[1.65315,41.20741],[1.64098,41.23537],[1.62401,41.22294],[1.58311,41.23608],[1.57016,41.26073],[1.5943,41.25897],[1.60597,41.25039],[1.6197,41.2537],[1.62746,41.26952],[1.62001,41.27706],[1.62918,41.28278],[1.62778,41.29466],[1.63679,41.29595],[1.61637,41.29311],[1.61206,41.28516],[1.58822,41.29356],[1.5955,41.30885],[1.57475,41.31515],[1.55908,41.34332],[1.57819,41.35343],[1.57796,41.36246],[1.55216,41.36811],[1.53702,41.38534],[1.50929,41.39444],[1.47304,41.38076],[1.49017,41.40148],[1.4751,41.42945],[1.4952,41.43561],[1.47566,41.43609],[1.46848,41.44396],[1.48318,41.45783],[1.48456,41.47492],[1.47393,41.48626],[1.45196,41.48636],[1.44604,41.49482],[1.39635,41.51289],[1.40872,41.53493],[1.44858,41.53707],[1.44672,41.55239],[1.43103,41.55566],[1.45448,41.56919],[1.41968,41.58261],[1.39253,41.5752],[1.40777,41.59074],[1.40733,41.60034],[1.3604,41.61361],[1.3915,41.63433],[1.43057,41.62982],[1.4508,41.63988],[1.4155,41.6747],[1.42331,41.68408],[1.40422,41.68616],[1.40393,41.69448],[1.39581,41.69565],[1.40021,41.70432],[1.3819,41.70685],[1.42447,41.73267],[1.40288,41.74556],[1.41658,41.79495],[1.42721,41.80197],[1.47133,41.80058],[1.47305,41.78256],[1.46087,41.77649],[1.4689,41.77076],[1.4842,41.77184],[1.4828,41.79107],[1.50114,41.78955],[1.51087,41.7708],[1.53267,41.76376],[1.53072,41.75259],[1.57258,41.78215],[1.59359,41.77793],[1.59983,41.78903],[1.58881,41.80473],[1.61146,41.81777],[1.61001,41.83613],[1.63146,41.84471],[1.63031,41.85878],[1.61905,41.88157],[1.60133,41.88429],[1.58314,41.87347],[1.56854,41.8798],[1.57603,41.89102],[1.58595,41.88828],[1.63753,41.92678],[1.65121,41.92668],[1.64241,41.94053],[1.65019,41.94485],[1.6441,41.96392],[1.64884,41.97966],[1.67434,41.98274],[1.66778,41.97031],[1.6824,41.96765],[1.71931,41.98501],[1.71245,41.99253],[1.71743,41.99995],[1.69867,42.01381],[1.69009,42.00511],[1.69743,41.98568],[1.68477,41.99513],[1.66219,41.99112],[1.6577,42.00291],[1.65203,41.99198],[1.64707,41.99993],[1.65835,42.02189],[1.6644,42.02162],[1.66634,42.00301],[1.66997,42.01566],[1.6997,42.02887],[1.6927,42.04555],[1.68282,42.04843],[1.67947,42.03822],[1.67213,42.04077],[1.67463,42.05865],[1.69113,42.0754],[1.69118,42.08679],[1.70763,42.08244],[1.72215,42.09128],[1.72287,42.10008],[1.70445,42.10598],[1.7123,42.11903],[1.69849,42.1346],[1.7138,42.15472],[1.72397,42.15262],[1.73832,42.16323],[1.73805,42.18942],[1.72157,42.1961],[1.70718,42.18992],[1.68035,42.20624],[1.6804,42.22436],[1.70457,42.23882],[1.68461,42.25644],[1.69506,42.26384],[1.69014,42.2771],[1.67211,42.2802],[1.67506,42.28591],[1.72932,42.28348],[1.74073,42.2906],[1.77899,42.29087],[1.90312,42.3233],[1.93928,42.31647],[1.94324,42.30847],[1.94951,42.31567],[1.98358,42.29802],[2.01872,42.31033],[2.06932,42.29099],[2.04245,42.26934],[2.02802,42.25267],[2.0248,42.23262],[2.01703,42.23218],[2.03,42.21565],[2.05311,42.21945],[2.05219,42.19542],[2.06342,42.19152],[2.05778,42.17469],[2.03738,42.17866],[2.028,42.16664],[2.00466,42.16246],[1.9959,42.17201],[2.00586,42.18299],[1.99767,42.19134],[2.00773,42.19364],[1.96465,42.19883],[1.96554,42.17874],[1.99183,42.18213],[1.99046,42.17139],[2.00409,42.14975],[2.02765,42.15282],[2.06052,42.13518],[2.09225,42.1444],[2.10133,42.13984],[2.09978,42.12447],[2.12567,42.11234],[2.14357,42.13092],[2.18092,42.13525],[2.18873,42.12429],[2.20067,42.1239],[2.20372,42.13146],[2.21298,42.1289],[2.20528,42.13361],[2.21449,42.14194],[2.25754,42.13863],[2.26987,42.14501],[2.29154,42.12921],[2.30004,42.13387],[2.30374,42.11234],[2.29538,42.10264],[2.32073,42.11677],[2.3656,42.12094],[2.37975,42.10365],[2.40017,42.10276],[2.3945,42.08676],[2.41752,42.06498],[2.42729,42.06115],[2.45808,42.07928],[2.48036,42.07501],[2.49491,42.06151],[2.48222,42.04925],[2.50616,42.03227],[2.49404,42.02122],[2.49516,42.01168],[2.50334,42.00968],[2.4989,42.00152],[2.47652,42.00129],[2.46878,41.99384],[2.48802,41.98467],[2.46521,41.96675],[2.43877,41.97356],[2.42728,41.96895],[2.44144,41.95991],[2.43676,41.94797],[2.44238,41.94143],[2.47157,41.93834],[2.48104,41.91606],[2.44251,41.88751],[2.40711,41.89542],[2.38249,41.87173],[2.36969,41.88595],[2.35574,41.88111],[2.33753,41.88915],[2.32796,41.88301],[2.32344,41.87453],[2.33245,41.86319],[2.32532,41.85588],[2.34474,41.83737],[2.35234,41.80857],[2.43653,41.80288],[2.45575,41.78419],[2.47218,41.7896],[2.46915,41.77779],[2.51597,41.7619],[2.51563,41.74868],[2.54751,41.71899],[2.62918,41.73099],[2.64017,41.74338],[2.6576,41.74769],[2.68055,41.7396],[2.68658,41.74131],[2.68175,41.74826],[2.68977,41.74152],[2.7248,41.74432],[2.74475,41.73498],[2.77602,41.73495],[2.76586,41.7257],[2.77452,41.70029],[2.75785,41.6794],[2.77499,41.64781],[2.56067,41.57499],[2.55544,41.57937],[2.46781,41.54564],[2.4446,41.52625],[2.44675,41.53201],[2.36904,41.49045],[2.26647,41.45914],[2.24503,41.43887],[2.2295,41.40893],[2.23296,41.41472],[2.2275,41.41546],[2.22581,41.40604],[2.19833,41.38689],[2.18536,41.35774],[2.18644,41.37966],[2.17797,41.37413],[2.18342,41.36334],[2.17522,41.35034],[2.17284,41.31722],[2.17187,41.34885],[2.18226,41.36452],[2.17092,41.36025],[2.16691,41.34715],[2.15092,41.34649],[2.14428,41.33475],[2.14882,41.32997],[2.15685,41.3423],[2.16621,41.34124],[2.14232,41.30422],[2.15373,41.29682],[2.16697,41.30999],[2.16542,41.31784],[2.16726,41.3098],[2.15549,41.29777],[2.13838,41.29961],[2.1379,41.29309],[2.12762,41.29669],[2.04657,41.27031]],[[1.63324,41.31349],[1.6425,41.31295],[1.62897,41.31066],[1.63324,41.31349]],[[1.70625,41.88941],[1.71164,41.88933],[1.70894,41.89713],[1.72491,41.89303],[1.71875,41.8824],[1.70625,41.88941]],[[2.01689,42.10901],[2.00762,42.10648],[2.00221,42.12538],[2.02568,42.13046],[2.03194,42.12627],[2.0191,42.12097],[2.01689,42.10901]]],[[[2.63975,41.6048],[2.63961,41.60488],[2.63984,41.6049],[2.63975,41.6048]]],[[[1.6892,42.10192],[1.68894,42.10194],[1.68916,42.10205],[1.6892,42.10192]]],[[[1.6445,42.11147],[1.68169,42.11428],[1.69551,42.10816],[1.67883,42.10327],[1.6445,42.11147]]]]}},{"type":"Feature","id":"09","properties":{"code":"09","name":"Burgos","nationalCode":"34070900000"},"geometry":{"type":"MultiPolygon","coordinates":[[[[-3.79822,41.49193],[-3.78764,41.48586],[-3.82388,41.48113],[-3.86795,41.53248],[-3.88578,41.53231],[-3.89455,41.55215],[-3.95305,41.57344],[-3.96383,41.58608],[-3.98163,41.58366],[-3.99286,41.60866],[-4.00873,41.61003],[-4.00593,41.61936],[-4.02871,41.6144],[-4.03528,41.62062],[-4.02475,41.66166],[-4.02604,41.69238],[-4.05294,41.71956],[-4.07636,41.72608],[-4.0767,41.73356],[-4.05579,41.74068],[-4.04958,41.7682],[-4.039,41.77182],[-4.038,41.78985],[-4.09007,41.83086],[-4.08805,41.84466],[-4.07932,41.84845],[-4.08883,41.87065],[-4.06277,41.87712],[-4.03757,41.87277],[-3.9807,41.90062],[-3.98134,41.9307],[-3.95218,41.93531],[-3.92914,41.95937],[-3.89198,41.95794],[-3.88975,41.99091],[-3.89147,41.99665],[-3.9102,41.99697],[-3.9907,41.95975],[-4.03298,41.95408],[-4.01478,41.99859],[-3.99478,42.00541],[-3.97107,42.03322],[-3.98168,42.05105],[-3.99631,42.04497],[-4.03925,42.05335],[-4.04788,42.03905],[-4.06368,42.04364],[-4.07989,42.03678],[-4.10411,42.06163],[-4.10304,42.08704],[-4.07749,42.08268],[-4.05621,42.10091],[-4.10378,42.10969],[-4.12022,42.12813],[-4.14208,42.11963],[-4.15111,42.13131],[-4.17677,42.12586],[-4.20501,42.13361],[-4.20078,42.15025],[-4.2061,42.15399],[-4.19148,42.16302],[-4.18864,42.17638],[-4.21529,42.20689],[-4.23144,42.20845],[-4.22693,42.22956],[-4.2374,42.2363],[-4.22876,42.25037],[-4.24411,42.2594],[-4.25189,42.31],[-4.26423,42.31304],[-4.26494,42.32365],[-4.25678,42.32285],[-4.2697,42.33923],[-4.26482,42.35251],[-4.28052,42.36379],[-4.27273,42.38572],[-4.27595,42.39192],[-4.32159,42.3799],[-4.33093,42.39099],[-4.32953,42.40643],[-4.31641,42.41016],[-4.33325,42.41675],[-4.33533,42.4306],[-4.31709,42.45893],[-4.30703,42.45335],[-4.24259,42.45624],[-4.25439,42.46792],[-4.24485,42.47211],[-4.25082,42.48023],[-4.24704,42.49472],[-4.26265,42.51184],[-4.2862,42.51197],[-4.27215,42.51998],[-4.27769,42.54469],[-4.30333,42.55536],[-4.29764,42.56037],[-4.30535,42.57081],[-4.27081,42.58139],[-4.28544,42.58198],[-4.2939,42.60526],[-4.26387,42.61796],[-4.27719,42.64327],[-4.27603,42.67307],[-4.2894,42.67831],[-4.29317,42.6909],[-4.26669,42.7053],[-4.26764,42.69427],[-4.25704,42.68811],[-4.24892,42.69838],[-4.21857,42.70468],[-4.18539,42.73618],[-4.14497,42.75252],[-4.12478,42.75165],[-4.12399,42.73617],[-4.10955,42.73388],[-4.08526,42.76408],[-4.00309,42.76336],[-3.99066,42.77098],[-3.97888,42.75808],[-3.96569,42.7586],[-3.93059,42.77449],[-3.91095,42.76839],[-3.90966,42.78644],[-3.90047,42.78928],[-3.89445,42.80454],[-3.86337,42.78646],[-3.82356,42.79886],[-3.81594,42.81316],[-3.81699,42.83646],[-3.83488,42.85597],[-3.82619,42.87102],[-3.86382,42.88963],[-3.87381,42.87476],[-3.86824,42.85703],[-3.87996,42.85112],[-3.91396,42.86024],[-3.89693,42.88161],[-3.92411,42.88891],[-3.89221,42.88704],[-3.90867,42.91499],[-3.88981,42.90229],[-3.86562,42.89932],[-3.85167,42.91949],[-3.83338,42.91851],[-3.83067,42.93013],[-3.86709,42.95483],[-3.88738,42.94877],[-3.89128,42.92549],[-3.91149,42.92339],[-3.93401,42.89967],[-3.92964,42.9147],[-3.97327,42.91159],[-3.98785,42.92609],[-3.97816,42.96046],[-3.95609,42.99796],[-3.90926,43.0161],[-3.89105,43.04166],[-3.85079,43.03925],[-3.83177,43.06383],[-3.85072,43.07705],[-3.84701,43.08442],[-3.76457,43.08103],[-3.75488,43.10055],[-3.70468,43.11627],[-3.65175,43.18079],[-3.61245,43.16952],[-3.60354,43.14964],[-3.58526,43.15441],[-3.50633,43.13568],[-3.44476,43.13153],[-3.40979,43.1342],[-3.35021,43.15375],[-3.34118,43.16702],[-3.30984,43.1721],[-3.27777,43.19451],[-3.25327,43.19875],[-3.22409,43.17013],[-3.20813,43.17941],[-3.18755,43.16923],[-3.15418,43.17697],[-3.14184,43.16114],[-3.16185,43.15426],[-3.16677,43.14694],[-3.16148,43.14319],[-3.18179,43.12088],[-3.15206,43.10412],[-3.14149,43.11064],[-3.13394,43.09723],[-3.15819,43.07402],[-3.14031,43.06715],[-3.14768,43.0345],[-3.14186,43.02981],[-3.17025,43.02907],[-3.1778,43.02198],[-3.14479,43.00684],[-3.06037,43.00321],[-3.0371,42.98183],[-3.04187,42.96922],[-3.0192,42.95403],[-2.99476,42.95214],[-2.98142,42.93988],[-3.01195,42.92225],[-3.01891,42.90851],[-3.0921,42.89878],[-3.10466,42.91016],[-3.12653,42.90406],[-3.13285,42.91348],[-3.14927,42.91706],[-3.14473,42.93468],[-3.22473,42.94969],[-3.23556,42.94386],[-3.24854,42.91215],[-3.27724,42.90158],[-3.2764,42.88702],[-3.28677,42.88515],[-3.21697,42.82652],[-3.20553,42.8274],[-3.22218,42.83864],[-3.19069,42.86946],[-3.16282,42.85674],[-3.13872,42.87129],[-3.1257,42.89132],[-3.11494,42.88925],[-3.10505,42.87959],[-3.11315,42.86106],[-3.14119,42.83605],[-3.15923,42.80459],[-3.12325,42.78933],[-3.14791,42.7567],[-3.1004,42.76735],[-3.08484,42.75711],[-3.07996,42.76708],[-3.06446,42.76019],[-3.04804,42.76536],[-3.04167,42.73919],[-3.01666,42.74101],[-3.01611,42.73356],[-3.00538,42.7328],[-3.00902,42.72447],[-2.98894,42.7191],[-2.9806,42.70348],[-2.93136,42.7084],[-2.93032,42.69967],[-2.9025,42.6936],[-2.89505,42.67931],[-2.89651,42.65419],[-2.85807,42.63838],[-2.88214,42.62072],[-2.894,42.62133],[-2.89463,42.62767],[-2.91601,42.61952],[-2.94645,42.63932],[-2.98057,42.63522],[-3.00476,42.64426],[-3.01801,42.63218],[-3.08415,42.64069],[-3.0864,42.62772],[-3.07046,42.62141],[-3.05983,42.58919],[-3.0862,42.58221],[-3.08236,42.57402],[-3.10375,42.55311],[-3.13427,42.54205],[-3.10746,42.52877],[-3.0893,42.53828],[-3.07257,42.52892],[-3.07929,42.49909],[-3.0947,42.48807],[-3.09042,42.47788],[-3.06421,42.47095],[-3.046,42.44515],[-3.0633,42.42491],[-3.05688,42.37027],[-3.08265,42.39738],[-3.07818,42.41575],[-3.09035,42.42237],[-3.10135,42.41678],[-3.09574,42.40518],[-3.10527,42.38637],[-3.08481,42.38539],[-3.06346,42.3567],[-3.10967,42.35145],[-3.11069,42.33858],[-3.09586,42.32691],[-3.10666,42.3126],[-3.08962,42.27305],[-3.09772,42.26309],[-3.08859,42.24573],[-3.10206,42.23336],[-3.10379,42.21369],[-3.12906,42.19765],[-3.11532,42.18827],[-3.11335,42.17634],[-3.09657,42.16945],[-3.08568,42.13422],[-3.05895,42.12697],[-3.03437,42.08596],[-2.93118,42.08678],[-2.91362,42.02285],[-2.93217,42.01797],[-2.95052,41.9939],[-2.9658,41.96604],[-2.96008,41.95012],[-2.97079,41.92927],[-2.9975,41.93285],[-3.00807,41.92222],[-3.01677,41.88691],[-3.05863,41.89132],[-3.08773,41.87635],[-3.09716,41.88106],[-3.09716,41.86139],[-3.1126,41.85069],[-3.1362,41.81194],[-3.17135,41.79301],[-3.18859,41.80166],[-3.19822,41.81721],[-3.1945,41.82893],[-3.23439,41.84064],[-3.24681,41.85632],[-3.24334,41.864],[-3.2695,41.86929],[-3.27103,41.87876],[-3.28376,41.88381],[-3.28957,41.87641],[-3.27904,41.86791],[-3.28901,41.84246],[-3.28114,41.8229],[-3.28658,41.8029],[-3.27538,41.79432],[-3.28586,41.78825],[-3.27545,41.76867],[-3.28706,41.76013],[-3.30722,41.76015],[-3.3229,41.74093],[-3.35438,41.73725],[-3.3584,41.69342],[-3.3934,41.69061],[-3.41464,41.66483],[-3.41906,41.6441],[-3.42975,41.64628],[-3.43655,41.63859],[-3.43535,41.62203],[-3.45968,41.58927],[-3.47536,41.59695],[-3.51001,41.59718],[-3.52915,41.61263],[-3.55044,41.59659],[-3.53614,41.58647],[-3.54157,41.57761],[-3.56651,41.57996],[-3.57262,41.5654],[-3.6088,41.56612],[-3.61684,41.57716],[-3.66105,41.56608],[-3.69155,41.53454],[-3.7283,41.51764],[-3.72372,41.4792],[-3.73241,41.46989],[-3.7291,41.45762],[-3.73948,41.45078],[-3.74414,41.46106],[-3.76975,41.46015],[-3.76619,41.53793],[-3.80379,41.52458],[-3.79822,41.49193]],[[-4.10273,42.13724],[-4.11184,42.15858],[-4.09423,42.15772],[-4.07629,42.16786],[-4.06564,42.1635],[-4.07448,42.15612],[-4.06214,42.13158],[-4.08348,42.14127],[-4.10273,42.13724]],[[-4.03769,42.10259],[-4.03344,42.10698],[-4.02432,42.08107],[-4.03194,42.07864],[-4.0276,42.08785],[-4.03769,42.10259]]],[[[-2.86886,42.74014],[-2.85298,42.74783],[-2.84837,42.76329],[-2.85391,42.76786],[-2.84185,42.7762],[-2.83547,42.79627],[-2.82681,42.78445],[-2.80107,42.79271],[-2.73155,42.79451],[-2.64371,42.76472],[-2.60235,42.77063],[-2.58937,42.75032],[-2.5583,42.76273],[-2.57263,42.72517],[-2.58998,42.71076],[-2.60031,42.71527],[-2.60898,42.69596],[-2.59414,42.69004],[-2.57777,42.66821],[-2.54838,42.6688],[-2.5394,42.68658],[-2.52202,42.68403],[-2.5174,42.64633],[-2.54707,42.63738],[-2.55194,42.64926],[-2.63485,42.6478],[-2.65918,42.67246],[-2.6664,42.66619],[-2.70339,42.67429],[-2.71916,42.66187],[-2.7679,42.66601],[-2.77574,42.67025],[-2.77051,42.67663],[-2.7845,42.69894],[-2.8253,42.70894],[-2.82899,42.71901],[-2.8516,42.7251],[-2.85522,42.72876],[-2.84674,42.73076],[-2.86886,42.74014]]],[[[-4.25133,42.72655],[-4.26315,42.73048],[-4.26063,42.73889],[-4.24506,42.73597],[-4.25133,42.72655]]],[[[-2.94521,42.60389],[-2.9345,42.61408],[-2.92263,42.60083],[-2.93918,42.59429],[-2.94521,42.60389]]],[[[-2.99938,42.60095],[-2.99452,42.61549],[-2.98522,42.61422],[-2.99938,42.60095]]]]}},{"type":"Feature","id":"10","properties":{"code":"10","name":"Cáceres","nationalCode":"34111000000"},"geometry":{"type":"Polygon","coordinates":[[[-5.81037,39.14458],[-5.81925,39.12986],[-5.81643,39.11975],[-5.83345,39.11033],[-5.87208,39.10428],[-5.9247,39.08318],[-5.93764,39.08379],[-5.92554,39.09385],[-5.92666,39.10464],[-5.94229,39.10851],[-5.98169,39.06887],[-6.00931,39.05253],[-6.0186,39.12912],[-6.07865,39.09373],[-6.14217,39.03149],[-6.15885,39.05593],[-6.20293,39.05708],[-6.23091,39.08974],[-6.29485,39.0978],[-6.31197,39.11104],[-6.3077,39.14726],[-6.32417,39.18657],[-6.35319,39.17917],[-6.37169,39.16235],[-6.4151,39.16577],[-6.43869,39.17584],[-6.49112,39.16792],[-6.54036,39.1817],[-6.53994,39.15526],[-6.57425,39.15836],[-6.5741,39.16769],[-6.5844,39.17111],[-6.5801,39.1798],[-6.63337,39.19684],[-6.65974,39.19907],[-6.681,39.17715],[-6.75064,39.19404],[-6.7675,39.18837],[-6.79293,39.21186],[-6.80086,39.23942],[-6.76118,39.27661],[-6.74675,39.32175],[-6.79701,39.34451],[-6.79098,39.36836],[-6.80207,39.3895],[-6.88322,39.38276],[-6.94681,39.40077],[-6.99538,39.42457],[-7.04938,39.43667],[-7.06703,39.4143],[-7.00927,39.38848],[-7.0324,39.36801],[-7.03001,39.35086],[-7.04802,39.33351],[-7.04591,39.32493],[-7.07957,39.31139],[-7.08285,39.33557],[-7.10177,39.34605],[-7.10304,39.35456],[-7.09859,39.35912],[-7.07912,39.35141],[-7.06297,39.37227],[-7.0992,39.38527],[-7.12574,39.38117],[-7.16123,39.36134],[-7.17781,39.33079],[-7.16851,39.32015],[-7.15929,39.33068],[-7.15202,39.32148],[-7.20386,39.2657],[-7.26739,39.30141],[-7.31054,39.34095],[-7.3064,39.35595],[-7.32348,39.38193],[-7.30226,39.41332],[-7.30893,39.43157],[-7.2965,39.4589],[-7.3438,39.47863],[-7.34711,39.4879],[-7.3618,39.48211],[-7.38127,39.49181],[-7.37832,39.49685],[-7.38992,39.50364],[-7.39112,39.52988],[-7.42974,39.53451],[-7.46088,39.57263],[-7.49589,39.58644],[-7.50983,39.6182],[-7.52762,39.63318],[-7.53032,39.65677],[-7.54502,39.66348],[-7.45283,39.66322],[-7.40231,39.64663],[-7.37473,39.65132],[-7.33284,39.64117],[-7.28651,39.66159],[-7.25014,39.6672],[-7.1493,39.6529],[-7.12617,39.66399],[-7.06807,39.6576],[-7.01534,39.67079],[-6.99935,39.7142],[-6.98686,39.72774],[-6.99266,39.74052],[-6.97672,39.7727],[-6.9895,39.7945],[-6.98691,39.8101],[-6.97035,39.82537],[-6.94867,39.82769],[-6.92888,39.85492],[-6.90353,39.87131],[-6.90047,39.91012],[-6.90894,39.91916],[-6.88577,39.94044],[-6.88867,39.96318],[-6.87975,39.97183],[-6.88563,39.98041],[-6.87446,40.00656],[-6.86409,40.01245],[-6.87682,40.01787],[-6.88094,40.04118],[-6.89696,40.05201],[-6.89249,40.06017],[-6.9168,40.06559],[-6.92236,40.08747],[-6.9432,40.10454],[-6.94078,40.11247],[-6.98674,40.11916],[-6.9931,40.11237],[-6.99325,40.11933],[-7.01308,40.12636],[-7.00897,40.13013],[-7.02124,40.14398],[-7.01427,40.14934],[-7.02196,40.16729],[-7.01649,40.17646],[-7.02991,40.18637],[-7.01891,40.19729],[-7.0123,40.22609],[-6.97906,40.24065],[-6.96329,40.23822],[-6.95142,40.25757],[-6.90733,40.2539],[-6.87625,40.25999],[-6.86481,40.27045],[-6.83452,40.24758],[-6.80669,40.24152],[-6.80013,40.24204],[-6.80216,40.24956],[-6.7835,40.24939],[-6.7556,40.23892],[-6.75144,40.25022],[-6.71858,40.2692],[-6.69014,40.24266],[-6.67175,40.26323],[-6.58702,40.27072],[-6.55618,40.29078],[-6.56475,40.31461],[-6.56041,40.32905],[-6.53628,40.34724],[-6.46754,40.37232],[-6.43832,40.37277],[-6.43965,40.38158],[-6.41883,40.39929],[-6.37022,40.40242],[-6.36187,40.40709],[-6.36555,40.42237],[-6.34464,40.44278],[-6.27533,40.45852],[-6.23994,40.48586],[-6.1991,40.48184],[-6.18044,40.4622],[-6.15449,40.45454],[-6.14702,40.43612],[-6.11613,40.44159],[-6.12948,40.42079],[-6.06496,40.3966],[-6.08517,40.39049],[-6.07216,40.387],[-6.08633,40.37803],[-6.08238,40.36321],[-6.10572,40.3568],[-6.05216,40.34155],[-6.01602,40.34029],[-6.01958,40.32264],[-6.00594,40.30581],[-5.93778,40.28107],[-5.91717,40.2777],[-5.88424,40.3266],[-5.85498,40.33837],[-5.84713,40.32805],[-5.82172,40.34841],[-5.79934,40.35375],[-5.78199,40.31246],[-5.80274,40.29763],[-5.79314,40.2867],[-5.76499,40.28078],[-5.73756,40.29412],[-5.69266,40.29211],[-5.6567,40.2704],[-5.66,40.25777],[-5.6492,40.24972],[-5.622,40.24588],[-5.61452,40.2183],[-5.54114,40.19587],[-5.47091,40.20785],[-5.46807,40.22415],[-5.43977,40.23363],[-5.4291,40.25261],[-5.39565,40.2503],[-5.34441,40.26476],[-5.35875,40.22728],[-5.36967,40.21831],[-5.3641,40.20262],[-5.368,40.16411],[-5.33598,40.11582],[-5.36901,40.10009],[-5.37386,40.05932],[-5.36238,40.01282],[-5.36514,39.98292],[-5.40611,39.87773],[-5.32361,39.89173],[-5.28405,39.86387],[-5.31259,39.82427],[-5.31622,39.77212],[-5.30808,39.76002],[-5.25482,39.75234],[-5.20647,39.79756],[-5.1669,39.79988],[-5.15846,39.75966],[-5.17396,39.75125],[-5.13779,39.715],[-5.15186,39.69601],[-5.1564,39.6739],[-5.14912,39.66582],[-5.16242,39.65534],[-5.16176,39.64244],[-5.20663,39.59723],[-5.08389,39.49067],[-5.05889,39.48942],[-5.00858,39.43495],[-4.95251,39.39499],[-4.97464,39.39433],[-4.96909,39.38334],[-4.98418,39.37174],[-5.00888,39.37827],[-5.0196,39.36829],[-5.05383,39.36243],[-5.08987,39.39036],[-5.11358,39.38747],[-5.11186,39.35751],[-5.12355,39.3365],[-5.15343,39.3197],[-5.24762,39.30182],[-5.28309,39.31952],[-5.3399,39.33355],[-5.35538,39.26779],[-5.34715,39.23916],[-5.38431,39.1739],[-5.41381,39.15665],[-5.4286,39.16254],[-5.45984,39.15837],[-5.50111,39.18838],[-5.51458,39.20971],[-5.52814,39.19147],[-5.55101,39.21588],[-5.61324,39.18822],[-5.57656,39.15091],[-5.58223,39.13988],[-5.60112,39.13375],[-5.58362,39.11811],[-5.58693,39.11363],[-5.61009,39.09924],[-5.64594,39.10232],[-5.67092,39.08082],[-5.693,39.08461],[-5.75518,39.1323],[-5.81037,39.14458]]]}},{"type":"Feature","id":"11","properties":{"code":"11","name":"Cádiz","nationalCode":"34011100000"},"geometry":{"type":"MultiPolygon","coordinates":[[[[-5.31069,36.23831],[-5.33527,36.18179],[-5.33885,36.15345],[-5.3651,36.15508],[-5.35299,36.15697],[-5.37051,36.16941],[-5.37432,36.16378],[-5.38178,36.17849],[-5.39181,36.18093],[-5.4041,36.17587],[-5.3987,36.18063],[-5.41564,36.18109],[-5.44085,36.16176],[-5.44454,36.13091],[-5.44068,36.14879],[-5.43556,36.14833],[-5.4416,36.12669],[-5.43166,36.12834],[-5.42823,36.14765],[-5.43008,36.13332],[-5.42283,36.13282],[-5.4223,36.11992],[-5.44287,36.11836],[-5.43521,36.11868],[-5.43116,36.10604],[-5.44019,36.10286],[-5.44345,36.0895],[-5.42656,36.08299],[-5.42976,36.07074],[-5.46459,36.05028],[-5.4869,36.05428],[-5.57419,36.01505],[-5.60562,36.0103],[-5.61023,36.00028],[-5.61748,36.02113],[-5.6525,36.05316],[-5.68929,36.06736],[-5.72382,36.06006],[-5.77634,36.08776],[-5.79724,36.07827],[-5.86476,36.14962],[-5.9149,36.18477],[-5.93482,36.18609],[-5.92608,36.17934],[-5.94472,36.18659],[-5.98079,36.17657],[-6.01979,36.18617],[-6.03417,36.18095],[-6.10276,36.28411],[-6.1161,36.29455],[-6.13676,36.29271],[-6.15109,36.30653],[-6.18221,36.36857],[-6.21875,36.39255],[-6.23401,36.43559],[-6.24876,36.44416],[-6.28883,36.52342],[-6.3096,36.5286],[-6.30505,36.53674],[-6.27936,36.543],[-6.29229,36.53287],[-6.28111,36.52891],[-6.27684,36.54074],[-6.26863,36.532],[-6.28193,36.52747],[-6.26984,36.50858],[-6.26001,36.5077],[-6.26033,36.49969],[-6.25643,36.50782],[-6.25435,36.50058],[-6.2667,36.48934],[-6.2576,36.47311],[-6.22984,36.4626],[-6.21243,36.47017],[-6.21319,36.48123],[-6.19367,36.48675],[-6.1921,36.49906],[-6.17143,36.51192],[-6.17324,36.52141],[-6.20053,36.52873],[-6.19636,36.5221],[-6.20787,36.50958],[-6.23229,36.50369],[-6.24563,36.50896],[-6.25021,36.5145],[-6.24361,36.51844],[-6.25566,36.51995],[-6.25797,36.52919],[-6.22912,36.52507],[-6.22716,36.57662],[-6.23214,36.58087],[-6.2393,36.57416],[-6.24234,36.58548],[-6.2578,36.58133],[-6.25409,36.57706],[-6.26594,36.57986],[-6.27981,36.60372],[-6.30157,36.61833],[-6.33042,36.62435],[-6.33503,36.62085],[-6.32613,36.61039],[-6.34413,36.62599],[-6.35444,36.62159],[-6.35216,36.61371],[-6.38879,36.62948],[-6.44373,36.73631],[-6.34236,36.79442],[-6.35392,36.83832],[-6.34224,36.89306],[-6.27829,36.91085],[-6.25379,36.89391],[-6.23099,36.89811],[-6.15615,36.88565],[-6.10445,36.85726],[-5.97312,36.84419],[-5.95285,36.85313],[-5.92535,36.85307],[-5.89105,36.84219],[-5.87652,36.89471],[-5.86672,36.89518],[-5.84551,36.91521],[-5.80394,36.92552],[-5.71377,36.92039],[-5.69618,36.93528],[-5.69461,36.95678],[-5.66795,36.97595],[-5.64966,36.95432],[-5.62614,36.95444],[-5.61809,36.94016],[-5.60628,36.95079],[-5.58711,36.94701],[-5.5834,36.91509],[-5.53382,36.89345],[-5.55085,36.92312],[-5.54612,36.93018],[-5.52479,36.93733],[-5.51389,36.95654],[-5.46973,36.98395],[-5.51099,37.0336],[-5.44791,37.05022],[-5.43132,37.05039],[-5.42009,37.01356],[-5.43524,36.99112],[-5.46004,36.97798],[-5.43895,36.93529],[-5.41366,36.93979],[-5.41336,36.95402],[-5.39239,36.97328],[-5.36076,36.98516],[-5.30211,37.03736],[-5.30022,37.01374],[-5.23453,36.94105],[-5.13784,37.00211],[-5.09558,36.9683],[-5.11012,36.95933],[-5.08677,36.90509],[-5.10508,36.89794],[-5.13329,36.8391],[-5.17226,36.82351],[-5.22201,36.84272],[-5.22538,36.85658],[-5.2663,36.87533],[-5.26978,36.88422],[-5.30158,36.86964],[-5.30629,36.85759],[-5.33251,36.8386],[-5.34071,36.81942],[-5.31982,36.78673],[-5.29093,36.77517],[-5.32463,36.72401],[-5.32762,36.69489],[-5.31871,36.69048],[-5.3304,36.67932],[-5.32403,36.67334],[-5.33382,36.67239],[-5.38072,36.63178],[-5.4385,36.61417],[-5.45591,36.61958],[-5.46082,36.58878],[-5.48955,36.57046],[-5.50206,36.54761],[-5.52333,36.53112],[-5.53707,36.52715],[-5.54164,36.53766],[-5.59512,36.55091],[-5.61178,36.5416],[-5.60792,36.51203],[-5.57216,36.51265],[-5.5598,36.50372],[-5.52303,36.49845],[-5.49142,36.53722],[-5.47372,36.53715],[-5.46551,36.52871],[-5.46032,36.53791],[-5.43158,36.53456],[-5.4129,36.52034],[-5.39555,36.46958],[-5.35579,36.43446],[-5.35728,36.42384],[-5.3351,36.39515],[-5.33512,36.37052],[-5.31516,36.34334],[-5.32008,36.32507],[-5.27783,36.33712],[-5.25235,36.31122],[-5.26908,36.29915],[-5.26971,36.28586],[-5.2739,36.292],[-5.28305,36.28851],[-5.27063,36.28816],[-5.29624,36.24614],[-5.31069,36.23831]]],[[[-5.4374,36.06416],[-5.43753,36.06417],[-5.43733,36.06423],[-5.4374,36.06416]]],[[[-5.43729,36.06439],[-5.43741,36.06441],[-5.43722,36.06446],[-5.43729,36.06439]]],[[[-5.43473,36.06475],[-5.4352,36.0652],[-5.43428,36.06521],[-5.43473,36.06475]]],[[[-5.43646,36.06517],[-5.4366,36.0652],[-5.43654,36.06536],[-5.43646,36.06517]]],[[[-5.4361,36.0654],[-5.43621,36.06565],[-5.43603,36.0656],[-5.4361,36.0654]]],[[[-5.43636,36.0655],[-5.43643,36.06577],[-5.43631,36.06573],[-5.43636,36.0655]]],[[[-5.42347,36.07613],[-5.4239,36.07654],[-5.42342,36.07626],[-5.42347,36.07613]]],[[[-5.42376,36.077],[-5.42408,36.07735],[-5.42367,36.07716],[-5.42376,36.077]]],[[[-6.21893,36.3838],[-6.22033,36.38698],[-6.2191,36.38643],[-6.21893,36.3838]]],[[[-6.22047,36.37885],[-6.22534,36.39618],[-6.21903,36.38088],[-6.22047,36.37885]]],[[[-6.22112,36.38724],[-6.22149,36.39005],[-6.2207,36.38798],[-6.22112,36.38724]]],[[[-6.21618,36.3823],[-6.21545,36.38396],[-6.2148,36.38321],[-6.21618,36.3823]]],[[[-5.29399,36.24527],[-5.29542,36.24552],[-5.29309,36.2455],[-5.29399,36.24527]]],[[[-6.0059,36.18125],[-6.00666,36.18143],[-6.0057,36.18133],[-6.0059,36.18125]]],[[[-6.00806,36.18137],[-6.00925,36.18149],[-6.00849,36.18157],[-6.00806,36.18137]]],[[[-6.4685,36.73225],[-6.47207,36.73759],[-6.46858,36.73761],[-6.4685,36.73225]]],[[[-6.4581,36.73541],[-6.45782,36.73585],[-6.45723,36.73586],[-6.4581,36.73541]]],[[[-6.31728,36.5271],[-6.31721,36.52907],[-6.31232,36.52783],[-6.31728,36.5271]]]]}},{"type":"Feature","id":"12","properties":{"code":"12","name":"Castelló/Castellón","nationalCode":"34101200000"},"geometry":{"type":"MultiPolygon","coordinates":[[[[-0.79769,39.88107],[-0.82999,39.90678],[-0.84042,39.92495],[-0.83691,39.93406],[-0.8463,39.9477],[-0.83574,39.96],[-0.8378,39.97681],[-0.77765,39.99841],[-0.76729,40.01003],[-0.76227,40.04126],[-0.75362,40.04661],[-0.74758,40.03788],[-0.68294,40.04422],[-0.62722,40.0762],[-0.61359,40.07001],[-0.62853,40.10258],[-0.60741,40.12798],[-0.57864,40.13733],[-0.56926,40.15916],[-0.57216,40.18147],[-0.55789,40.20084],[-0.54419,40.25166],[-0.5259,40.23732],[-0.49452,40.22873],[-0.46997,40.24013],[-0.46381,40.23386],[-0.42807,40.2438],[-0.38363,40.26485],[-0.38291,40.27852],[-0.40041,40.29485],[-0.38864,40.30694],[-0.36627,40.30505],[-0.36899,40.31178],[-0.35298,40.31337],[-0.3498,40.32795],[-0.34316,40.32541],[-0.34062,40.33999],[-0.30519,40.3625],[-0.28203,40.36529],[-0.28524,40.38632],[-0.34736,40.44394],[-0.33261,40.45905],[-0.27264,40.47376],[-0.27974,40.48345],[-0.27764,40.50153],[-0.2876,40.50956],[-0.29769,40.50577],[-0.30184,40.5154],[-0.29011,40.54395],[-0.29987,40.57733],[-0.29329,40.61104],[-0.31158,40.61145],[-0.32244,40.60281],[-0.37048,40.61359],[-0.37969,40.62413],[-0.3708,40.65077],[-0.38113,40.66423],[-0.35617,40.67769],[-0.32882,40.68028],[-0.307,40.6595],[-0.29363,40.67396],[-0.23599,40.69111],[-0.23839,40.72154],[-0.22403,40.75416],[-0.21284,40.75827],[-0.19718,40.78446],[-0.14531,40.78593],[-0.14384,40.76869],[-0.12684,40.75332],[-0.0647,40.72741],[-0.03141,40.72243],[-0.01772,40.7312],[0.01574,40.72843],[0.02837,40.71318],[0.02644,40.69495],[0.04217,40.69101],[0.07269,40.71431],[0.1125,40.72714],[0.14392,40.71825],[0.17049,40.73294],[0.19731,40.72418],[0.22601,40.73293],[0.22731,40.71585],[0.23964,40.70092],[0.26245,40.70592],[0.29201,40.68775],[0.26771,40.65816],[0.26567,40.64492],[0.27888,40.62989],[0.33793,40.60878],[0.40196,40.60238],[0.42018,40.58546],[0.44394,40.57822],[0.43341,40.56538],[0.43796,40.54706],[0.5147,40.52305],[0.4778,40.45874],[0.47519,40.46643],[0.4664,40.46014],[0.44109,40.42872],[0.4353,40.40948],[0.43432,40.41637],[0.41783,40.40059],[0.40403,40.36529],[0.40845,40.35735],[0.39231,40.35192],[0.32979,40.27951],[0.27836,40.24415],[0.264,40.20855],[0.23103,40.19804],[0.19366,40.17375],[0.15836,40.11929],[0.14755,40.08291],[0.12066,40.06224],[0.085,40.05681],[0.05007,40.03569],[0.02555,39.98341],[0.03253,39.96881],[0.02887,39.95565],[0.02844,39.96706],[0.01721,39.97436],[0.01957,39.96769],[0.01253,39.96791],[0.02236,39.96751],[0.01319,39.96738],[0.0133,39.95255],[0.00497,39.95444],[0.02005,39.95034],[0.02412,39.95649],[0.014,39.94787],[0.0033,39.95021],[-0.00516,39.91517],[-0.05794,39.87318],[-0.06699,39.85736],[-0.0707,39.86442],[-0.07525,39.86188],[-0.06902,39.85851],[-0.0774,39.86267],[-0.08887,39.85398],[-0.18827,39.72191],[-0.26418,39.7455],[-0.27653,39.77054],[-0.30857,39.79699],[-0.32826,39.80148],[-0.37792,39.79988],[-0.38938,39.7892],[-0.38556,39.77295],[-0.39609,39.75861],[-0.4096,39.7452],[-0.43908,39.73686],[-0.44552,39.71771],[-0.45618,39.7147],[-0.49825,39.74756],[-0.5309,39.79623],[-0.5484,39.79573],[-0.57705,39.7732],[-0.58814,39.74168],[-0.63081,39.7463],[-0.65243,39.7541],[-0.64471,39.79159],[-0.65615,39.83596],[-0.69111,39.85246],[-0.71255,39.81685],[-0.73046,39.81483],[-0.77356,39.8698],[-0.79769,39.88107]]],[[[0.68969,39.89527],[0.68902,39.89531],[0.68942,39.89553],[0.68969,39.89527]]],[[[0.68976,39.89528],[0.69004,39.89662],[0.69027,39.89555],[0.68976,39.89528]]],[[[0.68855,39.89455],[0.68812,39.89505],[0.68882,39.89525],[0.68855,39.89455]]],[[[0.68532,39.8934],[0.68303,39.89765],[0.68773,39.90052],[0.68532,39.8934]]],[[[0.67865,39.85034],[0.67865,39.85047],[0.67887,39.85033],[0.67865,39.85034]]],[[[0.67348,39.85063],[0.67347,39.8505],[0.67339,39.85057],[0.67348,39.85063]]],[[[0.67895,39.85085],[0.67874,39.85099],[0.67902,39.85101],[0.67895,39.85085]]],[[[0.67421,39.85078],[0.67414,39.85065],[0.67411,39.85074],[0.67421,39.85078]]],[[[0.67327,39.85071],[0.67313,39.85082],[0.67336,39.85093],[0.67327,39.85071]]],[[[0.67393,39.85107],[0.67402,39.85105],[0.67392,39.85087],[0.67393,39.85107]]],[[[0.67303,39.85106],[0.67303,39.85096],[0.67289,39.85097],[0.67303,39.85106]]],[[[0.6722,39.85167],[0.6723,39.8516],[0.67215,39.85155],[0.6722,39.85167]]],[[[0.67141,39.85203],[0.67156,39.85144],[0.67122,39.85166],[0.67141,39.85203]]],[[[0.67202,39.87432],[0.67188,39.87453],[0.67238,39.87458],[0.67202,39.87432]]],[[[0.67083,39.87392],[0.66931,39.87508],[0.67128,39.87612],[0.67083,39.87392]]],[[[0.67148,39.87466],[0.67097,39.87515],[0.67168,39.8755],[0.67148,39.87466]]],[[[0.67093,39.89196],[0.67103,39.89209],[0.67103,39.89199],[0.67093,39.89196]]],[[[0.66678,39.88915],[0.66606,39.8894],[0.66694,39.88973],[0.66678,39.88915]]],[[[0.66962,39.89008],[0.6693,39.89033],[0.66947,39.89034],[0.66962,39.89008]]],[[[0.66789,39.89085],[0.66726,39.89245],[0.66935,39.89061],[0.66789,39.89085]]],[[[0.67025,39.89149],[0.66999,39.89166],[0.67071,39.8921],[0.67025,39.89149]]]]}},{"type":"Feature","id":"13","properties":{"code":"13","name":"Ciudad Real","nationalCode":"34081300000"},"geometry":{"type":"MultiPolygon","coordinates":[[[[-2.73224,38.78185],[-2.69628,38.78293],[-2.64016,38.74174],[-2.65556,38.67143],[-2.66885,38.64922],[-2.69982,38.62536],[-2.71758,38.62513],[-2.72825,38.61608],[-2.76369,38.62789],[-2.7501,38.61557],[-2.7655,38.57385],[-2.74679,38.54681],[-2.77337,38.52875],[-2.77016,38.52065],[-2.77995,38.50971],[-2.7874,38.51553],[-2.79242,38.50268],[-2.8066,38.50305],[-2.81297,38.4913],[-2.83083,38.48742],[-2.83106,38.47646],[-2.83758,38.48437],[-2.84011,38.47723],[-2.85426,38.47899],[-2.85071,38.47458],[-2.87974,38.46316],[-2.88149,38.45264],[-2.90579,38.46991],[-2.96359,38.47145],[-2.97694,38.45489],[-2.99351,38.45012],[-2.99223,38.42859],[-3.00171,38.40832],[-3.06497,38.47825],[-3.13829,38.43858],[-3.27942,38.46024],[-3.30526,38.47928],[-3.32649,38.48212],[-3.37501,38.47523],[-3.37668,38.4396],[-3.4104,38.42356],[-3.42482,38.4068],[-3.4517,38.40032],[-3.52844,38.40864],[-3.54189,38.44538],[-3.58308,38.45147],[-3.58585,38.4056],[-3.59824,38.39847],[-3.62047,38.39399],[-3.73001,38.42437],[-3.73906,38.41376],[-3.78561,38.42527],[-3.83006,38.4128],[-3.83056,38.3929],[-3.85428,38.37514],[-3.91512,38.36881],[-4.00645,38.36807],[-4.14493,38.38643],[-4.15656,38.38132],[-4.25778,38.40158],[-4.2768,38.39021],[-4.26887,38.34717],[-4.27638,38.35089],[-4.28693,38.34276],[-4.32053,38.36237],[-4.332,38.36066],[-4.38937,38.38605],[-4.40645,38.38313],[-4.43517,38.40223],[-4.45299,38.40087],[-4.51269,38.46385],[-4.53531,38.46999],[-4.54149,38.4819],[-4.55914,38.47689],[-4.5663,38.49094],[-4.58442,38.49321],[-4.59369,38.48638],[-4.60902,38.49502],[-4.62278,38.52379],[-4.66604,38.54772],[-4.70395,38.55317],[-4.70737,38.57195],[-4.73341,38.57464],[-4.78754,38.59705],[-4.82121,38.59649],[-4.86017,38.61398],[-4.86888,38.68093],[-4.87697,38.68609],[-4.94087,38.68153],[-5.0046,38.6951],[-5.00044,38.70121],[-5.00803,38.71523],[-5.04695,38.72909],[-4.98999,38.73976],[-4.96124,38.78845],[-4.94348,38.85438],[-4.91494,38.88744],[-4.84732,38.8824],[-4.84171,38.91832],[-4.83113,38.93561],[-4.84525,38.9459],[-4.89113,38.95247],[-4.90507,38.96331],[-4.91822,38.95704],[-4.93367,38.97558],[-4.9625,39.05873],[-4.93513,39.05642],[-4.87999,39.03242],[-4.86099,39.03178],[-4.84917,39.0455],[-4.83279,39.04616],[-4.82694,39.06412],[-4.85842,39.07683],[-4.8744,39.10043],[-4.85687,39.12328],[-4.85317,39.15244],[-4.83156,39.16423],[-4.83222,39.17508],[-4.81027,39.19942],[-4.77364,39.1895],[-4.74255,39.19452],[-4.67655,39.16959],[-4.64789,39.16687],[-4.68795,39.20307],[-4.70823,39.20987],[-4.71355,39.24432],[-4.73368,39.25254],[-4.7611,39.32072],[-4.70708,39.32798],[-4.70426,39.36444],[-4.66967,39.41661],[-4.68694,39.44973],[-4.61813,39.4544],[-4.61159,39.46014],[-4.61843,39.48465],[-4.59028,39.49974],[-4.56792,39.49728],[-4.55463,39.51078],[-4.56144,39.53314],[-4.54268,39.544],[-4.53109,39.5316],[-4.53145,39.55508],[-4.52495,39.56162],[-4.48219,39.5388],[-4.50167,39.5351],[-4.51122,39.52212],[-4.49989,39.51769],[-4.48327,39.48835],[-4.46159,39.47855],[-4.45308,39.51729],[-4.44191,39.52313],[-4.42174,39.50715],[-4.32065,39.48341],[-4.23945,39.47821],[-4.19323,39.49538],[-4.15873,39.57676],[-4.12435,39.56356],[-4.04178,39.57535],[-4.03008,39.52197],[-4.06008,39.52144],[-4.06824,39.50255],[-4.05883,39.47219],[-4.06813,39.45705],[-4.08132,39.45167],[-4.11807,39.45688],[-4.1279,39.40885],[-4.14807,39.36277],[-4.12054,39.36262],[-4.10445,39.34111],[-4.07337,39.36533],[-3.9722,39.35218],[-3.96626,39.31644],[-3.95868,39.30957],[-3.96686,39.29855],[-3.85736,39.2585],[-3.84167,39.25958],[-3.81218,39.28671],[-3.79121,39.2929],[-3.76032,39.29169],[-3.72252,39.26961],[-3.68814,39.28486],[-3.68019,39.29828],[-3.5866,39.30766],[-3.56711,39.29933],[-3.53259,39.30416],[-3.47688,39.34314],[-3.47048,39.37214],[-3.41028,39.40459],[-3.34499,39.4082],[-3.30873,39.39878],[-3.31634,39.43403],[-3.29425,39.47077],[-3.18516,39.475],[-3.18414,39.48818],[-3.15679,39.49612],[-3.09588,39.47317],[-3.06988,39.45006],[-3.0227,39.45714],[-3.01485,39.44507],[-2.9994,39.44159],[-2.99478,39.45138],[-2.95679,39.44721],[-2.92852,39.47027],[-2.93241,39.4525],[-2.91481,39.4474],[-2.90812,39.43037],[-2.88977,39.42161],[-2.88632,39.40576],[-2.87032,39.39084],[-2.87086,39.38396],[-2.88601,39.38426],[-2.89679,39.3661],[-2.88247,39.35003],[-2.86427,39.3563],[-2.86003,39.34682],[-2.84623,39.34845],[-2.82642,39.35905],[-2.79315,39.39774],[-2.77603,39.39476],[-2.77208,39.3696],[-2.72219,39.26719],[-2.84266,39.13449],[-2.82726,39.09836],[-2.80501,39.07894],[-2.80881,39.02869],[-2.83226,39.02324],[-2.84459,38.98636],[-2.87097,38.96555],[-2.88289,38.93849],[-2.87622,38.92551],[-2.85766,38.92738],[-2.83581,38.90597],[-2.79246,38.90555],[-2.79065,38.89157],[-2.76187,38.88034],[-2.75114,38.84835],[-2.75268,38.81473],[-2.73452,38.79529],[-2.73224,38.78185]]],[[[-4.94074,39.39512],[-4.90821,39.49369],[-4.86312,39.55615],[-4.76247,39.51404],[-4.74285,39.48755],[-4.74995,39.46835],[-4.74051,39.45617],[-4.76698,39.43353],[-4.7669,39.42404],[-4.75371,39.42542],[-4.75537,39.41571],[-4.77461,39.39719],[-4.81043,39.39657],[-4.84555,39.37921],[-4.86071,39.37974],[-4.87093,39.36831],[-4.902,39.3745],[-4.94074,39.39512]]]]}},{"type":"Feature","id":"14","properties":{"code":"14","name":"Córdoba","nationalCode":"34011400000"},"geometry":{"type":"MultiPolygon","coordinates":[[[[-5.41191,37.68351],[-5.38825,37.6978],[-5.38415,37.68132],[-5.37513,37.67792],[-5.36277,37.69716],[-5.34346,37.70568],[-5.3271,37.69162],[-5.319,37.70151],[-5.3076,37.69924],[-5.30489,37.73095],[-5.31867,37.75824],[-5.30975,37.77359],[-5.34992,37.79427],[-5.33911,37.83198],[-5.34451,37.83987],[-5.41471,37.86946],[-5.42206,37.88888],[-5.41371,37.90144],[-5.42208,37.91843],[-5.41651,37.92836],[-5.42427,37.92725],[-5.41561,37.94367],[-5.47429,37.97535],[-5.49375,37.99695],[-5.48903,38.02894],[-5.49513,38.04184],[-5.53958,38.08215],[-5.53878,38.09381],[-5.58168,38.11547],[-5.58564,38.14035],[-5.53967,38.16069],[-5.53871,38.2006],[-5.52038,38.20844],[-5.52596,38.26412],[-5.5444,38.28233],[-5.55553,38.31773],[-5.57565,38.32911],[-5.56691,38.36255],[-5.55925,38.36688],[-5.58507,38.38584],[-5.58428,38.40097],[-5.57279,38.42759],[-5.55279,38.44562],[-5.51972,38.46329],[-5.50503,38.45682],[-5.49171,38.46637],[-5.4846,38.46295],[-5.47952,38.48425],[-5.41,38.52022],[-5.41624,38.52955],[-5.40343,38.53628],[-5.40693,38.5437],[-5.38366,38.53985],[-5.39272,38.55348],[-5.38358,38.55595],[-5.38981,38.56217],[-5.37569,38.56826],[-5.37175,38.58357],[-5.30851,38.57762],[-5.31023,38.59358],[-5.29224,38.61081],[-5.25443,38.62572],[-5.254,38.63319],[-5.2447,38.63233],[-5.24746,38.63984],[-5.23912,38.63675],[-5.22291,38.64835],[-5.22378,38.65671],[-5.21475,38.64857],[-5.20848,38.6677],[-5.19998,38.65657],[-5.19688,38.6673],[-5.18423,38.65973],[-5.17907,38.66573],[-5.18576,38.67417],[-5.16732,38.68047],[-5.1845,38.7197],[-5.16661,38.71167],[-5.119,38.71614],[-5.09919,38.70765],[-5.04695,38.72909],[-5.02502,38.72654],[-5.00202,38.70818],[-5.0046,38.6951],[-4.94087,38.68153],[-4.87697,38.68609],[-4.86888,38.68093],[-4.86017,38.61398],[-4.82121,38.59649],[-4.78754,38.59705],[-4.73341,38.57464],[-4.70737,38.57195],[-4.70395,38.55317],[-4.66604,38.54772],[-4.62278,38.52379],[-4.60902,38.49502],[-4.59369,38.48638],[-4.58442,38.49321],[-4.5663,38.49094],[-4.55914,38.47689],[-4.54149,38.4819],[-4.53531,38.46999],[-4.51269,38.46385],[-4.45299,38.40087],[-4.43517,38.40223],[-4.40645,38.38313],[-4.38937,38.38605],[-4.332,38.36066],[-4.32053,38.36237],[-4.28733,38.34276],[-4.27557,38.35091],[-4.2558,38.34019],[-4.23744,38.34154],[-4.23854,38.31511],[-4.22685,38.30825],[-4.22805,38.30118],[-4.21001,38.30086],[-4.21482,38.26965],[-4.20823,38.26652],[-4.21669,38.24695],[-4.196,38.23785],[-4.20118,38.21408],[-4.16786,38.18079],[-4.1612,38.145],[-4.17468,38.13187],[-4.19425,38.127],[-4.2037,38.10798],[-4.21795,38.11077],[-4.22211,38.10299],[-4.21409,38.08948],[-4.2287,38.09078],[-4.2219,38.08293],[-4.23249,38.08333],[-4.22685,38.07992],[-4.23628,38.06253],[-4.24647,38.06974],[-4.25195,38.06352],[-4.25106,38.04846],[-4.24107,38.0534],[-4.24009,38.04703],[-4.2506,38.0389],[-4.26894,38.03976],[-4.25996,38.02223],[-4.28225,38.02281],[-4.28445,38.00383],[-4.26432,37.97345],[-4.25805,37.93932],[-4.26239,37.91508],[-4.27481,37.90279],[-4.28674,37.79654],[-4.20682,37.77891],[-4.20714,37.77019],[-4.22942,37.75536],[-4.23822,37.71946],[-4.18312,37.70648],[-4.16437,37.68151],[-4.22787,37.63978],[-4.21844,37.62762],[-4.22181,37.62195],[-4.20759,37.60983],[-4.18783,37.61656],[-4.17264,37.61061],[-4.16302,37.59937],[-4.17052,37.58847],[-4.16131,37.58788],[-4.16099,37.57516],[-4.12098,37.5543],[-4.12231,37.54683],[-4.0991,37.53067],[-4.09806,37.51153],[-4.05999,37.50581],[-4.08765,37.48608],[-4.07016,37.47212],[-4.04814,37.46797],[-4.00082,37.40209],[-4.08594,37.40375],[-4.12722,37.37826],[-4.15784,37.34225],[-4.20404,37.35291],[-4.23642,37.33585],[-4.23651,37.29722],[-4.24813,37.26912],[-4.26325,37.26038],[-4.25531,37.22957],[-4.32813,37.18407],[-4.33131,37.19519],[-4.32263,37.20452],[-4.37164,37.2152],[-4.38257,37.23155],[-4.3797,37.27523],[-4.40737,37.27379],[-4.41912,37.2822],[-4.43302,37.27391],[-4.445,37.27759],[-4.45697,37.25844],[-4.46824,37.25754],[-4.46524,37.25151],[-4.47704,37.25736],[-4.48518,37.25248],[-4.47755,37.24473],[-4.49116,37.23858],[-4.49808,37.22333],[-4.49934,37.23035],[-4.5346,37.21189],[-4.56117,37.21931],[-4.57543,37.20926],[-4.6023,37.20924],[-4.59628,37.22505],[-4.61436,37.24322],[-4.61377,37.25508],[-4.64533,37.24685],[-4.66212,37.28374],[-4.68109,37.29005],[-4.67525,37.30178],[-4.66061,37.29445],[-4.66577,37.29927],[-4.65901,37.30508],[-4.68407,37.31536],[-4.68148,37.32338],[-4.66844,37.31981],[-4.67958,37.32999],[-4.67118,37.33449],[-4.68566,37.33027],[-4.68674,37.34114],[-4.71867,37.3585],[-4.72261,37.34643],[-4.73295,37.34278],[-4.72607,37.34183],[-4.72922,37.33533],[-4.74873,37.33091],[-4.76745,37.33773],[-4.78222,37.3285],[-4.82213,37.35819],[-4.82361,37.36876],[-4.81469,37.37753],[-4.82602,37.37908],[-4.84981,37.41066],[-4.83764,37.42324],[-4.84063,37.43602],[-4.88474,37.43798],[-4.87534,37.45045],[-4.90409,37.46741],[-4.91018,37.47978],[-4.90447,37.48949],[-4.9152,37.48416],[-4.91615,37.49268],[-4.90602,37.49984],[-4.92461,37.50038],[-4.93394,37.51985],[-4.94893,37.52195],[-4.93203,37.54591],[-4.93765,37.57184],[-4.93022,37.57585],[-4.93173,37.61659],[-4.94015,37.62124],[-4.97428,37.60016],[-4.95816,37.62164],[-4.95377,37.65244],[-4.98269,37.67629],[-4.99982,37.70659],[-5.04723,37.71829],[-5.07258,37.7077],[-5.08905,37.69466],[-5.09151,37.67995],[-5.06988,37.65935],[-5.09788,37.67029],[-5.09361,37.67565],[-5.10861,37.70067],[-5.12971,37.69875],[-5.11349,37.68873],[-5.10792,37.66258],[-5.13575,37.66857],[-5.15005,37.66092],[-5.17677,37.68058],[-5.27379,37.62549],[-5.3233,37.61425],[-5.35186,37.58429],[-5.35815,37.58514],[-5.35993,37.60545],[-5.3812,37.61091],[-5.41402,37.64528],[-5.3936,37.65602],[-5.41101,37.66155],[-5.41191,37.68351]]],[[[-5.01815,37.59211],[-5.0266,37.59542],[-5.03101,37.6106],[-5.04791,37.60814],[-5.04041,37.62619],[-5.08432,37.64808],[-5.05379,37.64237],[-5.04679,37.63194],[-5.03119,37.64152],[-5.0265,37.63516],[-5.03386,37.62164],[-5.01815,37.59211]]]]}},{"type":"Feature","id":"15","properties":{"code":"15","name":"A Coruña","nationalCode":"34121500000"},"geometry":{"type":"MultiPolygon","coordinates":[[[[-8.95796,42.78075],[-8.96633,42.77918],[-8.97484,42.79135],[-8.98159,42.77806],[-9.01784,42.78097],[-9.01141,42.79491],[-9.02055,42.80067],[-9.04616,42.78588],[-9.06388,42.78691],[-9.04783,42.76986],[-9.0588,42.75821],[-9.08029,42.75248],[-9.07846,42.73876],[-9.08952,42.73848],[-9.10217,42.75566],[-9.11568,42.75413],[-9.13457,42.7907],[-9.15135,42.79917],[-9.12244,42.80695],[-9.10757,42.82165],[-9.11185,42.84261],[-9.1382,42.84982],[-9.15022,42.87216],[-9.13857,42.88858],[-9.14316,42.89633],[-9.12548,42.90561],[-9.16061,42.91175],[-9.17278,42.9443],[-9.18853,42.9525],[-9.19317,42.94519],[-9.18313,42.91609],[-9.20917,42.91641],[-9.21801,42.94153],[-9.23143,42.94159],[-9.23328,42.92684],[-9.26296,42.91888],[-9.26224,42.90672],[-9.25568,42.9093],[-9.26977,42.88047],[-9.281,42.88952],[-9.27549,42.91027],[-9.29791,42.92317],[-9.29242,42.93972],[-9.2819,42.9431],[-9.28356,42.95511],[-9.26118,42.97318],[-9.25723,43.00244],[-9.27915,43.01231],[-9.28715,43.04356],[-9.301,43.04706],[-9.29937,43.0562],[-9.29286,43.0588],[-9.27671,43.04422],[-9.26767,43.05296],[-9.26223,43.04838],[-9.24954,43.07146],[-9.25698,43.09185],[-9.24764,43.09283],[-9.24369,43.0846],[-9.23718,43.09098],[-9.22102,43.08843],[-9.21866,43.11442],[-9.2156,43.10369],[-9.19841,43.10398],[-9.18848,43.09007],[-9.18374,43.10328],[-9.16713,43.10546],[-9.15819,43.1266],[-9.16732,43.13227],[-9.1655,43.15288],[-9.17083,43.13729],[-9.18461,43.12868],[-9.17828,43.12441],[-9.19293,43.12217],[-9.20557,43.13066],[-9.21397,43.16193],[-9.19929,43.15436],[-9.18021,43.16831],[-9.17449,43.1916],[-9.16136,43.18327],[-9.15143,43.18633],[-9.15013,43.19537],[-9.13583,43.19116],[-9.13024,43.19834],[-9.11093,43.18592],[-9.09855,43.19313],[-9.08647,43.18906],[-9.09067,43.18062],[-9.05967,43.18497],[-9.03936,43.19664],[-9.03244,43.21556],[-9.02277,43.2136],[-9.00988,43.22459],[-9.01286,43.23346],[-8.99599,43.21627],[-8.9809,43.22935],[-8.93975,43.22687],[-8.94165,43.24051],[-8.95281,43.2482],[-8.95276,43.26347],[-8.97686,43.26199],[-8.99129,43.27474],[-8.95679,43.29374],[-8.92772,43.28198],[-8.9254,43.29367],[-8.9064,43.29419],[-8.9118,43.32092],[-8.8845,43.32015],[-8.87553,43.3125],[-8.87057,43.32353],[-8.84833,43.31956],[-8.84921,43.33566],[-8.84119,43.34528],[-8.83207,43.34427],[-8.82679,43.32847],[-8.80617,43.32671],[-8.8025,43.31347],[-8.785,43.30386],[-8.74772,43.2943],[-8.72591,43.29893],[-8.71159,43.28997],[-8.63861,43.30736],[-8.60718,43.32234],[-8.56811,43.31178],[-8.53503,43.31596],[-8.50587,43.33063],[-8.4933,43.36039],[-8.47769,43.35221],[-8.45674,43.35981],[-8.45883,43.37076],[-8.43976,43.3815],[-8.40886,43.36926],[-8.40353,43.37459],[-8.41157,43.38503],[-8.40077,43.38997],[-8.39134,43.3851],[-8.39707,43.38138],[-8.38873,43.37084],[-8.37429,43.36505],[-8.39822,43.36966],[-8.40402,43.36368],[-8.38776,43.36145],[-8.39557,43.36122],[-8.38505,43.35377],[-8.37844,43.35727],[-8.38704,43.33948],[-8.35607,43.34354],[-8.3469,43.34884],[-8.35224,43.35629],[-8.33779,43.37695],[-8.35554,43.38069],[-8.34781,43.38541],[-8.35529,43.39035],[-8.30686,43.40567],[-8.29696,43.39785],[-8.29652,43.3852],[-8.27274,43.38699],[-8.25988,43.36971],[-8.24209,43.36297],[-8.25042,43.36271],[-8.24425,43.35888],[-8.25201,43.34986],[-8.20882,43.32784],[-8.21374,43.33984],[-8.20164,43.33561],[-8.22049,43.35344],[-8.20885,43.3627],[-8.21772,43.36747],[-8.21519,43.3776],[-8.22305,43.38689],[-8.20587,43.40915],[-8.17562,43.41207],[-8.1737,43.41989],[-8.19819,43.42664],[-8.21583,43.41789],[-8.23317,43.42929],[-8.24419,43.42496],[-8.2398,43.41923],[-8.25937,43.41786],[-8.2797,43.43662],[-8.31656,43.44501],[-8.30274,43.44675],[-8.31258,43.45429],[-8.27043,43.4635],[-8.26679,43.45474],[-8.25492,43.46618],[-8.23143,43.4627],[-8.2316,43.45508],[-8.20147,43.46007],[-8.19209,43.46439],[-8.19314,43.47167],[-8.1815,43.47242],[-8.19316,43.47486],[-8.18313,43.48295],[-8.1696,43.48052],[-8.16304,43.49669],[-8.17003,43.49846],[-8.15232,43.50409],[-8.16072,43.5027],[-8.15137,43.5175],[-8.16869,43.51542],[-8.17245,43.49775],[-8.19412,43.48948],[-8.19758,43.48573],[-8.18616,43.48492],[-8.20048,43.47718],[-8.21359,43.48399],[-8.23341,43.47144],[-8.23144,43.48137],[-8.24859,43.47619],[-8.24733,43.49333],[-8.25926,43.48768],[-8.2588,43.47373],[-8.26619,43.46771],[-8.29774,43.46087],[-8.3171,43.47056],[-8.34109,43.45837],[-8.34801,43.46379],[-8.31969,43.49804],[-8.33227,43.51304],[-8.32406,43.52555],[-8.30334,43.52572],[-8.29633,43.53502],[-8.30356,43.54681],[-8.31394,43.5462],[-8.31464,43.55532],[-8.32397,43.55449],[-8.32207,43.56523],[-8.31004,43.5695],[-8.29475,43.55627],[-8.26008,43.5579],[-8.21736,43.58171],[-8.21641,43.5924],[-8.20109,43.60341],[-8.19246,43.60308],[-8.19725,43.61144],[-8.18873,43.613],[-8.18843,43.62113],[-8.17373,43.61247],[-8.15551,43.61528],[-8.12265,43.64391],[-8.10105,43.64787],[-8.09329,43.66662],[-8.07729,43.64421],[-8.06993,43.65119],[-8.05387,43.64894],[-8.05576,43.65975],[-8.07589,43.66027],[-8.07056,43.67398],[-8.07579,43.68288],[-8.06663,43.68262],[-8.06414,43.70406],[-8.03298,43.71459],[-8.00039,43.70511],[-7.95264,43.72811],[-7.94657,43.74406],[-7.92273,43.74323],[-7.90446,43.76986],[-7.88915,43.76312],[-7.87003,43.77405],[-7.85927,43.76352],[-7.86634,43.7448],[-7.86214,43.73414],[-7.87203,43.73545],[-7.85514,43.72473],[-7.84927,43.71031],[-7.86327,43.71085],[-7.87602,43.72328],[-7.86935,43.70717],[-7.87992,43.70052],[-7.87756,43.68784],[-7.892,43.68475],[-7.87134,43.68044],[-7.87186,43.67199],[-7.88657,43.67766],[-7.90448,43.67135],[-7.87396,43.6618],[-7.84314,43.67252],[-7.86085,43.68311],[-7.86826,43.69807],[-7.85614,43.70418],[-7.86045,43.70675],[-7.83982,43.70299],[-7.83404,43.71105],[-7.82716,43.70116],[-7.83885,43.6962],[-7.82067,43.70071],[-7.81528,43.69501],[-7.82956,43.71007],[-7.81129,43.71525],[-7.81257,43.72658],[-7.80085,43.72237],[-7.79372,43.73627],[-7.78105,43.73296],[-7.74997,43.74691],[-7.72545,43.74675],[-7.71529,43.76649],[-7.68727,43.77654],[-7.68932,43.79132],[-7.66179,43.77737],[-7.68914,43.75631],[-7.68646,43.74306],[-7.70106,43.73695],[-7.69345,43.71608],[-7.70759,43.71042],[-7.6986,43.69566],[-7.70259,43.68635],[-7.7193,43.68738],[-7.691,43.65405],[-7.70184,43.64374],[-7.71679,43.64599],[-7.71955,43.63179],[-7.73548,43.62214],[-7.72233,43.60812],[-7.73042,43.6025],[-7.72025,43.59834],[-7.71793,43.58341],[-7.74876,43.57767],[-7.74381,43.57019],[-7.76031,43.54803],[-7.74797,43.5419],[-7.75522,43.5318],[-7.7445,43.53044],[-7.74967,43.51942],[-7.74443,43.5119],[-7.75878,43.50847],[-7.75712,43.49816],[-7.76827,43.48759],[-7.78008,43.44891],[-7.80727,43.43734],[-7.80537,43.42661],[-7.82307,43.40074],[-7.88194,43.40753],[-7.89891,43.3898],[-7.88514,43.37537],[-7.88695,43.33718],[-7.94711,43.28602],[-7.92185,43.26946],[-7.96139,43.18984],[-7.95025,43.17726],[-7.93707,43.1118],[-7.91683,43.08827],[-7.94299,43.06762],[-7.90531,42.9854],[-7.90817,42.95126],[-7.9163,42.9323],[-7.94332,42.91735],[-7.93551,42.90346],[-7.95618,42.88446],[-7.97789,42.87743],[-7.99509,42.85062],[-8.02431,42.84716],[-8.04682,42.83148],[-8.06415,42.83684],[-8.06044,42.8433],[-8.07508,42.85331],[-8.11685,42.84119],[-8.12061,42.85049],[-8.13906,42.84311],[-8.18327,42.86014],[-8.20551,42.84329],[-8.2208,42.84429],[-8.206,42.83222],[-8.20727,42.82516],[-8.23518,42.83285],[-8.24575,42.8276],[-8.25457,42.8367],[-8.27688,42.82164],[-8.27947,42.8109],[-8.29959,42.8189],[-8.29299,42.82886],[-8.31032,42.83044],[-8.3151,42.84585],[-8.32529,42.83119],[-8.32975,42.84209],[-8.33968,42.84064],[-8.34604,42.83226],[-8.33044,42.82732],[-8.33163,42.79443],[-8.35472,42.77882],[-8.39208,42.78936],[-8.39144,42.77668],[-8.39963,42.78068],[-8.41466,42.7666],[-8.40733,42.75402],[-8.47036,42.74368],[-8.49423,42.75671],[-8.53377,42.7518],[-8.55654,42.7606],[-8.55497,42.74651],[-8.59993,42.74312],[-8.60664,42.71515],[-8.62396,42.71425],[-8.65094,42.72915],[-8.65499,42.7205],[-8.67818,42.71163],[-8.7183,42.706],[-8.73167,42.68786],[-8.72726,42.67704],[-8.74478,42.66622],[-8.74696,42.65081],[-8.77,42.65308],[-8.79489,42.63659],[-8.82594,42.6461],[-8.81226,42.66723],[-8.82896,42.66642],[-8.8446,42.68704],[-8.84,42.66103],[-8.85204,42.66522],[-8.8611,42.64643],[-8.83774,42.63229],[-8.85893,42.6266],[-8.85739,42.60638],[-8.88768,42.61052],[-8.88765,42.62054],[-8.87349,42.63238],[-8.89892,42.64456],[-8.9025,42.63323],[-8.93377,42.61369],[-8.93024,42.60513],[-8.93729,42.60709],[-8.91988,42.587],[-8.95425,42.58452],[-8.96244,42.56918],[-8.9883,42.56584],[-8.98299,42.54544],[-8.99591,42.52957],[-9.00939,42.52662],[-9.0111,42.51806],[-9.01386,42.52322],[-9.04248,42.5172],[-9.04128,42.53636],[-9.02973,42.54802],[-9.03926,42.56556],[-9.05775,42.57776],[-9.07502,42.57216],[-9.07389,42.56638],[-9.09142,42.57648],[-9.07926,42.58012],[-9.07921,42.59808],[-9.06451,42.60034],[-9.06122,42.61764],[-9.04053,42.63736],[-9.04176,42.6691],[-9.0287,42.68524],[-9.0338,42.6952],[-9.02418,42.70794],[-9.01097,42.71071],[-9.00866,42.727],[-8.99638,42.72758],[-8.99093,42.74053],[-8.95421,42.7485],[-8.94857,42.76569],[-8.94705,42.75937],[-8.92458,42.78829],[-8.90392,42.78844],[-8.90814,42.79435],[-8.89859,42.79644],[-8.8967,42.81283],[-8.90027,42.80704],[-8.90416,42.81383],[-8.87942,42.81609],[-8.87572,42.82891],[-8.88776,42.81574],[-8.90084,42.81902],[-8.89905,42.829],[-8.90885,42.82515],[-8.89946,42.82557],[-8.90896,42.79635],[-8.92479,42.79769],[-8.93134,42.80731],[-8.95796,42.78075]]],[[[-9.0196,42.45903],[-9.01962,42.4594],[-9.01935,42.45924],[-9.0196,42.45903]]],[[[-9.01896,42.45961],[-9.01913,42.4598],[-9.01892,42.45974],[-9.01896,42.45961]]],[[[-8.99869,42.4684],[-8.99901,42.46867],[-8.99874,42.46866],[-8.99869,42.4684]]],[[[-9.02154,42.47388],[-9.02171,42.47403],[-9.0215,42.47436],[-9.02154,42.47388]]],[[[-9.02088,42.47534],[-9.02113,42.47541],[-9.02068,42.4754],[-9.02088,42.47534]]],[[[-9.02041,42.47356],[-9.02061,42.47368],[-9.02044,42.47404],[-9.02041,42.47356]]],[[[-9.0058,42.47676],[-9.0059,42.47679],[-9.00587,42.47695],[-9.0058,42.47676]]],[[[-9.00608,42.47702],[-9.00606,42.47719],[-9.00596,42.47704],[-9.00608,42.47702]]],[[[-9.02063,42.47937],[-9.02075,42.47954],[-9.02052,42.47945],[-9.02063,42.47937]]],[[[-9.02053,42.47957],[-9.02062,42.47975],[-9.02034,42.47969],[-9.02053,42.47957]]],[[[-9.02342,42.48096],[-9.0237,42.4811],[-9.02336,42.48113],[-9.02342,42.48096]]],[[[-9.02233,42.48128],[-9.02241,42.48147],[-9.02218,42.48148],[-9.02233,42.48128]]],[[[-9.02267,42.48118],[-9.02273,42.48132],[-9.02246,42.48128],[-9.02267,42.48118]]],[[[-9.02347,42.48127],[-9.02377,42.48138],[-9.02337,42.4815],[-9.02347,42.48127]]],[[[-9.02276,42.48153],[-9.02278,42.48161],[-9.02246,42.48157],[-9.02276,42.48153]]],[[[-9.02511,42.48163],[-9.02513,42.48176],[-9.02495,42.48179],[-9.02511,42.48163]]],[[[-9.02245,42.4817],[-9.02257,42.48189],[-9.02239,42.48198],[-9.02245,42.4817]]],[[[-9.0229,42.48176],[-9.02318,42.48187],[-9.02293,42.48192],[-9.0229,42.48176]]],[[[-9.01525,42.464],[-9.01524,42.46441],[-9.01509,42.46419],[-9.01525,42.464]]],[[[-9.01651,42.46427],[-9.01672,42.46446],[-9.01645,42.46437],[-9.01651,42.46427]]],[[[-9.00169,42.46648],[-9.00157,42.46673],[-9.00152,42.46663],[-9.00169,42.46648]]],[[[-9.00195,42.46669],[-9.00205,42.46678],[-9.00184,42.46685],[-9.00195,42.46669]]],[[[-9.00155,42.4669],[-9.00137,42.46732],[-9.0011,42.4672],[-9.00155,42.4669]]],[[[-9.0018,42.46708],[-9.00195,42.46717],[-9.00176,42.4673],[-9.0018,42.46708]]],[[[-9.00007,42.46746],[-9.00032,42.46754],[-9.00017,42.46763],[-9.00007,42.46746]]],[[[-9.00058,42.46758],[-9.00076,42.46785],[-9.00063,42.46784],[-9.00058,42.46758]]],[[[-9.01889,42.47122],[-9.01883,42.47154],[-9.01868,42.47132],[-9.01889,42.47122]]],[[[-9.00009,42.47129],[-9.00047,42.4714],[-9.00012,42.47151],[-9.00009,42.47129]]],[[[-9.0028,42.47134],[-9.00284,42.47151],[-9.00272,42.47153],[-9.0028,42.47134]]],[[[-9.01897,42.47059],[-9.01886,42.47091],[-9.0186,42.47079],[-9.01897,42.47059]]],[[[-8.99951,42.47088],[-8.99959,42.47099],[-8.9994,42.47102],[-8.99951,42.47088]]],[[[-8.99256,42.48505],[-8.99353,42.486],[-8.99274,42.48593],[-8.99256,42.48505]]],[[[-9.01096,42.48591],[-9.01104,42.48615],[-9.01087,42.48647],[-9.01096,42.48591]]],[[[-9.01439,42.48682],[-9.01478,42.48692],[-9.0147,42.48723],[-9.01439,42.48682]]],[[[-8.99495,42.48704],[-8.99469,42.48748],[-8.99456,42.48714],[-8.99495,42.48704]]],[[[-9.02577,42.48892],[-9.02578,42.48927],[-9.02517,42.48921],[-9.02577,42.48892]]],[[[-9.0146,42.4892],[-9.01478,42.48932],[-9.01458,42.48937],[-9.0146,42.4892]]],[[[-8.99846,42.48943],[-8.99921,42.48954],[-8.99797,42.48968],[-8.99846,42.48943]]],[[[-9.00009,42.48933],[-8.99999,42.4896],[-8.99978,42.4895],[-9.00009,42.48933]]],[[[-8.99951,42.48947],[-8.99978,42.48963],[-8.99944,42.4897],[-8.99951,42.48947]]],[[[-9.01441,42.49004],[-9.01451,42.49014],[-9.01436,42.49024],[-9.01441,42.49004]]],[[[-9.00051,42.49095],[-9.00106,42.491],[-9.00062,42.49121],[-9.00051,42.49095]]],[[[-9.01546,42.49145],[-9.01557,42.49184],[-9.01539,42.49167],[-9.01546,42.49145]]],[[[-9.01746,42.49172],[-9.01754,42.49194],[-9.01737,42.49181],[-9.01746,42.49172]]],[[[-9.00177,42.49015],[-9.00184,42.49027],[-9.00164,42.49033],[-9.00177,42.49015]]],[[[-9.0135,42.49028],[-9.01438,42.49045],[-9.01332,42.4906],[-9.0135,42.49028]]],[[[-9.00198,42.49031],[-9.00255,42.49234],[-9.0017,42.49173],[-9.00198,42.49031]]],[[[-9.01461,42.48951],[-9.01462,42.48996],[-9.01439,42.4897],[-9.01461,42.48951]]],[[[-9.00222,42.4898],[-9.00274,42.49019],[-9.0021,42.48987],[-9.00222,42.4898]]],[[[-9.01515,42.48769],[-9.01522,42.48808],[-9.015,42.48793],[-9.01515,42.48769]]],[[[-9.02527,42.48824],[-9.0257,42.48861],[-9.02508,42.48848],[-9.02527,42.48824]]],[[[-9.01774,42.48726],[-9.01795,42.4874],[-9.0178,42.48767],[-9.01774,42.48726]]],[[[-9.0121,42.48729],[-9.01191,42.4876],[-9.01184,42.48746],[-9.0121,42.48729]]],[[[-8.9982,42.48741],[-8.99817,42.48768],[-8.99806,42.48756],[-8.9982,42.48741]]],[[[-8.99872,42.48761],[-8.99879,42.48782],[-8.99856,42.48784],[-8.99872,42.48761]]],[[[-9.01513,42.48836],[-9.01542,42.48853],[-9.01495,42.48879],[-9.01513,42.48836]]],[[[-8.99615,42.48754],[-8.99822,42.48874],[-8.99678,42.48944],[-8.99615,42.48754]]],[[[-9.01043,42.46296],[-9.02037,42.47434],[-9.01561,42.48577],[-8.99936,42.4688],[-9.01043,42.46296]]],[[[-9.02292,42.48199],[-9.02307,42.48209],[-9.0229,42.48236],[-9.02292,42.48199]]],[[[-9.00938,42.48322],[-9.00945,42.4834],[-9.0093,42.48344],[-9.00938,42.48322]]],[[[-9.01935,42.48413],[-9.01959,42.48424],[-9.01951,42.48441],[-9.01935,42.48413]]],[[[-9.01302,42.48427],[-9.01326,42.48442],[-9.01286,42.48444],[-9.01302,42.48427]]],[[[-9.01875,42.48469],[-9.01887,42.48474],[-9.01881,42.48496],[-9.01875,42.48469]]],[[[-9.01674,42.48496],[-9.01673,42.48534],[-9.01658,42.48507],[-9.01674,42.48496]]],[[[-9.00487,42.49242],[-9.00595,42.49273],[-9.00468,42.49285],[-9.00487,42.49242]]],[[[-9.02491,42.49263],[-9.02524,42.49295],[-9.02496,42.49298],[-9.02491,42.49263]]],[[[-9.01905,42.49263],[-9.01961,42.49291],[-9.0191,42.49288],[-9.01905,42.49263]]],[[[-9.01873,42.49284],[-9.01881,42.493],[-9.01868,42.49307],[-9.01873,42.49284]]],[[[-9.01794,42.49245],[-9.01793,42.49265],[-9.01782,42.49251],[-9.01794,42.49245]]],[[[-9.01981,42.49329],[-9.01989,42.49336],[-9.01971,42.49346],[-9.01981,42.49329]]],[[[-9.00518,42.49319],[-9.00545,42.49398],[-9.00481,42.49378],[-9.00518,42.49319]]],[[[-8.99723,42.4939],[-8.99741,42.49398],[-8.99708,42.49403],[-8.99723,42.4939]]],[[[-8.99895,42.49386],[-8.99928,42.4943],[-8.99877,42.49407],[-8.99895,42.49386]]],[[[-9.00627,42.49436],[-9.00632,42.4946],[-9.00613,42.49444],[-9.00627,42.49436]]],[[[-9.00008,42.49486],[-9.00044,42.49532],[-8.99952,42.49497],[-9.00008,42.49486]]],[[[-9.04784,42.50494],[-9.04817,42.50521],[-9.04779,42.5052],[-9.04784,42.50494]]],[[[-9.00857,42.50512],[-9.00864,42.50516],[-9.00844,42.50523],[-9.00857,42.50512]]],[[[-9.00773,42.49809],[-9.00765,42.49827],[-9.0076,42.4981],[-9.00773,42.49809]]],[[[-9.00742,42.49815],[-9.00752,42.49815],[-9.00753,42.49827],[-9.00742,42.49815]]],[[[-9.00797,42.49819],[-9.00795,42.49825],[-9.0079,42.49825],[-9.00797,42.49819]]],[[[-9.01333,42.4982],[-9.01348,42.49832],[-9.01326,42.49845],[-9.01333,42.4982]]],[[[-9.01455,42.49822],[-9.01484,42.49864],[-9.01441,42.49862],[-9.01455,42.49822]]],[[[-9.00749,42.49887],[-9.00757,42.49911],[-9.00717,42.49928],[-9.00749,42.49887]]],[[[-9.00908,42.49872],[-9.00925,42.49884],[-9.00907,42.49886],[-9.00908,42.49872]]],[[[-9.00943,42.4988],[-9.00998,42.49889],[-9.00963,42.49916],[-9.00943,42.4988]]],[[[-9.00804,42.49986],[-9.00815,42.50009],[-9.00803,42.50007],[-9.00804,42.49986]]],[[[-9.00879,42.49988],[-9.00893,42.5001],[-9.0088,42.50006],[-9.00879,42.49988]]],[[[-9.00824,42.49729],[-9.00834,42.49752],[-9.00815,42.49754],[-9.00824,42.49729]]],[[[-9.00618,42.49741],[-9.00667,42.49787],[-9.00598,42.49771],[-9.00618,42.49741]]],[[[-9.00269,42.49757],[-9.00276,42.49775],[-9.00241,42.49781],[-9.00269,42.49757]]],[[[-9.01468,42.49737],[-9.01517,42.49807],[-9.01459,42.49806],[-9.01468,42.49737]]],[[[-9.00805,42.49778],[-9.00815,42.4979],[-9.00796,42.49799],[-9.00805,42.49778]]],[[[-9.00364,42.49583],[-9.00702,42.4997],[-9.00398,42.49988],[-9.00364,42.49583]]],[[[-9.00898,42.50541],[-9.00906,42.50557],[-9.00891,42.50553],[-9.00898,42.50541]]],[[[-9.00806,42.50542],[-9.00821,42.50547],[-9.00802,42.50557],[-9.00806,42.50542]]],[[[-9.00957,42.50549],[-9.00959,42.50564],[-9.0094,42.50566],[-9.00957,42.50549]]],[[[-9.05445,42.50698],[-9.05459,42.50767],[-9.0542,42.50733],[-9.05445,42.50698]]],[[[-9.0394,42.50688],[-9.03946,42.50696],[-9.03928,42.50697],[-9.0394,42.50688]]],[[[-9.0372,42.50661],[-9.03735,42.5067],[-9.03734,42.50684],[-9.0372,42.50661]]],[[[-9.03554,42.50811],[-9.03581,42.50833],[-9.03556,42.50828],[-9.03554,42.50811]]],[[[-9.05204,42.50835],[-9.05207,42.50855],[-9.05181,42.50861],[-9.05204,42.50835]]],[[[-9.0509,42.50792],[-9.0511,42.50803],[-9.05087,42.5081],[-9.0509,42.50792]]],[[[-9.04756,42.50782],[-9.04783,42.50819],[-9.04761,42.50821],[-9.04756,42.50782]]],[[[-9.05106,42.50816],[-9.05115,42.50835],[-9.05101,42.50828],[-9.05106,42.50816]]],[[[-9.03701,42.50703],[-9.03709,42.50714],[-9.03698,42.50726],[-9.03701,42.50703]]],[[[-9.05284,42.5066],[-9.05311,42.50719],[-9.0524,42.50691],[-9.05284,42.5066]]],[[[-9.05248,42.50748],[-9.05279,42.50761],[-9.05229,42.50759],[-9.05248,42.50748]]],[[[-9.04863,42.50733],[-9.04868,42.50747],[-9.04856,42.50757],[-9.04863,42.50733]]],[[[-9.00258,42.51112],[-9.00262,42.51119],[-9.00241,42.51127],[-9.00258,42.51112]]],[[[-9.00477,42.5107],[-9.00534,42.51095],[-9.00505,42.511],[-9.00477,42.5107]]],[[[-9.0053,42.51046],[-9.00549,42.51063],[-9.00526,42.51059],[-9.0053,42.51046]]],[[[-9.04457,42.51059],[-9.04475,42.51099],[-9.0445,42.51121],[-9.04457,42.51059]]],[[[-9.04698,42.51094],[-9.04713,42.51105],[-9.04699,42.51107],[-9.04698,42.51094]]],[[[-9.04909,42.50705],[-9.05062,42.5086],[-9.04924,42.51053],[-9.04909,42.50705]]],[[[-9.04722,42.50864],[-9.04723,42.50893],[-9.04679,42.50885],[-9.04722,42.50864]]],[[[-9.03567,42.50882],[-9.03578,42.50898],[-9.03558,42.50896],[-9.03567,42.50882]]],[[[-9.04511,42.50928],[-9.04523,42.50936],[-9.0451,42.50941],[-9.04511,42.50928]]],[[[-9.04792,42.5094],[-9.04784,42.5097],[-9.04776,42.50953],[-9.04792,42.5094]]],[[[-9.04495,42.51025],[-9.0449,42.51037],[-9.04485,42.5103],[-9.04495,42.51025]]],[[[-9.00753,42.51299],[-9.00767,42.51328],[-9.00746,42.51313],[-9.00753,42.51299]]],[[[-9.04159,42.51483],[-9.04165,42.515],[-9.04149,42.5149],[-9.04159,42.51483]]],[[[-9.03973,42.51585],[-9.03961,42.51597],[-9.03961,42.51588],[-9.03973,42.51585]]],[[[-9.00768,42.51441],[-9.00844,42.51472],[-9.00755,42.51552],[-9.00768,42.51441]]],[[[-9.01169,42.51503],[-9.01177,42.51507],[-9.01167,42.51518],[-9.01169,42.51503]]],[[[-9.00889,42.51511],[-9.00879,42.51542],[-9.00857,42.51549],[-9.00889,42.51511]]],[[[-9.04061,42.51401],[-9.0407,42.51406],[-9.04062,42.5141],[-9.04061,42.51401]]],[[[-9.01021,42.51417],[-9.01027,42.51437],[-9.01018,42.51433],[-9.01021,42.51417]]],[[[-9.00699,42.51373],[-9.00629,42.51482],[-9.00608,42.51425],[-9.00699,42.51373]]],[[[-9.04144,42.51413],[-9.04105,42.51494],[-9.04073,42.51456],[-9.04144,42.51413]]],[[[-9.04767,42.51204],[-9.04791,42.51221],[-9.04766,42.51239],[-9.04767,42.51204]]],[[[-9.00457,42.51222],[-9.00466,42.51228],[-9.00447,42.5123],[-9.00457,42.51222]]],[[[-9.04336,42.51199],[-9.04344,42.51204],[-9.04334,42.5121],[-9.04336,42.51199]]],[[[-9.0049,42.512],[-9.00507,42.51209],[-9.00488,42.51212],[-9.0049,42.512]]],[[[-9.04604,42.5122],[-9.04609,42.5123],[-9.0459,42.51233],[-9.04604,42.5122]]],[[[-9.00398,42.51123],[-9.00408,42.51155],[-9.00389,42.51159],[-9.00398,42.51123]]],[[[-9.0469,42.51154],[-9.04739,42.51194],[-9.0471,42.51189],[-9.0469,42.51154]]],[[[-9.03725,42.51148],[-9.03744,42.51151],[-9.03718,42.51151],[-9.03725,42.51148]]],[[[-9.04588,42.51081],[-9.04634,42.51184],[-9.0455,42.51149],[-9.04588,42.51081]]],[[[-9.04402,42.51121],[-9.04413,42.51148],[-9.04398,42.51136],[-9.04402,42.51121]]],[[[-9.04757,42.50984],[-9.04936,42.51196],[-9.04694,42.5107],[-9.04757,42.50984]]],[[[-9.04813,42.51186],[-9.0484,42.51194],[-9.04824,42.51202],[-9.04813,42.51186]]],[[[-9.04676,42.51168],[-9.04689,42.51184],[-9.04669,42.51177],[-9.04676,42.51168]]],[[[-9.04584,42.51169],[-9.046,42.51179],[-9.04584,42.51191],[-9.04584,42.51169]]],[[[-9.00412,42.51191],[-9.00421,42.51199],[-9.00411,42.51198],[-9.00412,42.51191]]],[[[-9.04499,42.51136],[-9.04533,42.51224],[-9.04483,42.51195],[-9.04499,42.51136]]],[[[-9.09193,42.57792],[-9.092,42.57816],[-9.09182,42.57808],[-9.09193,42.57792]]],[[[-8.95778,42.57799],[-8.95789,42.57808],[-8.95778,42.57809],[-8.95778,42.57799]]],[[[-8.95638,42.57804],[-8.95651,42.57815],[-8.95635,42.57813],[-8.95638,42.57804]]],[[[-9.08934,42.57798],[-9.08997,42.57855],[-9.08946,42.5785],[-9.08934,42.57798]]],[[[-8.95798,42.57833],[-8.95809,42.57841],[-8.95792,42.57842],[-8.95798,42.57833]]],[[[-9.08209,42.5788],[-9.08225,42.57899],[-9.08205,42.57895],[-9.08209,42.5788]]],[[[-9.0868,42.57895],[-9.08706,42.57897],[-9.08707,42.57917],[-9.0868,42.57895]]],[[[-8.94323,42.58056],[-8.94341,42.58065],[-8.94321,42.58085],[-8.94323,42.58056]]],[[[-9.08154,42.57943],[-9.08185,42.57957],[-9.0815,42.57952],[-9.08154,42.57943]]],[[[-9.08244,42.57975],[-9.08269,42.57983],[-9.08271,42.58005],[-9.08244,42.57975]]],[[[-8.95423,42.5799],[-8.95434,42.57991],[-8.95429,42.58002],[-8.95423,42.5799]]],[[[-8.95476,42.57999],[-8.95505,42.58009],[-8.95468,42.58009],[-8.95476,42.57999]]],[[[-8.95485,42.58047],[-8.95474,42.58064],[-8.95454,42.58062],[-8.95485,42.58047]]],[[[-8.94307,42.58126],[-8.94314,42.58145],[-8.94292,42.58147],[-8.94307,42.58126]]],[[[-8.95628,42.58121],[-8.95647,42.58154],[-8.95615,42.58156],[-8.95628,42.58121]]],[[[-8.93473,42.58131],[-8.93536,42.58209],[-8.93395,42.58257],[-8.93473,42.58131]]],[[[-8.91829,42.58586],[-8.91843,42.58617],[-8.91744,42.58635],[-8.91829,42.58586]]],[[[-9.0787,42.58268],[-9.07887,42.58268],[-9.07888,42.58284],[-9.0787,42.58268]]],[[[-9.07841,42.58291],[-9.07849,42.583],[-9.07831,42.58303],[-9.07841,42.58291]]],[[[-9.07785,42.58713],[-9.07814,42.58729],[-9.07791,42.58734],[-9.07785,42.58713]]],[[[-9.07724,42.5873],[-9.07735,42.58745],[-9.0772,42.58746],[-9.07724,42.5873]]],[[[-9.07789,42.59023],[-9.07809,42.59044],[-9.0778,42.59043],[-9.07789,42.59023]]],[[[-9.07999,42.592],[-9.08016,42.59201],[-9.08014,42.59217],[-9.07999,42.592]]],[[[-9.08051,42.59217],[-9.08071,42.59236],[-9.0805,42.59232],[-9.08051,42.59217]]],[[[-8.91929,42.58748],[-8.91968,42.5877],[-8.91945,42.58774],[-8.91929,42.58748]]],[[[-8.91872,42.5918],[-8.91859,42.59196],[-8.91848,42.59194],[-8.91872,42.5918]]],[[[-8.80405,42.63683],[-8.80423,42.63701],[-8.80394,42.63706],[-8.80405,42.63683]]],[[[-8.75498,42.64751],[-8.75506,42.64761],[-8.75488,42.64761],[-8.75498,42.64751]]],[[[-8.74723,42.65024],[-8.7477,42.65069],[-8.74731,42.65062],[-8.74723,42.65024]]],[[[-8.81886,42.65679],[-8.81902,42.6568],[-8.81899,42.65687],[-8.81886,42.65679]]],[[[-8.81919,42.65687],[-8.81919,42.65708],[-8.819,42.65699],[-8.81919,42.65687]]],[[[-9.14787,42.73721],[-9.14814,42.73733],[-9.14794,42.73742],[-9.14787,42.73721]]],[[[-9.05746,42.69271],[-9.05758,42.69287],[-9.05736,42.69291],[-9.05746,42.69271]]],[[[-9.05752,42.69301],[-9.05759,42.69316],[-9.0573,42.69323],[-9.05752,42.69301]]],[[[-9.02899,42.70246],[-9.02921,42.70254],[-9.02899,42.70256],[-9.02899,42.70246]]],[[[-9.0251,42.70786],[-9.02506,42.70813],[-9.025,42.70795],[-9.0251,42.70786]]],[[[-9.02587,42.70809],[-9.02595,42.70809],[-9.02596,42.70818],[-9.02587,42.70809]]],[[[-9.02429,42.70905],[-9.02445,42.70921],[-9.02422,42.70919],[-9.02429,42.70905]]],[[[-9.01897,42.70977],[-9.01911,42.71005],[-9.01902,42.71003],[-9.01897,42.70977]]],[[[-9.08208,42.73253],[-9.08299,42.73273],[-9.08131,42.73302],[-9.08208,42.73253]]],[[[-9.0827,42.73298],[-9.08299,42.73308],[-9.08269,42.73315],[-9.0827,42.73298]]],[[[-9.08272,42.73328],[-9.0831,42.73336],[-9.08286,42.73365],[-9.08272,42.73328]]],[[[-9.08172,42.73341],[-9.082,42.73374],[-9.08154,42.73367],[-9.08172,42.73341]]],[[[-9.08173,42.73405],[-9.08181,42.73412],[-9.08162,42.73418],[-9.08173,42.73405]]],[[[-9.14659,42.73654],[-9.14653,42.73676],[-9.14642,42.73657],[-9.14659,42.73654]]],[[[-9.14731,42.73733],[-9.14742,42.73763],[-9.14699,42.73755],[-9.14731,42.73733]]],[[[-9.14573,42.73625],[-9.14601,42.7366],[-9.14544,42.73647],[-9.14573,42.73625]]],[[[-9.14611,42.73685],[-9.14621,42.73695],[-9.14606,42.73699],[-9.14611,42.73685]]],[[[-9.09122,42.73736],[-9.09151,42.73758],[-9.09108,42.73764],[-9.09122,42.73736]]],[[[-9.00359,42.73566],[-9.00407,42.73598],[-9.00346,42.73605],[-9.00359,42.73566]]],[[[-9.14696,42.73764],[-9.14717,42.73804],[-9.14668,42.73782],[-9.14696,42.73764]]],[[[-9.14618,42.73818],[-9.14631,42.73825],[-9.14619,42.7383],[-9.14618,42.73818]]],[[[-9.08694,42.73774],[-9.08711,42.73788],[-9.08702,42.73798],[-9.08694,42.73774]]],[[[-9.14666,42.73872],[-9.147,42.73921],[-9.14647,42.7389],[-9.14666,42.73872]]],[[[-9.1462,42.73896],[-9.1463,42.73916],[-9.14606,42.73917],[-9.1462,42.73896]]],[[[-9.09117,42.74215],[-9.09154,42.7426],[-9.09129,42.74315],[-9.09117,42.74215]]],[[[-9.09015,42.73831],[-9.09039,42.73844],[-9.09011,42.73863],[-9.09015,42.73831]]],[[[-8.84253,42.62737],[-8.84261,42.62749],[-8.84248,42.62758],[-8.84253,42.62737]]],[[[-8.84339,42.62536],[-8.84346,42.62631],[-8.84217,42.62647],[-8.84339,42.62536]]],[[[-8.85508,42.6258],[-8.85565,42.62596],[-8.85557,42.62706],[-8.85508,42.6258]]],[[[-8.91732,42.62058],[-8.91739,42.62066],[-8.9173,42.62064],[-8.91732,42.62058]]],[[[-8.9172,42.62062],[-8.91726,42.62071],[-8.91719,42.62067],[-8.9172,42.62062]]],[[[-8.869,42.60414],[-8.86942,42.60493],[-8.86904,42.60522],[-8.869,42.60414]]],[[[-8.86763,42.60622],[-8.86812,42.6063],[-8.86799,42.60682],[-8.86763,42.60622]]],[[[-8.87684,42.60122],[-8.87783,42.60199],[-8.87686,42.60286],[-8.87684,42.60122]]],[[[-9.08168,42.59726],[-9.08216,42.59752],[-9.08166,42.5974],[-9.08168,42.59726]]],[[[-9.08144,42.59751],[-9.08155,42.59763],[-9.08139,42.59766],[-9.08144,42.59751]]],[[[-9.07744,42.59998],[-9.07752,42.60013],[-9.07738,42.60012],[-9.07744,42.59998]]],[[[-9.07717,42.60009],[-9.07725,42.60023],[-9.07712,42.60021],[-9.07717,42.60009]]],[[[-9.07628,42.5987],[-9.07662,42.59903],[-9.07627,42.599],[-9.07628,42.5987]]],[[[-9.07204,42.59893],[-9.07227,42.59914],[-9.07194,42.59907],[-9.07204,42.59893]]],[[[-9.07995,42.59617],[-9.08066,42.59623],[-9.08085,42.59659],[-9.07995,42.59617]]],[[[-9.06418,42.60967],[-9.06466,42.60983],[-9.06432,42.60989],[-9.06418,42.60967]]],[[[-9.05966,42.61169],[-9.06004,42.61198],[-9.0596,42.61184],[-9.05966,42.61169]]],[[[-9.06248,42.61923],[-9.06297,42.61937],[-9.06242,42.61956],[-9.06248,42.61923]]],[[[-9.06268,42.60957],[-9.06291,42.60981],[-9.0626,42.60978],[-9.06268,42.60957]]],[[[-9.06376,42.60971],[-9.06388,42.60982],[-9.06374,42.60981],[-9.06376,42.60971]]],[[[-9.06319,42.60981],[-9.06325,42.60991],[-9.06308,42.60993],[-9.06319,42.60981]]],[[[-9.06416,42.61938],[-9.06496,42.61957],[-9.06362,42.61967],[-9.06416,42.61938]]],[[[-9.06142,42.61941],[-9.06174,42.61994],[-9.06037,42.62001],[-9.06142,42.61941]]],[[[-8.91792,42.5956],[-8.91812,42.59613],[-8.91771,42.59578],[-8.91792,42.5956]]],[[[-8.92228,42.59636],[-8.92262,42.59658],[-8.92227,42.59648],[-8.92228,42.59636]]],[[[-9.04217,42.66101],[-9.04398,42.66161],[-9.04283,42.66239],[-9.04217,42.66101]]],[[[-9.29774,42.92117],[-9.29882,42.92226],[-9.2983,42.92213],[-9.29774,42.92117]]],[[[-9.29663,42.92578],[-9.29697,42.92585],[-9.29696,42.92638],[-9.29663,42.92578]]],[[[-9.29042,42.93657],[-9.29077,42.93665],[-9.29075,42.937],[-9.29042,42.93657]]],[[[-9.29259,42.9399],[-9.29277,42.94002],[-9.29256,42.94022],[-9.29259,42.9399]]],[[[-9.21615,43.15098],[-9.21624,43.15153],[-9.21576,43.15112],[-9.21615,43.15098]]],[[[-9.20467,43.13719],[-9.20503,43.13734],[-9.20477,43.13745],[-9.20467,43.13719]]],[[[-9.19826,43.16061],[-9.19903,43.1612],[-9.19838,43.16117],[-9.19826,43.16061]]],[[[-9.19715,43.16084],[-9.19729,43.16103],[-9.19708,43.161],[-9.19715,43.16084]]],[[[-9.19896,43.16143],[-9.19925,43.16148],[-9.19895,43.16152],[-9.19896,43.16143]]],[[[-9.1914,43.16121],[-9.19169,43.16176],[-9.19119,43.16136],[-9.1914,43.16121]]],[[[-9.1979,43.16119],[-9.19799,43.1615],[-9.19778,43.16141],[-9.1979,43.16119]]],[[[-9.19648,43.16121],[-9.19652,43.16171],[-9.19633,43.16162],[-9.19648,43.16121]]],[[[-9.19853,43.1617],[-9.19853,43.16198],[-9.19839,43.16178],[-9.19853,43.1617]]],[[[-9.19534,43.16276],[-9.19512,43.16312],[-9.19504,43.1629],[-9.19534,43.16276]]],[[[-9.21281,43.16238],[-9.21442,43.16439],[-9.21264,43.16372],[-9.21281,43.16238]]],[[[-9.18623,43.16853],[-9.1878,43.17008],[-9.18549,43.16963],[-9.18623,43.16853]]],[[[-9.1875,43.17127],[-9.18782,43.17132],[-9.1878,43.17154],[-9.1875,43.17127]]],[[[-9.18042,43.17638],[-9.18053,43.17655],[-9.1803,43.17645],[-9.18042,43.17638]]],[[[-9.18057,43.17775],[-9.18069,43.17803],[-9.18045,43.17782],[-9.18057,43.17775]]],[[[-9.18021,43.18031],[-9.18041,43.18056],[-9.18031,43.1807],[-9.18021,43.18031]]],[[[-9.18162,43.17296],[-9.18174,43.17351],[-9.18142,43.17342],[-9.18162,43.17296]]],[[[-9.19227,43.17307],[-9.1926,43.17314],[-9.19256,43.17355],[-9.19227,43.17307]]],[[[-9.18802,43.18233],[-9.18798,43.18307],[-9.18774,43.18262],[-9.18802,43.18233]]],[[[-9.18879,43.18327],[-9.18917,43.18384],[-9.18874,43.18355],[-9.18879,43.18327]]],[[[-9.17979,43.18333],[-9.17998,43.18386],[-9.17975,43.18431],[-9.17979,43.18333]]],[[[-9.18438,43.18336],[-9.18447,43.18423],[-9.184,43.18381],[-9.18438,43.18336]]],[[[-9.18759,43.18362],[-9.1878,43.18373],[-9.18778,43.18386],[-9.18759,43.18362]]],[[[-9.1875,43.1841],[-9.18786,43.18444],[-9.18771,43.18442],[-9.1875,43.1841]]],[[[-9.18823,43.18506],[-9.18827,43.1852],[-9.18814,43.18513],[-9.18823,43.18506]]],[[[-9.18962,43.18458],[-9.18983,43.18499],[-9.18953,43.18483],[-9.18962,43.18458]]],[[[-9.28545,43.03802],[-9.2855,43.03833],[-9.2854,43.03838],[-9.28545,43.03802]]],[[[-9.26693,43.05271],[-9.26739,43.0531],[-9.26708,43.05339],[-9.26693,43.05271]]],[[[-9.27964,43.01303],[-9.27982,43.01316],[-9.27961,43.01308],[-9.27964,43.01303]]],[[[-9.28009,43.01559],[-9.28019,43.01573],[-9.28008,43.01571],[-9.28009,43.01559]]],[[[-9.28287,43.02204],[-9.28304,43.02214],[-9.28292,43.02217],[-9.28287,43.02204]]],[[[-9.27592,43.00944],[-9.27604,43.00949],[-9.27595,43.00953],[-9.27592,43.00944]]],[[[-9.27248,43.00909],[-9.27258,43.00918],[-9.27245,43.00925],[-9.27248,43.00909]]],[[[-9.28302,43.02408],[-9.28307,43.02418],[-9.28289,43.02416],[-9.28302,43.02408]]],[[[-9.2814,43.02491],[-9.28153,43.02494],[-9.2814,43.02499],[-9.2814,43.02491]]],[[[-9.28213,43.02614],[-9.28241,43.02638],[-9.2821,43.02626],[-9.28213,43.02614]]],[[[-9.26233,42.98997],[-9.26241,42.99006],[-9.26226,42.99003],[-9.26233,42.98997]]],[[[-9.26066,42.99165],[-9.26078,42.99179],[-9.26061,42.99176],[-9.26066,42.99165]]],[[[-9.2599,42.99187],[-9.25999,42.99201],[-9.25985,42.99197],[-9.2599,42.99187]]],[[[-9.26011,42.99225],[-9.26019,42.99235],[-9.25998,42.99245],[-9.26011,42.99225]]],[[[-9.26019,42.99258],[-9.26029,42.99264],[-9.26025,42.9927],[-9.26019,42.99258]]],[[[-9.2593,42.99301],[-9.25961,42.99318],[-9.25947,42.9932],[-9.2593,42.99301]]],[[[-9.25994,42.99401],[-9.26068,42.99523],[-9.26003,42.99483],[-9.25994,42.99401]]],[[[-9.26154,43.00006],[-9.2616,43.00041],[-9.26142,43.00032],[-9.26154,43.00006]]],[[[-9.29259,43.05868],[-9.29303,43.05923],[-9.29237,43.05891],[-9.29259,43.05868]]],[[[-9.2582,43.0892],[-9.25849,43.08967],[-9.25786,43.08955],[-9.2582,43.0892]]],[[[-9.25713,43.08876],[-9.25741,43.08884],[-9.25758,43.08934],[-9.25713,43.08876]]],[[[-9.22575,43.09929],[-9.22604,43.10128],[-9.22511,43.09994],[-9.22575,43.09929]]],[[[-9.21423,43.10933],[-9.21426,43.11029],[-9.21354,43.1101],[-9.21423,43.10933]]],[[[-9.2149,43.11029],[-9.21521,43.11051],[-9.21519,43.11091],[-9.2149,43.11029]]],[[[-9.28914,42.88911],[-9.2897,42.88978],[-9.28874,42.88943],[-9.28914,42.88911]]],[[[-9.16266,42.91249],[-9.16272,42.91333],[-9.16249,42.91288],[-9.16266,42.91249]]],[[[-9.16237,42.9123],[-9.16247,42.91245],[-9.1624,42.91256],[-9.16237,42.9123]]],[[[-9.16177,42.91215],[-9.16191,42.9128],[-9.1617,42.91242],[-9.16177,42.91215]]],[[[-9.16304,42.91276],[-9.16321,42.91298],[-9.16316,42.9134],[-9.16304,42.91276]]],[[[-9.17151,42.86321],[-9.17228,42.86338],[-9.17181,42.86357],[-9.17151,42.86321]]],[[[-9.16895,42.86191],[-9.16926,42.86218],[-9.16903,42.86229],[-9.16895,42.86191]]],[[[-9.16855,42.86427],[-9.17029,42.86663],[-9.16834,42.86585],[-9.16855,42.86427]]],[[[-9.16991,42.86305],[-9.17088,42.86352],[-9.17014,42.86369],[-9.16991,42.86305]]],[[[-9.16973,42.86368],[-9.17028,42.86442],[-9.16929,42.86415],[-9.16973,42.86368]]],[[[-9.16921,42.86622],[-9.1699,42.86692],[-9.16894,42.86719],[-9.16921,42.86622]]],[[[-9.18369,42.87696],[-9.18375,42.8772],[-9.18362,42.87715],[-9.18369,42.87696]]],[[[-9.18476,42.87728],[-9.18495,42.87738],[-9.18479,42.87744],[-9.18476,42.87728]]],[[[-9.18733,42.88021],[-9.18824,42.88085],[-9.18756,42.88102],[-9.18733,42.88021]]],[[[-9.18708,42.87899],[-9.18797,42.87928],[-9.18693,42.88013],[-9.18708,42.87899]]],[[[-9.18381,42.8793],[-9.18413,42.87976],[-9.1838,42.87956],[-9.18381,42.8793]]],[[[-9.18388,42.87998],[-9.18442,42.88039],[-9.18418,42.88077],[-9.18388,42.87998]]],[[[-9.1854,42.87972],[-9.1852,42.88132],[-9.18442,42.87996],[-9.1854,42.87972]]],[[[-9.18402,42.87861],[-9.1857,42.87884],[-9.18403,42.87895],[-9.18402,42.87861]]],[[[-9.18248,42.87849],[-9.18272,42.87863],[-9.18284,42.87927],[-9.18248,42.87849]]],[[[-9.18526,42.87909],[-9.18552,42.87954],[-9.18509,42.87964],[-9.18526,42.87909]]],[[[-9.18436,42.87918],[-9.18491,42.87969],[-9.1843,42.87968],[-9.18436,42.87918]]],[[[-9.16183,42.8936],[-9.16203,42.89418],[-9.16136,42.89407],[-9.16183,42.8936]]],[[[-9.18637,42.88143],[-9.18733,42.88201],[-9.18634,42.88209],[-9.18637,42.88143]]],[[[-9.18446,42.8816],[-9.185,42.88192],[-9.18506,42.88247],[-9.18446,42.8816]]],[[[-9.18745,42.88312],[-9.18792,42.88342],[-9.18733,42.88338],[-9.18745,42.88312]]],[[[-9.18734,42.8822],[-9.18777,42.88264],[-9.18701,42.88268],[-9.18734,42.8822]]],[[[-9.15704,42.91067],[-9.15754,42.91076],[-9.15728,42.91087],[-9.15704,42.91067]]],[[[-9.14632,42.86114],[-9.14649,42.86122],[-9.14638,42.86143],[-9.14632,42.86114]]],[[[-9.14649,42.86162],[-9.14681,42.86193],[-9.14651,42.86196],[-9.14649,42.86162]]],[[[-9.15167,42.87125],[-9.15184,42.87142],[-9.15167,42.87161],[-9.15167,42.87125]]],[[[-9.15073,42.8698],[-9.1508,42.87037],[-9.15027,42.87062],[-9.15073,42.8698]]],[[[-9.15127,42.87002],[-9.15144,42.87014],[-9.15113,42.87044],[-9.15127,42.87002]]],[[[-9.14589,42.86524],[-9.14572,42.86602],[-9.14563,42.86582],[-9.14589,42.86524]]],[[[-9.14814,42.86694],[-9.14826,42.86705],[-9.14815,42.86722],[-9.14814,42.86694]]],[[[-9.14652,42.86205],[-9.14683,42.86229],[-9.14667,42.86328],[-9.14652,42.86205]]],[[[-9.14719,42.8628],[-9.14754,42.86296],[-9.14709,42.86304],[-9.14719,42.8628]]],[[[-9.147,42.8632],[-9.147,42.86343],[-9.14685,42.86349],[-9.147,42.8632]]],[[[-9.1471,42.8656],[-9.14772,42.86611],[-9.14704,42.86572],[-9.1471,42.8656]]],[[[-9.15149,42.87196],[-9.15158,42.87207],[-9.15103,42.87279],[-9.15149,42.87196]]],[[[-9.1512,42.87329],[-9.15131,42.87421],[-9.15094,42.87409],[-9.1512,42.87329]]],[[[-9.14692,42.87745],[-9.14701,42.87758],[-9.14685,42.87769],[-9.14692,42.87745]]],[[[-9.14804,42.87852],[-9.1485,42.87877],[-9.14732,42.8788],[-9.14804,42.87852]]],[[[-9.14859,42.8806],[-9.14867,42.88069],[-9.14842,42.88088],[-9.14859,42.8806]]],[[[-9.1419,42.88435],[-9.142,42.88447],[-9.14188,42.8846],[-9.1419,42.88435]]],[[[-9.14386,42.89182],[-9.14394,42.89203],[-9.14375,42.89206],[-9.14386,42.89182]]],[[[-9.1419,42.88299],[-9.14201,42.88301],[-9.1419,42.88323],[-9.1419,42.88299]]],[[[-9.14744,42.88351],[-9.1474,42.88372],[-9.1472,42.88381],[-9.14744,42.88351]]],[[[-9.14194,42.8826],[-9.14202,42.88282],[-9.14173,42.88296],[-9.14194,42.8826]]],[[[-9.14793,42.88271],[-9.14804,42.88279],[-9.14792,42.88309],[-9.14793,42.88271]]],[[[-9.14482,42.8837],[-9.14451,42.88452],[-9.1441,42.88466],[-9.14482,42.8837]]],[[[-9.28228,42.94738],[-9.28233,42.94756],[-9.28217,42.94752],[-9.28228,42.94738]]],[[[-9.28466,42.95283],[-9.28482,42.95287],[-9.28479,42.95307],[-9.28466,42.95283]]],[[[-9.28442,42.95296],[-9.28452,42.95315],[-9.28436,42.95306],[-9.28442,42.95296]]],[[[-9.28416,42.95318],[-9.28441,42.9532],[-9.28451,42.95342],[-9.28416,42.95318]]],[[[-9.28328,42.95533],[-9.28352,42.95543],[-9.28311,42.95543],[-9.28328,42.95533]]],[[[-9.27965,42.95681],[-9.2797,42.95697],[-9.27955,42.95691],[-9.27965,42.95681]]],[[[-9.27829,42.95793],[-9.27858,42.95796],[-9.27819,42.9581],[-9.27829,42.95793]]],[[[-9.27821,42.95991],[-9.27831,42.9601],[-9.27815,42.96003],[-9.27821,42.95991]]],[[[-9.27709,42.96104],[-9.27732,42.96116],[-9.27718,42.96118],[-9.27709,42.96104]]],[[[-9.27742,42.96141],[-9.27746,42.96154],[-9.27733,42.96154],[-9.27742,42.96141]]],[[[-9.27409,42.96187],[-9.27424,42.9619],[-9.27407,42.96197],[-9.27409,42.96187]]],[[[-9.27456,42.96207],[-9.27485,42.96222],[-9.27455,42.96222],[-9.27456,42.96207]]],[[[-9.27736,42.96199],[-9.27728,42.96251],[-9.27711,42.96211],[-9.27736,42.96199]]],[[[-9.27531,42.96246],[-9.27542,42.96255],[-9.27532,42.96254],[-9.27531,42.96246]]],[[[-9.27495,42.96322],[-9.27532,42.96367],[-9.27503,42.96399],[-9.27495,42.96322]]],[[[-9.27429,42.96442],[-9.2744,42.96459],[-9.27419,42.96456],[-9.27429,42.96442]]],[[[-9.2612,42.97881],[-9.26126,42.97888],[-9.26109,42.979],[-9.2612,42.97881]]],[[[-9.26152,42.97911],[-9.26163,42.97936],[-9.26152,42.97929],[-9.26152,42.97911]]],[[[-9.26264,42.98075],[-9.26276,42.98088],[-9.26251,42.9809],[-9.26264,42.98075]]],[[[-9.2629,42.98188],[-9.26297,42.98193],[-9.26286,42.98208],[-9.2629,42.98188]]],[[[-9.26254,42.98391],[-9.26266,42.98409],[-9.26251,42.98404],[-9.26254,42.98391]]],[[[-9.26216,42.9841],[-9.26224,42.98428],[-9.26209,42.98419],[-9.26216,42.9841]]],[[[-9.26176,42.9844],[-9.26191,42.98457],[-9.26172,42.98448],[-9.26176,42.9844]]],[[[-9.26164,42.9847],[-9.26174,42.98485],[-9.26144,42.98483],[-9.26164,42.9847]]],[[[-9.26099,42.98656],[-9.26124,42.98673],[-9.26095,42.98664],[-9.26099,42.98656]]],[[[-9.26249,42.98859],[-9.26281,42.98882],[-9.26254,42.98877],[-9.26249,42.98859]]],[[[-9.16873,42.79771],[-9.16889,42.79774],[-9.16882,42.798],[-9.16873,42.79771]]],[[[-9.17303,42.79814],[-9.17389,42.7986],[-9.17295,42.79899],[-9.17303,42.79814]]],[[[-9.15316,42.79698],[-9.15363,42.7972],[-9.15335,42.79796],[-9.15316,42.79698]]],[[[-9.15181,42.79226],[-9.15198,42.79237],[-9.15175,42.79238],[-9.15181,42.79226]]],[[[-9.1509,42.79246],[-9.15098,42.79255],[-9.15079,42.7925],[-9.1509,42.79246]]],[[[-9.15218,42.79276],[-9.15228,42.79288],[-9.15211,42.79288],[-9.15218,42.79276]]],[[[-9.15158,42.79565],[-9.15185,42.79576],[-9.15158,42.79586],[-9.15158,42.79565]]],[[[-9.15074,42.79689],[-9.15102,42.79715],[-9.15073,42.79715],[-9.15074,42.79689]]],[[[-9.14886,42.79708],[-9.14897,42.79719],[-9.14885,42.79728],[-9.14886,42.79708]]],[[[-9.14965,42.79655],[-9.14987,42.79691],[-9.14963,42.79688],[-9.14965,42.79655]]],[[[-9.15053,42.79592],[-9.15055,42.79643],[-9.15031,42.79621],[-9.15053,42.79592]]],[[[-9.14972,42.79639],[-9.14989,42.79645],[-9.14966,42.79651],[-9.14972,42.79639]]],[[[-9.16825,42.79853],[-9.16834,42.79884],[-9.16816,42.79875],[-9.16825,42.79853]]],[[[-9.16786,42.7987],[-9.168,42.79887],[-9.16786,42.79884],[-9.16786,42.7987]]],[[[-9.15173,42.79878],[-9.15213,42.79897],[-9.15179,42.79897],[-9.15173,42.79878]]],[[[-9.17246,42.79913],[-9.17249,42.79926],[-9.17236,42.79926],[-9.17246,42.79913]]],[[[-9.16833,42.79913],[-9.16844,42.79925],[-9.16823,42.79925],[-9.16833,42.79913]]],[[[-9.152,42.79936],[-9.15206,42.79948],[-9.15191,42.79947],[-9.152,42.79936]]],[[[-9.1723,42.79972],[-9.17247,42.80042],[-9.17222,42.80007],[-9.1723,42.79972]]],[[[-9.15354,42.80184],[-9.15362,42.80191],[-9.15349,42.80191],[-9.15354,42.80184]]],[[[-9.15102,42.80132],[-9.15106,42.80157],[-9.15096,42.80144],[-9.15102,42.80132]]],[[[-9.15205,42.80498],[-9.15217,42.80521],[-9.15202,42.80519],[-9.15205,42.80498]]],[[[-9.15198,42.80534],[-9.15244,42.80551],[-9.15208,42.80552],[-9.15198,42.80534]]],[[[-9.15203,42.80446],[-9.1522,42.80457],[-9.15198,42.80458],[-9.15203,42.80446]]],[[[-9.15033,42.80347],[-9.15092,42.80588],[-9.14967,42.80552],[-9.15033,42.80347]]],[[[-9.15134,42.80215],[-9.15136,42.80225],[-9.15122,42.80223],[-9.15134,42.80215]]],[[[-9.15263,42.80156],[-9.15321,42.80244],[-9.15248,42.80206],[-9.15263,42.80156]]],[[[-9.15224,42.80222],[-9.15234,42.80231],[-9.15222,42.80232],[-9.15224,42.80222]]],[[[-9.15257,42.80247],[-9.1526,42.8026],[-9.15247,42.80259],[-9.15257,42.80247]]],[[[-9.16884,42.79807],[-9.16994,42.79857],[-9.16898,42.80008],[-9.16884,42.79807]]],[[[-9.1687,42.80014],[-9.16886,42.80026],[-9.16863,42.80026],[-9.1687,42.80014]]],[[[-9.17175,42.80005],[-9.17149,42.80084],[-9.1715,42.80014],[-9.17175,42.80005]]],[[[-9.17017,42.80038],[-9.17112,42.80096],[-9.16964,42.80137],[-9.17017,42.80038]]],[[[-9.14289,42.78839],[-9.14308,42.78852],[-9.14285,42.78858],[-9.14289,42.78839]]],[[[-9.14273,42.789],[-9.14279,42.78908],[-9.14271,42.78912],[-9.14273,42.789]]],[[[-8.97825,42.78306],[-8.97873,42.78331],[-8.97858,42.78477],[-8.97825,42.78306]]],[[[-9.14112,42.78724],[-9.14132,42.78743],[-9.14096,42.78754],[-9.14112,42.78724]]],[[[-9.14239,42.78791],[-9.14258,42.78806],[-9.14227,42.78804],[-9.14239,42.78791]]],[[[-8.99939,42.77891],[-8.9996,42.77909],[-8.99936,42.77909],[-8.99939,42.77891]]],[[[-9.01786,42.78006],[-9.01804,42.78024],[-9.01773,42.78019],[-9.01786,42.78006]]],[[[-9.14136,42.78911],[-9.14137,42.78928],[-9.14123,42.78916],[-9.14136,42.78911]]],[[[-9.14172,42.78911],[-9.14184,42.78932],[-9.14166,42.78924],[-9.14172,42.78911]]],[[[-9.13812,42.78946],[-9.13864,42.78983],[-9.13813,42.78979],[-9.13812,42.78946]]],[[[-9.13525,42.79007],[-9.13533,42.79026],[-9.13508,42.79025],[-9.13525,42.79007]]],[[[-9.13924,42.78999],[-9.13982,42.79048],[-9.13894,42.79012],[-9.13924,42.78999]]],[[[-9.13011,42.77],[-9.13054,42.77032],[-9.13007,42.77027],[-9.13011,42.77]]],[[[-9.12931,42.77194],[-9.12983,42.77225],[-9.12862,42.77242],[-9.12931,42.77194]]],[[[-9.13153,42.77729],[-9.13178,42.77743],[-9.13108,42.77749],[-9.13153,42.77729]]],[[[-8.96334,42.77304],[-8.96627,42.77642],[-8.9633,42.77636],[-8.96334,42.77304]]],[[[-8.96122,42.77493],[-8.96069,42.77549],[-8.96063,42.77505],[-8.96122,42.77493]]],[[[-8.99025,42.77538],[-8.99059,42.7763],[-8.98987,42.77596],[-8.99025,42.77538]]],[[[-8.99188,42.77702],[-8.99194,42.77768],[-8.99095,42.77722],[-8.99188,42.77702]]],[[[-9.13083,42.77767],[-9.13103,42.77771],[-9.13064,42.77798],[-9.13083,42.77767]]],[[[-8.99914,42.77845],[-8.99962,42.77861],[-8.99922,42.77866],[-8.99914,42.77845]]],[[[-9.14849,42.79384],[-9.14887,42.79415],[-9.1481,42.79424],[-9.14849,42.79384]]],[[[-9.14612,42.79414],[-9.14612,42.79423],[-9.14589,42.79426],[-9.14612,42.79414]]],[[[-9.14685,42.79383],[-9.14716,42.79408],[-9.14681,42.79465],[-9.14685,42.79383]]],[[[-9.14554,42.794],[-9.14564,42.79404],[-9.14555,42.79409],[-9.14554,42.794]]],[[[-9.14308,42.79339],[-9.14309,42.79361],[-9.14297,42.79349],[-9.14308,42.79339]]],[[[-9.14082,42.7934],[-9.14078,42.79367],[-9.14074,42.79342],[-9.14082,42.7934]]],[[[-9.13599,42.79039],[-9.13724,42.7908],[-9.13577,42.79064],[-9.13599,42.79039]]],[[[-9.14027,42.79133],[-9.14049,42.79148],[-9.14024,42.79152],[-9.14027,42.79133]]],[[[-9.14649,42.79173],[-9.1465,42.79187],[-9.14641,42.79185],[-9.14649,42.79173]]],[[[-9.14307,42.79303],[-9.14323,42.7931],[-9.14301,42.79319],[-9.14307,42.79303]]],[[[-9.14599,42.79249],[-9.14618,42.79257],[-9.14599,42.7931],[-9.14599,42.79249]]],[[[-9.1409,42.79284],[-9.14095,42.79312],[-9.14056,42.79343],[-9.1409,42.79284]]],[[[-9.14179,42.79432],[-9.14196,42.79477],[-9.14135,42.79507],[-9.14179,42.79432]]],[[[-9.14411,42.79471],[-9.14413,42.79521],[-9.14397,42.79492],[-9.14411,42.79471]]],[[[-8.93093,42.80143],[-8.93114,42.80145],[-8.93117,42.80163],[-8.93093,42.80143]]],[[[-9.14361,42.80286],[-9.14391,42.80447],[-9.1432,42.80403],[-9.14361,42.80286]]],[[[-9.14289,42.80417],[-9.14293,42.80431],[-9.14277,42.80428],[-9.14289,42.80417]]],[[[-9.15182,42.80564],[-9.15213,42.80606],[-9.15173,42.80576],[-9.15182,42.80564]]],[[[-9.14724,42.8157],[-9.14732,42.81575],[-9.14721,42.81582],[-9.14724,42.8157]]],[[[-9.14718,42.81644],[-9.14736,42.81652],[-9.14714,42.81651],[-9.14718,42.81644]]],[[[-9.14918,42.80694],[-9.14956,42.80705],[-9.1491,42.80733],[-9.14918,42.80694]]],[[[-9.15056,42.80705],[-9.15063,42.80723],[-9.15049,42.80715],[-9.15056,42.80705]]],[[[-9.14866,42.81004],[-9.14879,42.81019],[-9.14849,42.81021],[-9.14866,42.81004]]],[[[-9.149,42.81185],[-9.14916,42.81206],[-9.14886,42.81203],[-9.149,42.81185]]],[[[-9.14849,42.81036],[-9.14867,42.81066],[-9.14837,42.81052],[-9.14849,42.81036]]],[[[-9.14587,42.82087],[-9.14594,42.82099],[-9.14578,42.82104],[-9.14587,42.82087]]],[[[-9.14524,42.82043],[-9.14529,42.82081],[-9.14481,42.82063],[-9.14524,42.82043]]],[[[-9.11067,42.82071],[-9.11075,42.8208],[-9.11064,42.82079],[-9.11067,42.82071]]],[[[-9.1453,42.81648],[-9.14571,42.81668],[-9.14526,42.8167],[-9.1453,42.81648]]],[[[-9.14618,42.81641],[-9.14677,42.81762],[-9.14575,42.81744],[-9.14618,42.81641]]],[[[-9.14555,42.81577],[-9.14547,42.81603],[-9.14539,42.81586],[-9.14555,42.81577]]],[[[-9.14425,42.81583],[-9.14408,42.81611],[-9.14407,42.81589],[-9.14425,42.81583]]],[[[-9.14177,42.80499],[-9.14277,42.80615],[-9.14134,42.80616],[-9.14177,42.80499]]],[[[-9.12918,42.80877],[-9.12937,42.80902],[-9.12905,42.80895],[-9.12918,42.80877]]],[[[-9.12905,42.80769],[-9.12968,42.80813],[-9.12917,42.80854],[-9.12905,42.80769]]],[[[-9.13767,42.80809],[-9.13895,42.80855],[-9.1384,42.80966],[-9.13767,42.80809]]],[[[-9.13936,42.80676],[-9.13978,42.80724],[-9.13906,42.80743],[-9.13936,42.80676]]],[[[-9.14489,42.81487],[-9.14493,42.81498],[-9.14485,42.81495],[-9.14489,42.81487]]],[[[-9.14506,42.81463],[-9.14523,42.81477],[-9.14502,42.81473],[-9.14506,42.81463]]],[[[-9.14551,42.81445],[-9.1457,42.81568],[-9.14531,42.81543],[-9.14551,42.81445]]],[[[-9.14511,42.81135],[-9.14508,42.81155],[-9.14499,42.8114],[-9.14511,42.81135]]],[[[-9.14794,42.80991],[-9.14718,42.81471],[-9.14566,42.81341],[-9.14794,42.80991]]],[[[-9.14638,42.81467],[-9.14675,42.81566],[-9.14619,42.81514],[-9.14638,42.81467]]],[[[-9.14363,42.81548],[-9.1439,42.81562],[-9.14353,42.81583],[-9.14363,42.81548]]],[[[-9.1199,42.8386],[-9.12035,42.83869],[-9.11996,42.83878],[-9.1199,42.8386]]],[[[-9.11997,42.83935],[-9.12024,42.83952],[-9.11991,42.83951],[-9.11997,42.83935]]],[[[-9.11967,42.83989],[-9.11991,42.84038],[-9.11975,42.84033],[-9.11967,42.83989]]],[[[-9.11801,42.84029],[-9.11801,42.84052],[-9.11787,42.84044],[-9.11801,42.84029]]],[[[-9.11799,42.84075],[-9.11825,42.84086],[-9.11791,42.8409],[-9.11799,42.84075]]],[[[-9.11756,42.84166],[-9.11815,42.84234],[-9.11745,42.84221],[-9.11756,42.84166]]],[[[-9.12949,42.84238],[-9.12972,42.84251],[-9.12955,42.84258],[-9.12949,42.84238]]],[[[-9.1459,42.85947],[-9.14611,42.85978],[-9.14551,42.85989],[-9.1459,42.85947]]],[[[-9.14288,42.85547],[-9.14307,42.85563],[-9.1428,42.85562],[-9.14288,42.85547]]],[[[-9.14285,42.85579],[-9.14328,42.85599],[-9.14241,42.8561],[-9.14285,42.85579]]],[[[-9.14346,42.85758],[-9.14376,42.85774],[-9.14358,42.85809],[-9.14346,42.85758]]],[[[-9.1429,42.85777],[-9.14312,42.85793],[-9.14284,42.85791],[-9.1429,42.85777]]],[[[-9.14187,42.85428],[-9.14225,42.85481],[-9.14153,42.85463],[-9.14187,42.85428]]],[[[-9.13967,42.85186],[-9.14035,42.85239],[-9.13962,42.85242],[-9.13967,42.85186]]],[[[-9.14074,42.8529],[-9.14113,42.85314],[-9.14045,42.85377],[-9.14074,42.8529]]],[[[-9.14031,42.84978],[-9.1405,42.84996],[-9.14029,42.85009],[-9.14031,42.84978]]],[[[-9.13171,42.84486],[-9.13207,42.84538],[-9.13166,42.84506],[-9.13171,42.84486]]],[[[-9.11784,42.84434],[-9.11822,42.84447],[-9.118,42.84459],[-9.11784,42.84434]]],[[[-9.13121,42.84446],[-9.13155,42.84476],[-9.13124,42.84469],[-9.13121,42.84446]]],[[[-9.13238,42.84473],[-9.13268,42.84616],[-9.13228,42.84579],[-9.13238,42.84473]]],[[[-9.13539,42.84629],[-9.1366,42.84825],[-9.13531,42.84765],[-9.13539,42.84629]]],[[[-9.1377,42.84861],[-9.13781,42.84878],[-9.13766,42.849],[-9.1377,42.84861]]],[[[-9.13867,42.84924],[-9.13887,42.84937],[-9.13866,42.8494],[-9.13867,42.84924]]],[[[-9.11714,42.84298],[-9.1174,42.84332],[-9.11703,42.84329],[-9.11714,42.84298]]],[[[-9.12774,42.84307],[-9.12782,42.84349],[-9.12765,42.8434],[-9.12774,42.84307]]],[[[-9.12904,42.84321],[-9.12946,42.84347],[-9.12913,42.84338],[-9.12904,42.84321]]],[[[-9.13074,42.84371],[-9.13119,42.84418],[-9.13069,42.8441],[-9.13074,42.84371]]],[[[-9.0486,42.51769],[-9.04893,42.51797],[-9.04852,42.51804],[-9.0486,42.51769]]],[[[-9.04767,42.51867],[-9.04772,42.51879],[-9.04761,42.51883],[-9.04767,42.51867]]],[[[-9.0356,42.51889],[-9.03571,42.51893],[-9.03563,42.51898],[-9.0356,42.51889]]],[[[-9.03526,42.51905],[-9.0354,42.51925],[-9.03516,42.51918],[-9.03526,42.51905]]],[[[-9.02818,42.51994],[-9.02831,42.51999],[-9.02812,42.51999],[-9.02818,42.51994]]],[[[-9.05403,42.52039],[-9.05464,42.52064],[-9.05415,42.52081],[-9.05403,42.52039]]],[[[-8.98959,42.52235],[-8.98967,42.52239],[-8.98961,42.52245],[-8.98959,42.52235]]],[[[-9.04827,42.51819],[-9.04877,42.51842],[-9.04846,42.51857],[-9.04827,42.51819]]],[[[-9.05291,42.52485],[-9.05303,42.52499],[-9.05275,42.52504],[-9.05291,42.52485]]],[[[-9.04253,42.52524],[-9.04285,42.52545],[-9.04215,42.52547],[-9.04253,42.52524]]],[[[-9.04254,42.52562],[-9.04302,42.52582],[-9.04268,42.52588],[-9.04254,42.52562]]],[[[-8.99904,42.52631],[-8.99903,42.52658],[-8.99884,42.52644],[-8.99904,42.52631]]],[[[-8.99729,42.5272],[-8.99804,42.52773],[-8.99748,42.52777],[-8.99729,42.5272]]],[[[-8.99137,42.52796],[-8.99172,42.52827],[-8.99141,42.52846],[-8.99137,42.52796]]],[[[-9.04424,42.53115],[-9.04443,42.5313],[-9.04427,42.53131],[-9.04424,42.53115]]],[[[-8.987,42.53116],[-8.98701,42.53133],[-8.98689,42.53131],[-8.987,42.53116]]],[[[-9.04669,42.53195],[-9.04681,42.53203],[-9.04663,42.53205],[-9.04669,42.53195]]],[[[-9.04475,42.53211],[-9.04477,42.53223],[-9.04471,42.53219],[-9.04475,42.53211]]],[[[-8.98338,42.53245],[-8.98348,42.53253],[-8.98331,42.53253],[-8.98338,42.53245]]],[[[-8.98316,42.53291],[-8.98336,42.53301],[-8.98318,42.53301],[-8.98316,42.53291]]],[[[-9.04452,42.52462],[-9.04455,42.52484],[-9.04442,42.52468],[-9.04452,42.52462]]],[[[-9.04173,42.52459],[-9.04207,42.52488],[-9.04178,42.5249],[-9.04173,42.52459]]],[[[-9.04483,42.5248],[-9.04493,42.52487],[-9.0447,42.52497],[-9.04483,42.5248]]],[[[-9.00868,42.51581],[-9.0094,42.51809],[-9.00825,42.51727],[-9.00868,42.51581]]],[[[-9.03221,42.51761],[-9.03236,42.51763],[-9.03226,42.51768],[-9.03221,42.51761]]],[[[-9.03959,42.51739],[-9.03978,42.51742],[-9.03957,42.51746],[-9.03959,42.51739]]],[[[-9.04722,42.51756],[-9.04757,42.51775],[-9.0472,42.51806],[-9.04722,42.51756]]],[[[-9.03887,42.51727],[-9.03946,42.51765],[-9.03884,42.51791],[-9.03887,42.51727]]],[[[-9.03894,42.518],[-9.03915,42.51812],[-9.03896,42.5181],[-9.03894,42.518]]],[[[-9.0442,42.51772],[-9.0443,42.51781],[-9.04412,42.51797],[-9.0442,42.51772]]],[[[-9.0461,42.51747],[-9.04642,42.51805],[-9.04533,42.51861],[-9.0461,42.51747]]],[[[-8.98438,42.53341],[-8.98444,42.53351],[-8.98428,42.53345],[-8.98438,42.53341]]],[[[-8.99149,42.53381],[-8.99171,42.53404],[-8.99148,42.53422],[-8.99149,42.53381]]],[[[-9.04752,42.53456],[-9.04777,42.53462],[-9.04772,42.53484],[-9.04752,42.53456]]],[[[-9.04422,42.53454],[-9.04431,42.53464],[-9.04421,42.53465],[-9.04422,42.53454]]],[[[-9.04296,42.53448],[-9.04312,42.53539],[-9.04274,42.53513],[-9.04296,42.53448]]],[[[-9.04339,42.53443],[-9.04371,42.53511],[-9.04332,42.53482],[-9.04339,42.53443]]],[[[-8.98286,42.5362],[-8.98304,42.53631],[-8.98291,42.53633],[-8.98286,42.5362]]],[[[-8.98488,42.53761],[-8.98504,42.53771],[-8.98493,42.53776],[-8.98488,42.53761]]],[[[-8.98143,42.53962],[-8.98177,42.53975],[-8.98162,42.54015],[-8.98143,42.53962]]],[[[-8.93889,42.54803],[-8.94081,42.55013],[-8.94029,42.55175],[-8.93889,42.54803]]],[[[-8.98634,42.55499],[-8.98655,42.55535],[-8.98598,42.55527],[-8.98634,42.55499]]],[[[-8.98576,42.55526],[-8.98576,42.55539],[-8.9854,42.55546],[-8.98576,42.55526]]],[[[-9.09292,42.55843],[-9.093,42.55863],[-9.09277,42.5586],[-9.09292,42.55843]]],[[[-8.94824,42.55973],[-8.94832,42.55982],[-8.94821,42.55985],[-8.94824,42.55973]]],[[[-9.05009,42.53613],[-9.05027,42.53628],[-9.0499,42.53624],[-9.05009,42.53613]]],[[[-9.04119,42.56035],[-9.04131,42.56038],[-9.04132,42.56055],[-9.04119,42.56035]]],[[[-9.04105,42.56078],[-9.04111,42.5608],[-9.04093,42.5609],[-9.04105,42.56078]]],[[[-9.04139,42.56081],[-9.04144,42.5609],[-9.04133,42.56087],[-9.04139,42.56081]]],[[[-9.04137,42.56066],[-9.04144,42.56078],[-9.04121,42.56072],[-9.04137,42.56066]]],[[[-9.04188,42.5611],[-9.04196,42.56118],[-9.04185,42.56117],[-9.04188,42.5611]]],[[[-9.04151,42.56112],[-9.04159,42.56125],[-9.04146,42.56121],[-9.04151,42.56112]]],[[[-9.04126,42.56115],[-9.04132,42.5612],[-9.04115,42.56129],[-9.04126,42.56115]]],[[[-9.03849,42.56336],[-9.03855,42.56341],[-9.03841,42.56347],[-9.03849,42.56336]]],[[[-9.07406,42.56562],[-9.07435,42.56612],[-9.07392,42.566],[-9.07406,42.56562]]],[[[-9.03884,42.56326],[-9.03903,42.56345],[-9.03861,42.56343],[-9.03884,42.56326]]],[[[-8.94874,42.55975],[-8.94888,42.5598],[-8.94879,42.55985],[-8.94874,42.55975]]],[[[-9.08034,42.56652],[-9.08057,42.56659],[-9.08037,42.56665],[-9.08034,42.56652]]],[[[-9.04835,42.56674],[-9.04838,42.56692],[-9.04813,42.56688],[-9.04835,42.56674]]],[[[-8.97194,42.56693],[-8.97201,42.56722],[-8.97187,42.567],[-8.97194,42.56693]]],[[[-8.97177,42.56713],[-8.97187,42.56721],[-8.9718,42.56721],[-8.97177,42.56713]]],[[[-8.96536,42.56708],[-8.96533,42.56749],[-8.96514,42.56717],[-8.96536,42.56708]]],[[[-8.96708,42.56749],[-8.96715,42.56757],[-8.96705,42.56755],[-8.96708,42.56749]]],[[[-8.96579,42.567],[-8.96582,42.56716],[-8.96565,42.56716],[-8.96579,42.567]]],[[[-8.96551,42.56769],[-8.96557,42.56792],[-8.96544,42.56779],[-8.96551,42.56769]]],[[[-8.97202,42.56814],[-8.97212,42.56819],[-8.97202,42.56821],[-8.97202,42.56814]]],[[[-8.9641,42.56829],[-8.96418,42.56847],[-8.96404,42.56838],[-8.9641,42.56829]]],[[[-8.96267,42.56861],[-8.96281,42.56863],[-8.96277,42.56875],[-8.96267,42.56861]]],[[[-8.96261,42.5688],[-8.96277,42.56887],[-8.96267,42.56892],[-8.96261,42.5688]]],[[[-8.95902,42.56951],[-8.95912,42.56954],[-8.95893,42.5697],[-8.95902,42.56951]]],[[[-8.97186,42.56854],[-8.97217,42.5687],[-8.97189,42.56873],[-8.97186,42.56854]]],[[[-9.07064,42.57186],[-9.07109,42.57197],[-9.07067,42.57212],[-9.07064,42.57186]]],[[[-9.06771,42.57253],[-9.06794,42.57274],[-9.06772,42.57266],[-9.06771,42.57253]]],[[[-9.09014,42.57278],[-9.09033,42.57292],[-9.09013,42.57296],[-9.09014,42.57278]]],[[[-9.06759,42.57298],[-9.06767,42.57302],[-9.06756,42.57316],[-9.06759,42.57298]]],[[[-8.95848,42.57287],[-8.95878,42.5732],[-8.95847,42.57339],[-8.95848,42.57287]]],[[[-9.09248,42.5737],[-9.09268,42.57388],[-9.09252,42.57389],[-9.09248,42.5737]]],[[[-9.09176,42.57416],[-9.09214,42.57438],[-9.09172,42.57436],[-9.09176,42.57416]]],[[[-8.95742,42.57435],[-8.95757,42.57444],[-8.95734,42.57458],[-8.95742,42.57435]]],[[[-9.06646,42.57502],[-9.06659,42.57511],[-9.06647,42.57516],[-9.06646,42.57502]]],[[[-9.09303,42.57555],[-9.09318,42.57572],[-9.09303,42.57571],[-9.09303,42.57555]]],[[[-9.09479,42.57665],[-9.09498,42.57696],[-9.09474,42.57693],[-9.09479,42.57665]]],[[[-9.09211,42.57679],[-9.09236,42.577],[-9.09209,42.57691],[-9.09211,42.57679]]],[[[-9.09189,42.57707],[-9.09188,42.57728],[-9.09177,42.57718],[-9.09189,42.57707]]],[[[-8.95741,42.5733],[-8.957,42.57383],[-8.95672,42.57364],[-8.95741,42.5733]]],[[[-9.06571,42.57374],[-9.06583,42.57381],[-9.06565,42.57382],[-9.06571,42.57374]]],[[[-9.04617,42.57016],[-9.04658,42.57108],[-9.04594,42.57049],[-9.04617,42.57016]]],[[[-8.96118,42.57073],[-8.96141,42.57131],[-8.96088,42.57083],[-8.96118,42.57073]]],[[[-8.97018,42.5652],[-8.96997,42.56618],[-8.96918,42.56606],[-8.97018,42.5652]]],[[[-8.97026,42.56615],[-8.97037,42.56635],[-8.97019,42.56636],[-8.97026,42.56615]]],[[[-9.08022,42.56616],[-9.08034,42.56634],[-9.08013,42.56635],[-9.08022,42.56616]]],[[[-9.04218,42.5328],[-9.04252,42.53318],[-9.04213,42.533],[-9.04218,42.5328]]],[[[-9.04524,42.53305],[-9.04539,42.53316],[-9.04493,42.53319],[-9.04524,42.53305]]],[[[-9.04284,42.53315],[-9.04306,42.53347],[-9.04282,42.53338],[-9.04284,42.53315]]],[[[-8.95107,43.24552],[-8.95123,43.2458],[-8.95105,43.24576],[-8.95107,43.24552]]],[[[-8.95098,43.24594],[-8.95115,43.246],[-8.95098,43.2463],[-8.95098,43.24594]]],[[[-8.95453,43.25765],[-8.95463,43.25781],[-8.95434,43.25818],[-8.95453,43.25765]]],[[[-8.95371,43.25641],[-8.95383,43.2565],[-8.9537,43.25648],[-8.95371,43.25641]]],[[[-8.97752,43.26264],[-8.97755,43.26283],[-8.97744,43.26271],[-8.97752,43.26264]]],[[[-8.95626,43.26439],[-8.95632,43.26451],[-8.95611,43.26461],[-8.95626,43.26439]]],[[[-8.9833,43.2652],[-8.98358,43.26572],[-8.98312,43.26547],[-8.9833,43.2652]]],[[[-8.98333,43.26596],[-8.98346,43.26642],[-8.9827,43.26621],[-8.98333,43.26596]]],[[[-8.99058,43.27338],[-8.99112,43.27343],[-8.99067,43.27356],[-8.99058,43.27338]]],[[[-8.99045,43.2732],[-8.9906,43.27324],[-8.9903,43.27324],[-8.99045,43.2732]]],[[[-8.98561,43.27062],[-8.98557,43.27092],[-8.98521,43.27101],[-8.98561,43.27062]]],[[[-8.98237,43.26706],[-8.98219,43.26754],[-8.982,43.26721],[-8.98237,43.26706]]],[[[-8.98492,43.26757],[-8.98532,43.26764],[-8.98454,43.26775],[-8.98492,43.26757]]],[[[-8.98448,43.26963],[-8.98455,43.26975],[-8.98433,43.26995],[-8.98448,43.26963]]],[[[-8.98569,43.27017],[-8.98581,43.27035],[-8.98539,43.27047],[-8.98569,43.27017]]],[[[-8.98766,43.27663],[-8.98775,43.2767],[-8.98758,43.2767],[-8.98766,43.27663]]],[[[-8.98709,43.27716],[-8.98721,43.27744],[-8.98701,43.27731],[-8.98709,43.27716]]],[[[-8.98386,43.28299],[-8.98399,43.28304],[-8.98372,43.28311],[-8.98386,43.28299]]],[[[-8.97974,43.28382],[-8.9798,43.28397],[-8.97954,43.2839],[-8.97974,43.28382]]],[[[-8.96215,43.28942],[-8.96242,43.29018],[-8.96209,43.29049],[-8.96215,43.28942]]],[[[-8.95229,43.29376],[-8.9526,43.29383],[-8.95207,43.29393],[-8.95229,43.29376]]],[[[-8.92889,43.29345],[-8.92895,43.29359],[-8.92876,43.29355],[-8.92889,43.29345]]],[[[-8.92563,43.29366],[-8.92573,43.29378],[-8.92548,43.29385],[-8.92563,43.29366]]],[[[-8.9169,43.29356],[-8.9172,43.29388],[-8.91645,43.29387],[-8.9169,43.29356]]],[[[-8.91747,43.29385],[-8.91765,43.29396],[-8.91732,43.29397],[-8.91747,43.29385]]],[[[-8.92024,43.29565],[-8.92033,43.29574],[-8.92005,43.29582],[-8.92024,43.29565]]],[[[-8.9115,43.30338],[-8.91182,43.30399],[-8.9113,43.30395],[-8.9115,43.30338]]],[[[-8.91038,43.30451],[-8.91026,43.30493],[-8.9096,43.30508],[-8.91038,43.30451]]],[[[-8.90876,43.30522],[-8.90969,43.30574],[-8.90806,43.30596],[-8.90876,43.30522]]],[[[-8.91384,43.30647],[-8.9141,43.30654],[-8.91403,43.30663],[-8.91384,43.30647]]],[[[-8.91527,43.30661],[-8.9154,43.30665],[-8.91533,43.30677],[-8.91527,43.30661]]],[[[-8.84989,43.36136],[-8.84992,43.36169],[-8.8496,43.3617],[-8.84989,43.36136]]],[[[-8.84427,43.36191],[-8.84458,43.36218],[-8.84409,43.36238],[-8.84427,43.36191]]],[[[-8.3479,43.3619],[-8.34813,43.36241],[-8.34761,43.3626],[-8.3479,43.3619]]],[[[-8.84887,43.36204],[-8.84923,43.36223],[-8.84907,43.36261],[-8.84887,43.36204]]],[[[-8.83816,43.36281],[-8.83877,43.3632],[-8.8382,43.36318],[-8.83816,43.36281]]],[[[-8.84193,43.36242],[-8.8429,43.36277],[-8.8422,43.36293],[-8.84193,43.36242]]],[[[-8.83788,43.36373],[-8.83832,43.3638],[-8.83819,43.36429],[-8.83788,43.36373]]],[[[-8.25101,43.36672],[-8.25165,43.36715],[-8.25076,43.3671],[-8.25101,43.36672]]],[[[-8.44961,43.38177],[-8.44998,43.38197],[-8.44967,43.38194],[-8.44961,43.38177]]],[[[-8.44966,43.37797],[-8.4512,43.38005],[-8.4481,43.37913],[-8.44966,43.37797]]],[[[-8.4369,43.38152],[-8.43734,43.3817],[-8.43694,43.38246],[-8.4369,43.38152]]],[[[-8.43662,43.38271],[-8.43659,43.38306],[-8.43642,43.38273],[-8.43662,43.38271]]],[[[-8.44785,43.37951],[-8.44923,43.38139],[-8.44611,43.38184],[-8.44785,43.37951]]],[[[-8.44546,43.38206],[-8.44734,43.38271],[-8.44703,43.38335],[-8.44546,43.38206]]],[[[-8.45249,43.37581],[-8.45373,43.37776],[-8.45025,43.3775],[-8.45249,43.37581]]],[[[-8.26941,43.42891],[-8.26967,43.42931],[-8.2693,43.42914],[-8.26941,43.42891]]],[[[-8.26406,43.4178],[-8.26299,43.41929],[-8.26077,43.41857],[-8.26406,43.4178]]],[[[-8.21266,43.41854],[-8.21282,43.41861],[-8.21247,43.41877],[-8.21266,43.41854]]],[[[-8.34074,43.51032],[-8.34157,43.51058],[-8.34077,43.51049],[-8.34074,43.51032]]],[[[-8.23077,43.46218],[-8.23084,43.46219],[-8.23081,43.46229],[-8.23077,43.46218]]],[[[-8.2349,43.4628],[-8.235,43.46285],[-8.23488,43.4629],[-8.2349,43.4628]]],[[[-8.23141,43.46218],[-8.23143,43.4623],[-8.23136,43.46229],[-8.23141,43.46218]]],[[[-8.22977,43.46224],[-8.22983,43.46233],[-8.22975,43.46237],[-8.22977,43.46224]]],[[[-8.2333,43.46242],[-8.2334,43.46242],[-8.23337,43.46252],[-8.2333,43.46242]]],[[[-8.23391,43.46255],[-8.23402,43.4626],[-8.23388,43.46264],[-8.23391,43.46255]]],[[[-8.33503,43.51069],[-8.33525,43.51082],[-8.33467,43.51103],[-8.33503,43.51069]]],[[[-8.33634,43.51035],[-8.3405,43.51185],[-8.33707,43.51175],[-8.33634,43.51035]]],[[[-8.33293,43.51093],[-8.3329,43.51137],[-8.33266,43.51114],[-8.33293,43.51093]]],[[[-8.33283,43.5125],[-8.33312,43.51279],[-8.3328,43.51277],[-8.33283,43.5125]]],[[[-8.32465,43.52778],[-8.32635,43.52849],[-8.32633,43.52963],[-8.32465,43.52778]]],[[[-8.31177,43.54498],[-8.31174,43.54514],[-8.31151,43.54516],[-8.31177,43.54498]]],[[[-8.31009,43.54518],[-8.31021,43.5452],[-8.3102,43.54529],[-8.31009,43.54518]]],[[[-8.31557,43.54985],[-8.3158,43.55045],[-8.31528,43.5505],[-8.31557,43.54985]]],[[[-8.31122,43.54497],[-8.31107,43.54531],[-8.31076,43.54534],[-8.31122,43.54497]]],[[[-8.22201,43.37494],[-8.22252,43.37535],[-8.22169,43.37583],[-8.22201,43.37494]]],[[[-8.34079,43.37514],[-8.34215,43.37601],[-8.34088,43.37597],[-8.34079,43.37514]]],[[[-8.41257,43.38406],[-8.41349,43.38441],[-8.41284,43.38452],[-8.41257,43.38406]]],[[[-8.41272,43.38896],[-8.41412,43.3892],[-8.41312,43.38924],[-8.41272,43.38896]]],[[[-8.34396,43.39859],[-8.3441,43.3988],[-8.34378,43.39896],[-8.34396,43.39859]]],[[[-8.41143,43.38742],[-8.41173,43.38784],[-8.41123,43.38754],[-8.41143,43.38742]]],[[[-8.40676,43.38847],[-8.40807,43.38873],[-8.40777,43.38886],[-8.40676,43.38847]]],[[[-8.33881,43.40063],[-8.33941,43.40069],[-8.33901,43.40098],[-8.33881,43.40063]]],[[[-8.22462,43.38461],[-8.22347,43.38576],[-8.22342,43.38492],[-8.22462,43.38461]]],[[[-8.2832,43.38646],[-8.28404,43.38668],[-8.28328,43.38684],[-8.2832,43.38646]]],[[[-8.33947,43.40103],[-8.33996,43.40109],[-8.33947,43.4013],[-8.33947,43.40103]]],[[[-8.33457,43.40146],[-8.33442,43.40177],[-8.33408,43.40167],[-8.33457,43.40146]]],[[[-8.32749,43.40368],[-8.32766,43.40381],[-8.3274,43.40389],[-8.32749,43.40368]]],[[[-8.33636,43.40579],[-8.3365,43.4064],[-8.33543,43.40698],[-8.33636,43.40579]]],[[[-8.33661,43.40664],[-8.33667,43.40681],[-8.33626,43.40708],[-8.33661,43.40664]]],[[[-8.32724,43.40428],[-8.32754,43.40454],[-8.32721,43.40473],[-8.32724,43.40428]]],[[[-8.32682,43.40458],[-8.32696,43.40492],[-8.32648,43.40523],[-8.32682,43.40458]]],[[[-8.19975,43.60364],[-8.19995,43.6039],[-8.19979,43.60404],[-8.19975,43.60364]]],[[[-8.19637,43.60332],[-8.1966,43.60348],[-8.19632,43.60346],[-8.19637,43.60332]]],[[[-8.19606,43.60342],[-8.19659,43.60416],[-8.19598,43.6039],[-8.19606,43.60342]]],[[[-8.19602,43.60316],[-8.19608,43.60321],[-8.19594,43.6033],[-8.19602,43.60316]]],[[[-8.19603,43.60841],[-8.19607,43.60862],[-8.19594,43.60859],[-8.19603,43.60841]]],[[[-8.19688,43.60846],[-8.19714,43.6085],[-8.19693,43.6086],[-8.19688,43.60846]]],[[[-8.1951,43.6087],[-8.1952,43.60895],[-8.19497,43.60886],[-8.1951,43.6087]]],[[[-8.1921,43.60608],[-8.19208,43.60637],[-8.19195,43.60645],[-8.1921,43.60608]]],[[[-8.19531,43.60904],[-8.19546,43.60922],[-8.19535,43.60937],[-8.19531,43.60904]]],[[[-8.19859,43.6104],[-8.19862,43.61086],[-8.19842,43.61063],[-8.19859,43.6104]]],[[[-8.19784,43.61156],[-8.19805,43.61236],[-8.19707,43.61269],[-8.19784,43.61156]]],[[[-8.19815,43.61047],[-8.19833,43.61087],[-8.19801,43.61136],[-8.19815,43.61047]]],[[[-8.1914,43.61222],[-8.19127,43.61368],[-8.19059,43.61271],[-8.1914,43.61222]]],[[[-8.19686,43.61385],[-8.197,43.61418],[-8.19682,43.61424],[-8.19686,43.61385]]],[[[-8.19412,43.613],[-8.19417,43.61306],[-8.19396,43.61316],[-8.19412,43.613]]],[[[-8.19428,43.61314],[-8.19452,43.61362],[-8.19404,43.61421],[-8.19428,43.61314]]],[[[-8.21471,43.59358],[-8.21536,43.59393],[-8.21514,43.59402],[-8.21471,43.59358]]],[[[-8.20242,43.59765],[-8.20256,43.59777],[-8.20242,43.59772],[-8.20242,43.59765]]],[[[-8.20198,43.59772],[-8.20239,43.59803],[-8.20243,43.59831],[-8.20198,43.59772]]],[[[-8.20977,43.59497],[-8.21051,43.59537],[-8.21012,43.5953],[-8.20977,43.59497]]],[[[-8.21012,43.59456],[-8.21057,43.59483],[-8.21018,43.59484],[-8.21012,43.59456]]],[[[-8.2108,43.59485],[-8.21127,43.59509],[-8.2113,43.59532],[-8.2108,43.59485]]],[[[-8.20985,43.5953],[-8.21107,43.59626],[-8.20958,43.59604],[-8.20985,43.5953]]],[[[-8.09269,43.66672],[-8.09287,43.66689],[-8.09258,43.66687],[-8.09269,43.66672]]],[[[-8.09202,43.66669],[-8.09235,43.66714],[-8.09196,43.66702],[-8.09202,43.66669]]],[[[-8.09248,43.66685],[-8.09247,43.66715],[-8.09236,43.66687],[-8.09248,43.66685]]],[[[-8.0929,43.66737],[-8.0931,43.66742],[-8.09319,43.66762],[-8.0929,43.66737]]],[[[-8.09267,43.66743],[-8.09287,43.66746],[-8.09296,43.66766],[-8.09267,43.66743]]],[[[-8.07662,43.66886],[-8.07713,43.66979],[-8.07608,43.66953],[-8.07662,43.66886]]],[[[-8.06871,43.68905],[-8.06907,43.68923],[-8.0688,43.68929],[-8.06871,43.68905]]],[[[-8.07522,43.67327],[-8.07543,43.67352],[-8.07509,43.67349],[-8.07522,43.67327]]],[[[-8.07599,43.67362],[-8.07632,43.67374],[-8.07605,43.67377],[-8.07599,43.67362]]],[[[-8.06591,43.69121],[-8.06634,43.69124],[-8.06636,43.69139],[-8.06591,43.69121]]],[[[-8.06719,43.69691],[-8.06773,43.69712],[-8.06737,43.69726],[-8.06719,43.69691]]],[[[-8.06563,43.7012],[-8.06577,43.70159],[-8.0654,43.70141],[-8.06563,43.7012]]],[[[-8.06638,43.70133],[-8.06694,43.70149],[-8.06677,43.702],[-8.06638,43.70133]]],[[[-8.06433,43.70215],[-8.06474,43.70241],[-8.06425,43.70236],[-8.06433,43.70215]]],[[[-8.05701,43.70931],[-8.05725,43.70955],[-8.05694,43.7095],[-8.05701,43.70931]]],[[[-8.05334,43.7095],[-8.0543,43.71046],[-8.05284,43.71014],[-8.05334,43.7095]]],[[[-8.18954,43.61689],[-8.18954,43.61717],[-8.18945,43.61699],[-8.18954,43.61689]]],[[[-8.18993,43.61792],[-8.19005,43.61824],[-8.18994,43.61852],[-8.18993,43.61792]]],[[[-8.1536,43.61826],[-8.15381,43.61833],[-8.15356,43.61838],[-8.1536,43.61826]]],[[[-8.15391,43.61762],[-8.15407,43.61818],[-8.15337,43.61795],[-8.15391,43.61762]]],[[[-8.19011,43.61852],[-8.19019,43.6186],[-8.19007,43.61871],[-8.19011,43.61852]]],[[[-8.18931,43.61995],[-8.18939,43.62008],[-8.18929,43.62],[-8.18931,43.61995]]],[[[-8.18279,43.62169],[-8.18274,43.62215],[-8.1823,43.62229],[-8.18279,43.62169]]],[[[-8.18153,43.62231],[-8.18142,43.62271],[-8.18092,43.62265],[-8.18153,43.62231]]],[[[-8.14849,43.62247],[-8.14864,43.62326],[-8.14808,43.62373],[-8.14849,43.62247]]],[[[-8.14415,43.62749],[-8.14437,43.62761],[-8.14404,43.62772],[-8.14415,43.62749]]],[[[-8.14272,43.62991],[-8.14304,43.63019],[-8.14242,43.63024],[-8.14272,43.62991]]],[[[-8.14169,43.63201],[-8.14178,43.63223],[-8.14143,43.63232],[-8.14169,43.63201]]],[[[-8.13653,43.63521],[-8.13705,43.63546],[-8.13671,43.63558],[-8.13653,43.63521]]],[[[-8.13508,43.63568],[-8.13584,43.63598],[-8.13522,43.63608],[-8.13508,43.63568]]],[[[-8.13235,43.63787],[-8.13227,43.63809],[-8.13223,43.63791],[-8.13235,43.63787]]],[[[-8.12139,43.64464],[-8.12149,43.64475],[-8.1211,43.64497],[-8.12139,43.64464]]],[[[-8.12155,43.64525],[-8.12156,43.64552],[-8.12131,43.64552],[-8.12155,43.64525]]],[[[-8.1092,43.64801],[-8.11027,43.64852],[-8.10925,43.64892],[-8.1092,43.64801]]],[[[-8.09817,43.65538],[-8.09799,43.65553],[-8.09803,43.65541],[-8.09817,43.65538]]],[[[-8.09448,43.65998],[-8.09473,43.66042],[-8.09393,43.66052],[-8.09448,43.65998]]],[[[-8.09416,43.66402],[-8.09439,43.66439],[-8.09369,43.66427],[-8.09416,43.66402]]],[[[-8.12104,43.64396],[-8.12123,43.64426],[-8.12102,43.64459],[-8.12104,43.64396]]],[[[-8.083,43.65309],[-8.08312,43.65318],[-8.08292,43.65322],[-8.083,43.65309]]],[[[-8.08675,43.65726],[-8.08686,43.65732],[-8.0865,43.65739],[-8.08675,43.65726]]],[[[-8.08216,43.6518],[-8.08228,43.65204],[-8.08206,43.65194],[-8.08216,43.6518]]],[[[-8.08718,43.65934],[-8.0873,43.6595],[-8.08695,43.6597],[-8.08718,43.65934]]],[[[-8.09027,43.66581],[-8.09158,43.66658],[-8.09044,43.66629],[-8.09027,43.66581]]],[[[-8.09236,43.66653],[-8.09242,43.66676],[-8.09232,43.66669],[-8.09236,43.66653]]],[[[-8.30479,43.54027],[-8.30573,43.54052],[-8.3048,43.54063],[-8.30479,43.54027]]],[[[-8.30465,43.54081],[-8.30509,43.54145],[-8.3047,43.54129],[-8.30465,43.54081]]],[[[-8.30515,43.54211],[-8.30528,43.54225],[-8.30496,43.5423],[-8.30515,43.54211]]],[[[-8.30669,43.54381],[-8.30669,43.54399],[-8.30651,43.54392],[-8.30669,43.54381]]],[[[-8.2777,43.55843],[-8.27769,43.55902],[-8.27735,43.55912],[-8.2777,43.55843]]],[[[-8.28042,43.55875],[-8.28053,43.55893],[-8.28028,43.55909],[-8.28042,43.55875]]],[[[-8.28292,43.56123],[-8.28297,43.56156],[-8.28243,43.56151],[-8.28292,43.56123]]],[[[-8.30209,43.56134],[-8.30211,43.56171],[-8.30136,43.56167],[-8.30209,43.56134]]],[[[-8.30374,43.56183],[-8.30403,43.56205],[-8.30366,43.56211],[-8.30374,43.56183]]],[[[-8.3027,43.56167],[-8.30307,43.56181],[-8.30271,43.56194],[-8.3027,43.56167]]],[[[-8.30115,43.56202],[-8.30149,43.56237],[-8.3012,43.56238],[-8.30115,43.56202]]],[[[-8.25376,43.56345],[-8.25391,43.56351],[-8.25369,43.56355],[-8.25376,43.56345]]],[[[-8.24241,43.56838],[-8.24294,43.56853],[-8.24256,43.56861],[-8.24241,43.56838]]],[[[-8.24319,43.56851],[-8.24325,43.5686],[-8.24313,43.56863],[-8.24319,43.56851]]],[[[-8.30791,43.56905],[-8.30845,43.5693],[-8.30779,43.56942],[-8.30791,43.56905]]],[[[-8.30708,43.56885],[-8.30738,43.56906],[-8.30671,43.56915],[-8.30708,43.56885]]],[[[-8.23901,43.5714],[-8.23913,43.57149],[-8.23903,43.57161],[-8.23901,43.5714]]],[[[-8.23864,43.57143],[-8.23872,43.57155],[-8.23857,43.57162],[-8.23864,43.57143]]],[[[-8.23094,43.57459],[-8.23106,43.57475],[-8.23096,43.57474],[-8.23094,43.57459]]],[[[-8.23616,43.57237],[-8.23648,43.57279],[-8.23594,43.57281],[-8.23616,43.57237]]],[[[-8.23702,43.57215],[-8.23709,43.5726],[-8.23684,43.57231],[-8.23702,43.57215]]],[[[-8.23743,43.5724],[-8.23747,43.57245],[-8.23739,43.57251],[-8.23743,43.5724]]],[[[-8.23758,43.57258],[-8.23789,43.57269],[-8.2374,43.57289],[-8.23758,43.57258]]],[[[-8.2307,43.57492],[-8.23082,43.57491],[-8.231,43.57507],[-8.2307,43.57492]]],[[[-8.23162,43.57493],[-8.23179,43.57512],[-8.2316,43.57501],[-8.23162,43.57493]]],[[[-8.23028,43.57507],[-8.23059,43.57532],[-8.23037,43.57522],[-8.23028,43.57507]]],[[[-8.22924,43.57541],[-8.22941,43.57545],[-8.22942,43.57555],[-8.22924,43.57541]]],[[[-8.22799,43.57618],[-8.22804,43.57633],[-8.2279,43.57631],[-8.22799,43.57618]]],[[[-8.22877,43.57612],[-8.22891,43.57625],[-8.2287,43.57643],[-8.22877,43.57612]]],[[[-8.22927,43.57618],[-8.22943,43.57629],[-8.2293,43.5765],[-8.22927,43.57618]]],[[[-8.22926,43.57689],[-8.22939,43.57706],[-8.22926,43.577],[-8.22926,43.57689]]],[[[-8.22848,43.57801],[-8.22868,43.57813],[-8.22844,43.57811],[-8.22848,43.57801]]],[[[-8.23041,43.57619],[-8.23069,43.57655],[-8.23043,43.57648],[-8.23041,43.57619]]],[[[-8.23102,43.57651],[-8.23107,43.57666],[-8.23094,43.57658],[-8.23102,43.57651]]],[[[-8.21796,43.58396],[-8.21829,43.58405],[-8.21824,43.58427],[-8.21796,43.58396]]],[[[-8.21974,43.5854],[-8.21982,43.58559],[-8.21959,43.58564],[-8.21974,43.5854]]],[[[-8.22024,43.5862],[-8.22039,43.58638],[-8.22022,43.58636],[-8.22024,43.5862]]],[[[-8.22012,43.58657],[-8.22012,43.58672],[-8.21997,43.5868],[-8.22012,43.58657]]],[[[-8.21707,43.59146],[-8.2171,43.59166],[-8.21685,43.59167],[-8.21707,43.59146]]],[[[-8.21682,43.59181],[-8.21709,43.59195],[-8.217,43.59203],[-8.21682,43.59181]]],[[[-8.21688,43.59211],[-8.21724,43.59222],[-8.217,43.59233],[-8.21688,43.59211]]],[[[-8.21354,43.59235],[-8.21359,43.59251],[-8.21343,43.59247],[-8.21354,43.59235]]],[[[-8.21243,43.59299],[-8.21307,43.59338],[-8.21236,43.59312],[-8.21243,43.59299]]],[[[-7.69046,43.79189],[-7.69097,43.79222],[-7.69057,43.79235],[-7.69046,43.79189]]],[[[-8.00877,43.70737],[-8.00889,43.70746],[-8.0086,43.70749],[-8.00877,43.70737]]],[[[-8.00905,43.70758],[-8.00926,43.70812],[-8.00872,43.70773],[-8.00905,43.70758]]],[[[-8.0102,43.70908],[-8.0106,43.70942],[-8.01016,43.70934],[-8.0102,43.70908]]],[[[-8.00953,43.70941],[-8.00966,43.70986],[-8.00906,43.70958],[-8.00953,43.70941]]],[[[-8.00997,43.70936],[-8.01041,43.70982],[-8.01002,43.70977],[-8.00997,43.70936]]],[[[-8.01365,43.71083],[-8.01362,43.711],[-8.01353,43.71088],[-8.01365,43.71083]]],[[[-8.01402,43.71092],[-8.01428,43.71134],[-8.01389,43.71127],[-8.01402,43.71092]]],[[[-8.05141,43.7117],[-8.05209,43.71225],[-8.0513,43.71217],[-8.05141,43.7117]]],[[[-8.0154,43.71209],[-8.01554,43.7122],[-8.01515,43.71219],[-8.0154,43.71209]]],[[[-8.01445,43.71157],[-8.01477,43.71186],[-8.01435,43.71178],[-8.01445,43.71157]]],[[[-7.98913,43.71187],[-7.98935,43.71247],[-7.98878,43.71211],[-7.98913,43.71187]]],[[[-7.99009,43.71218],[-7.99022,43.71229],[-7.98992,43.71238],[-7.99009,43.71218]]],[[[-8.01486,43.71215],[-8.01509,43.71229],[-8.01508,43.71248],[-8.01486,43.71215]]],[[[-8.01455,43.71219],[-8.01484,43.71244],[-8.01448,43.71247],[-8.01455,43.71219]]],[[[-8.01746,43.71225],[-8.01771,43.71247],[-8.01739,43.7124],[-8.01746,43.71225]]],[[[-8.01589,43.71237],[-8.01596,43.71255],[-8.01573,43.71254],[-8.01589,43.71237]]],[[[-8.01728,43.71294],[-8.01774,43.71332],[-8.01748,43.7138],[-8.01728,43.71294]]],[[[-8.03006,43.71344],[-8.03021,43.7135],[-8.0301,43.71365],[-8.03006,43.71344]]],[[[-8.03044,43.71365],[-8.03059,43.71405],[-8.0303,43.7139],[-8.03044,43.71365]]],[[[-8.04685,43.71408],[-8.04752,43.71435],[-8.04709,43.71437],[-8.04685,43.71408]]],[[[-8.04094,43.71414],[-8.04156,43.71419],[-8.04159,43.71465],[-8.04094,43.71414]]],[[[-8.03817,43.7143],[-8.03826,43.71455],[-8.03801,43.71445],[-8.03817,43.7143]]],[[[-8.04766,43.71548],[-8.04768,43.71582],[-8.04742,43.71569],[-8.04766,43.71548]]],[[[-8.03187,43.71481],[-8.03218,43.71519],[-8.03171,43.71505],[-8.03187,43.71481]]],[[[-8.0476,43.71496],[-8.04806,43.71528],[-8.04731,43.71532],[-8.0476,43.71496]]],[[[-8.04009,43.71398],[-8.04051,43.71411],[-8.04013,43.71416],[-8.04009,43.71398]]],[[[-7.98885,43.71257],[-7.98932,43.71277],[-7.98895,43.71286],[-7.98885,43.71257]]],[[[-8.02303,43.71233],[-8.02296,43.71274],[-8.0228,43.71241],[-8.02303,43.71233]]],[[[-8.02179,43.71234],[-8.02218,43.71272],[-8.02158,43.71269],[-8.02179,43.71234]]],[[[-7.98972,43.71242],[-7.98992,43.71253],[-7.98963,43.71278],[-7.98972,43.71242]]],[[[-8.01913,43.71247],[-8.01933,43.71252],[-8.01928,43.71273],[-8.01913,43.71247]]],[[[-8.0163,43.71247],[-8.01658,43.71253],[-8.01661,43.71272],[-8.0163,43.71247]]],[[[-8.01584,43.71267],[-8.01595,43.71292],[-8.01572,43.71301],[-8.01584,43.71267]]],[[[-8.01686,43.71266],[-8.01713,43.71318],[-8.01667,43.71278],[-8.01686,43.71266]]],[[[-8.0162,43.7126],[-8.01635,43.71273],[-8.01615,43.71289],[-8.0162,43.7126]]],[[[-8.01663,43.71282],[-8.01644,43.71309],[-8.01635,43.71291],[-8.01663,43.71282]]],[[[-7.97904,43.71936],[-7.97935,43.71952],[-7.979,43.71975],[-7.97904,43.71936]]],[[[-7.97555,43.71913],[-7.97638,43.72004],[-7.97531,43.71997],[-7.97555,43.71913]]],[[[-7.97361,43.71943],[-7.97386,43.7197],[-7.97359,43.71994],[-7.97361,43.71943]]],[[[-7.97665,43.71961],[-7.97795,43.7207],[-7.97636,43.72054],[-7.97665,43.71961]]],[[[-7.85557,43.72746],[-7.85579,43.7277],[-7.85557,43.72763],[-7.85557,43.72746]]],[[[-7.85044,43.72571],[-7.85057,43.72581],[-7.85036,43.72596],[-7.85044,43.72571]]],[[[-7.85509,43.72633],[-7.85556,43.72683],[-7.85483,43.72663],[-7.85509,43.72633]]],[[[-7.79821,43.73163],[-7.79842,43.73215],[-7.79801,43.73203],[-7.79821,43.73163]]],[[[-7.79754,43.73264],[-7.79783,43.73271],[-7.79769,43.73313],[-7.79754,43.73264]]],[[[-7.79766,43.73324],[-7.79763,43.73338],[-7.79753,43.73336],[-7.79766,43.73324]]],[[[-7.79608,43.73448],[-7.79625,43.73451],[-7.79623,43.73465],[-7.79608,43.73448]]],[[[-7.81759,43.72302],[-7.81786,43.72323],[-7.81765,43.72319],[-7.81759,43.72302]]],[[[-7.81692,43.7232],[-7.81695,43.72331],[-7.81687,43.72333],[-7.81692,43.7232]]],[[[-7.81685,43.72365],[-7.81698,43.72378],[-7.81669,43.72376],[-7.81685,43.72365]]],[[[-7.79032,43.73497],[-7.79037,43.73557],[-7.79023,43.73576],[-7.79032,43.73497]]],[[[-7.78984,43.73556],[-7.78984,43.73577],[-7.78976,43.73578],[-7.78984,43.73556]]],[[[-7.77338,43.73877],[-7.77335,43.73897],[-7.77326,43.73887],[-7.77338,43.73877]]],[[[-7.77357,43.73899],[-7.7736,43.73907],[-7.77352,43.73909],[-7.77357,43.73899]]],[[[-7.77353,43.73864],[-7.77348,43.73875],[-7.77343,43.73866],[-7.77353,43.73864]]],[[[-7.77441,43.73825],[-7.77474,43.73884],[-7.77427,43.73918],[-7.77441,43.73825]]],[[[-7.76544,43.73989],[-7.76545,43.74001],[-7.76538,43.73995],[-7.76544,43.73989]]],[[[-7.76711,43.73939],[-7.76717,43.73965],[-7.76686,43.73984],[-7.76711,43.73939]]],[[[-7.77418,43.73956],[-7.77427,43.73976],[-7.77412,43.73973],[-7.77418,43.73956]]],[[[-7.77314,43.73967],[-7.77334,43.73978],[-7.77328,43.73989],[-7.77314,43.73967]]],[[[-7.77277,43.73974],[-7.77283,43.73978],[-7.77276,43.73987],[-7.77277,43.73974]]],[[[-7.76837,43.73977],[-7.76823,43.74007],[-7.7681,43.73987],[-7.76837,43.73977]]],[[[-7.79627,43.73484],[-7.79617,43.73499],[-7.79615,43.73486],[-7.79627,43.73484]]],[[[-7.82129,43.71503],[-7.82144,43.71525],[-7.82133,43.71526],[-7.82129,43.71503]]],[[[-7.97595,43.71881],[-7.97615,43.71902],[-7.9758,43.71898],[-7.97595,43.71881]]],[[[-7.97895,43.71887],[-7.97919,43.71912],[-7.97883,43.71897],[-7.97895,43.71887]]],[[[-7.76454,43.74013],[-7.76468,43.74019],[-7.76449,43.74043],[-7.76454,43.74013]]],[[[-7.7626,43.74124],[-7.76301,43.74134],[-7.76282,43.74146],[-7.7626,43.74124]]],[[[-7.75506,43.74211],[-7.7559,43.74239],[-7.75565,43.743],[-7.75506,43.74211]]],[[[-7.76325,43.74129],[-7.76334,43.74166],[-7.76313,43.74155],[-7.76325,43.74129]]],[[[-7.76438,43.74077],[-7.76435,43.74095],[-7.76435,43.74078],[-7.76438,43.74077]]],[[[-7.7534,43.74497],[-7.75362,43.74507],[-7.75335,43.74514],[-7.7534,43.74497]]],[[[-7.75309,43.74577],[-7.7531,43.7459],[-7.75303,43.74589],[-7.75309,43.74577]]],[[[-7.75288,43.74599],[-7.75297,43.74615],[-7.75294,43.74621],[-7.75288,43.74599]]],[[[-7.75242,43.74659],[-7.75247,43.74671],[-7.75239,43.74673],[-7.75242,43.74659]]],[[[-7.73964,43.74639],[-7.73982,43.74649],[-7.73971,43.74666],[-7.73964,43.74639]]],[[[-7.74811,43.74608],[-7.74851,43.7464],[-7.74815,43.74688],[-7.74811,43.74608]]],[[[-7.75204,43.74568],[-7.75276,43.74598],[-7.75227,43.74652],[-7.75204,43.74568]]],[[[-7.75244,43.74782],[-7.75246,43.74792],[-7.75237,43.748],[-7.75244,43.74782]]],[[[-7.7351,43.7479],[-7.73522,43.74821],[-7.73502,43.74818],[-7.7351,43.7479]]],[[[-7.73768,43.74734],[-7.73769,43.74761],[-7.73758,43.74749],[-7.73768,43.74734]]],[[[-7.75054,43.74761],[-7.75138,43.74786],[-7.75019,43.74828],[-7.75054,43.74761]]],[[[-7.68891,43.75137],[-7.68937,43.75138],[-7.68951,43.75157],[-7.68891,43.75137]]],[[[-7.73744,43.74777],[-7.73757,43.74807],[-7.7372,43.74836],[-7.73744,43.74777]]],[[[-7.75088,43.74834],[-7.75092,43.74846],[-7.75058,43.74858],[-7.75088,43.74834]]],[[[-7.86842,43.77408],[-7.86929,43.77446],[-7.86935,43.77474],[-7.86842,43.77408]]],[[[-7.87019,43.77436],[-7.87035,43.77446],[-7.87018,43.77452],[-7.87019,43.77436]]],[[[-7.86988,43.77657],[-7.8705,43.77692],[-7.86994,43.77676],[-7.86988,43.77657]]],[[[-7.86904,43.77658],[-7.87095,43.7782],[-7.86876,43.77769],[-7.86904,43.77658]]],[[[-7.8706,43.78124],[-7.87072,43.78143],[-7.87048,43.78135],[-7.8706,43.78124]]],[[[-7.86861,43.77938],[-7.86922,43.77972],[-7.86859,43.77958],[-7.86861,43.77938]]],[[[-7.86699,43.77896],[-7.86927,43.78016],[-7.86689,43.77987],[-7.86699,43.77896]]],[[[-7.86581,43.77965],[-7.86772,43.78098],[-7.86563,43.78015],[-7.86581,43.77965]]],[[[-7.73642,43.7467],[-7.73651,43.74715],[-7.73642,43.74715],[-7.73642,43.7467]]],[[[-7.73743,43.74663],[-7.73749,43.74697],[-7.73731,43.74678],[-7.73743,43.74663]]],[[[-7.75088,43.74678],[-7.75083,43.747],[-7.75059,43.74702],[-7.75088,43.74678]]],[[[-7.74852,43.74686],[-7.74867,43.74695],[-7.7485,43.74699],[-7.74852,43.74686]]],[[[-7.75127,43.74695],[-7.75091,43.74724],[-7.75106,43.74699],[-7.75127,43.74695]]],[[[-7.75056,43.74711],[-7.75082,43.7471],[-7.75075,43.74719],[-7.75056,43.74711]]],[[[-7.75027,43.74725],[-7.75049,43.74751],[-7.75013,43.74748],[-7.75027,43.74725]]],[[[-7.75164,43.74692],[-7.75215,43.74758],[-7.75193,43.74756],[-7.75164,43.74692]]],[[[-7.76795,43.73991],[-7.76805,43.74007],[-7.7678,43.7401],[-7.76795,43.73991]]],[[[-7.77178,43.74003],[-7.77177,43.7401],[-7.77162,43.7401],[-7.77178,43.74003]]],[[[-7.77131,43.7398],[-7.77135,43.74015],[-7.77114,43.74013],[-7.77131,43.7398]]],[[[-7.77337,43.7401],[-7.77349,43.74026],[-7.7731,43.74021],[-7.77337,43.7401]]],[[[-7.76867,43.7403],[-7.76868,43.74043],[-7.76858,43.74033],[-7.76867,43.7403]]],[[[-7.77166,43.74144],[-7.77163,43.74162],[-7.77157,43.74145],[-7.77166,43.74144]]],[[[-7.94122,43.74298],[-7.94149,43.74319],[-7.94119,43.74317],[-7.94122,43.74298]]],[[[-7.77132,43.74162],[-7.77137,43.74238],[-7.77098,43.74184],[-7.77132,43.74162]]],[[[-7.76909,43.74062],[-7.76911,43.74079],[-7.7689,43.74089],[-7.76909,43.74062]]],[[[-7.77144,43.74087],[-7.77161,43.74114],[-7.77121,43.74144],[-7.77144,43.74087]]],[[[-7.92344,43.74452],[-7.92357,43.74468],[-7.92334,43.74469],[-7.92344,43.74452]]],[[[-7.80216,43.7452],[-7.80286,43.74528],[-7.80293,43.74582],[-7.80216,43.7452]]],[[[-7.93517,43.74294],[-7.93531,43.74313],[-7.93489,43.74315],[-7.93517,43.74294]]],[[[-7.94072,43.74318],[-7.94089,43.74348],[-7.94057,43.74331],[-7.94072,43.74318]]],[[[-7.93492,43.74326],[-7.93504,43.74351],[-7.93473,43.74356],[-7.93492,43.74326]]],[[[-7.91931,43.74951],[-7.91949,43.74975],[-7.91921,43.74972],[-7.91931,43.74951]]],[[[-7.91017,43.76131],[-7.91036,43.76161],[-7.91011,43.76152],[-7.91017,43.76131]]],[[[-7.8795,43.76583],[-7.87985,43.76597],[-7.87966,43.76628],[-7.8795,43.76583]]],[[[-7.85822,43.7657],[-7.85969,43.76637],[-7.85824,43.76667],[-7.85822,43.7657]]],[[[-7.86158,43.76576],[-7.86184,43.76586],[-7.86147,43.76598],[-7.86158,43.76576]]],[[[-7.86649,43.77072],[-7.86672,43.77096],[-7.86628,43.77111],[-7.86649,43.77072]]],[[[-7.87095,43.77203],[-7.87146,43.77233],[-7.87017,43.7723],[-7.87095,43.77203]]],[[[-7.9049,43.77322],[-7.905,43.77355],[-7.90473,43.77344],[-7.9049,43.77322]]],[[[-7.87685,43.76722],[-7.87705,43.76732],[-7.87676,43.76744],[-7.87685,43.76722]]],[[[-7.86324,43.76704],[-7.86313,43.76786],[-7.86296,43.76755],[-7.86324,43.76704]]],[[[-8.56021,43.31582],[-8.56045,43.31623],[-8.56006,43.31639],[-8.56021,43.31582]]],[[[-8.57367,43.31636],[-8.57395,43.31649],[-8.57358,43.31656],[-8.57367,43.31636]]],[[[-8.58398,43.31721],[-8.58416,43.31741],[-8.58374,43.3175],[-8.58398,43.31721]]],[[[-8.5905,43.31841],[-8.59067,43.31858],[-8.59038,43.31868],[-8.5905,43.31841]]],[[[-8.87829,43.32027],[-8.87822,43.32064],[-8.87811,43.32045],[-8.87829,43.32027]]],[[[-8.59594,43.32054],[-8.59621,43.32067],[-8.59578,43.32071],[-8.59594,43.32054]]],[[[-8.59019,43.32082],[-8.59074,43.3211],[-8.59016,43.32112],[-8.59019,43.32082]]],[[[-8.5952,43.32091],[-8.59562,43.32122],[-8.59497,43.32137],[-8.5952,43.32091]]],[[[-8.60409,43.32151],[-8.60418,43.32161],[-8.60408,43.32161],[-8.60409,43.32151]]],[[[-8.8746,43.31904],[-8.87624,43.31955],[-8.87729,43.32124],[-8.8746,43.31904]]],[[[-8.6036,43.32074],[-8.60372,43.32086],[-8.60351,43.32094],[-8.6036,43.32074]]],[[[-8.87792,43.32091],[-8.8785,43.32137],[-8.87807,43.32183],[-8.87792,43.32091]]],[[[-8.59993,43.31981],[-8.60012,43.31992],[-8.59992,43.32015],[-8.59993,43.31981]]],[[[-8.75719,43.29925],[-8.75723,43.29985],[-8.75662,43.29998],[-8.75719,43.29925]]],[[[-8.75837,43.30083],[-8.75883,43.30174],[-8.75787,43.3014],[-8.75837,43.30083]]],[[[-8.77866,43.30255],[-8.77863,43.30276],[-8.7785,43.30266],[-8.77866,43.30255]]],[[[-8.78072,43.30409],[-8.78088,43.30527],[-8.78057,43.3048],[-8.78072,43.30409]]],[[[-8.79617,43.31255],[-8.79625,43.31308],[-8.79602,43.31293],[-8.79617,43.31255]]],[[[-8.79042,43.3104],[-8.79048,43.31049],[-8.79037,43.31053],[-8.79042,43.3104]]],[[[-8.55475,43.31382],[-8.55502,43.31395],[-8.55441,43.31415],[-8.55475,43.31382]]],[[[-8.55406,43.31461],[-8.55435,43.31503],[-8.55343,43.31546],[-8.55406,43.31461]]],[[[-8.56715,43.31543],[-8.56728,43.31561],[-8.56655,43.31572],[-8.56715,43.31543]]],[[[-8.90357,43.32171],[-8.90385,43.32187],[-8.9036,43.32199],[-8.90357,43.32171]]],[[[-8.85578,43.32179],[-8.85588,43.32185],[-8.85579,43.32196],[-8.85578,43.32179]]],[[[-8.90332,43.3222],[-8.90348,43.3224],[-8.90316,43.3224],[-8.90332,43.3222]]],[[[-8.85048,43.32533],[-8.8506,43.32537],[-8.85057,43.3256],[-8.85048,43.32533]]],[[[-8.85161,43.32535],[-8.85173,43.32554],[-8.85137,43.32557],[-8.85161,43.32535]]],[[[-8.84919,43.32985],[-8.84909,43.33006],[-8.84904,43.32996],[-8.84919,43.32985]]],[[[-8.84999,43.33556],[-8.85037,43.33602],[-8.84964,43.33586],[-8.84999,43.33556]]],[[[-8.83991,43.34557],[-8.83964,43.34636],[-8.8395,43.34563],[-8.83991,43.34557]]],[[[-8.35005,43.34768],[-8.35079,43.34903],[-8.34935,43.3487],[-8.35005,43.34768]]],[[[-8.83457,43.35012],[-8.83469,43.35052],[-8.83409,43.35053],[-8.83457,43.35012]]],[[[-8.833,43.34507],[-8.83317,43.34514],[-8.83285,43.34528],[-8.833,43.34507]]],[[[-8.84245,43.34522],[-8.84246,43.34533],[-8.8423,43.34534],[-8.84245,43.34522]]],[[[-8.83443,43.34496],[-8.83459,43.34518],[-8.83434,43.34514],[-8.83443,43.34496]]],[[[-8.83603,43.34436],[-8.83636,43.34469],[-8.83601,43.34478],[-8.83603,43.34436]]],[[[-8.84259,43.34464],[-8.84241,43.34497],[-8.84231,43.34478],[-8.84259,43.34464]]],[[[-8.84254,43.34537],[-8.84251,43.34545],[-8.84237,43.34543],[-8.84254,43.34537]]],[[[-8.83314,43.34537],[-8.83332,43.34549],[-8.83311,43.34548],[-8.83314,43.34537]]],[[[-8.59181,43.32149],[-8.59197,43.32171],[-8.59156,43.32175],[-8.59181,43.32149]]],[[[-8.60369,43.32196],[-8.60377,43.32202],[-8.6036,43.32207],[-8.60369,43.32196]]],[[[-8.60415,43.32238],[-8.60419,43.32261],[-8.60405,43.32251],[-8.60415,43.32238]]],[[[-8.60468,43.322],[-8.60482,43.32201],[-8.60476,43.32219],[-8.60468,43.322]]],[[[-8.52167,43.32508],[-8.52188,43.32539],[-8.52108,43.32564],[-8.52167,43.32508]]],[[[-8.52019,43.32659],[-8.52054,43.32711],[-8.52015,43.3273],[-8.52019,43.32659]]],[[[-8.51846,43.32816],[-8.51864,43.32846],[-8.51845,43.3284],[-8.51846,43.32816]]],[[[-8.84949,43.32855],[-8.84955,43.32865],[-8.84936,43.3288],[-8.84949,43.32855]]],[[[-8.84939,43.32882],[-8.84938,43.32893],[-8.84933,43.32884],[-8.84939,43.32882]]],[[[-8.60722,43.32271],[-8.6074,43.32294],[-8.6069,43.3231],[-8.60722,43.32271]]],[[[-8.60528,43.32277],[-8.60539,43.32292],[-8.60523,43.32314],[-8.60528,43.32277]]],[[[-8.84955,43.32889],[-8.8496,43.329],[-8.84946,43.32907],[-8.84955,43.32889]]],[[[-8.83378,43.35283],[-8.83401,43.35295],[-8.83378,43.35301],[-8.83378,43.35283]]],[[[-8.83236,43.3529],[-8.83566,43.35549],[-8.83235,43.3554],[-8.83236,43.3529]]],[[[-8.83558,43.35245],[-8.83569,43.35258],[-8.83538,43.35257],[-8.83558,43.35245]]],[[[-8.47425,43.35664],[-8.47463,43.35713],[-8.47339,43.35792],[-8.47425,43.35664]]],[[[-8.83567,43.35584],[-8.83562,43.35623],[-8.83493,43.35616],[-8.83567,43.35584]]],[[[-8.83296,43.35596],[-8.8334,43.35621],[-8.83276,43.35623],[-8.83296,43.35596]]],[[[-8.84451,43.35522],[-8.84968,43.36145],[-8.83668,43.36164],[-8.84451,43.35522]]],[[[-8.83404,43.35615],[-8.83406,43.36225],[-8.83075,43.35844],[-8.83404,43.35615]]],[[[-9.079,43.18414],[-9.07902,43.18427],[-9.07895,43.18419],[-9.079,43.18414]]],[[[-9.07779,43.18525],[-9.07801,43.18542],[-9.07769,43.18557],[-9.07779,43.18525]]],[[[-9.08243,43.18498],[-9.08245,43.1851],[-9.08238,43.18505],[-9.08243,43.18498]]],[[[-9.08383,43.18569],[-9.08387,43.18579],[-9.08375,43.18575],[-9.08383,43.18569]]],[[[-9.15551,43.1859],[-9.15585,43.18609],[-9.1555,43.18605],[-9.15551,43.1859]]],[[[-9.08353,43.18608],[-9.08362,43.18612],[-9.08355,43.18614],[-9.08353,43.18608]]],[[[-9.08236,43.18551],[-9.08237,43.1856],[-9.0823,43.18553],[-9.08236,43.18551]]],[[[-9.0766,43.18616],[-9.07667,43.18619],[-9.07646,43.18622],[-9.0766,43.18616]]],[[[-9.08459,43.18627],[-9.08457,43.18656],[-9.08444,43.18638],[-9.08459,43.18627]]],[[[-9.07562,43.18668],[-9.07563,43.18681],[-9.07556,43.18674],[-9.07562,43.18668]]],[[[-9.08314,43.18618],[-9.08324,43.18633],[-9.08301,43.18629],[-9.08314,43.18618]]],[[[-9.08911,43.18719],[-9.08924,43.18735],[-9.08905,43.18732],[-9.08911,43.18719]]],[[[-9.15314,43.18742],[-9.15343,43.18757],[-9.15352,43.18781],[-9.15314,43.18742]]],[[[-9.10032,43.18814],[-9.10046,43.18833],[-9.10026,43.18853],[-9.10032,43.18814]]],[[[-9.08785,43.18823],[-9.08791,43.18837],[-9.08774,43.18846],[-9.08785,43.18823]]],[[[-9.08102,43.1847],[-9.08112,43.18484],[-9.08097,43.18476],[-9.08102,43.1847]]],[[[-9.1754,43.18853],[-9.17557,43.18876],[-9.17537,43.18895],[-9.1754,43.18853]]],[[[-9.17571,43.18969],[-9.17605,43.18991],[-9.17559,43.18986],[-9.17571,43.18969]]],[[[-9.08831,43.18941],[-9.08844,43.18957],[-9.08832,43.18965],[-9.08831,43.18941]]],[[[-9.09355,43.18951],[-9.09371,43.18958],[-9.0935,43.1896],[-9.09355,43.18951]]],[[[-9.09268,43.18937],[-9.09285,43.18991],[-9.09258,43.18976],[-9.09268,43.18937]]],[[[-9.09867,43.19221],[-9.09877,43.19242],[-9.09857,43.19249],[-9.09867,43.19221]]],[[[-9.11166,43.19212],[-9.11161,43.19274],[-9.11132,43.19217],[-9.11166,43.19212]]],[[[-9.09609,43.19322],[-9.09615,43.19321],[-9.09609,43.19332],[-9.09609,43.19322]]],[[[-9.10263,43.19075],[-9.1027,43.19075],[-9.1027,43.19082],[-9.10263,43.19075]]],[[[-9.099,43.19174],[-9.09909,43.19179],[-9.09898,43.19185],[-9.099,43.19174]]],[[[-9.10201,43.19078],[-9.10198,43.19088],[-9.10194,43.19081],[-9.10201,43.19078]]],[[[-9.09331,43.1896],[-9.09326,43.18984],[-9.09306,43.1898],[-9.09331,43.1896]]],[[[-9.089,43.19046],[-9.08908,43.19058],[-9.08899,43.19055],[-9.089,43.19046]]],[[[-9.08921,43.19004],[-9.08944,43.19021],[-9.08915,43.19013],[-9.08921,43.19004]]],[[[-9.10058,43.18914],[-9.10229,43.19042],[-9.10083,43.19041],[-9.10058,43.18914]]],[[[-9.09051,43.19018],[-9.09058,43.19026],[-9.09045,43.1902],[-9.09051,43.19018]]],[[[-9.10248,43.19058],[-9.10243,43.19074],[-9.10238,43.19066],[-9.10248,43.19058]]],[[[-9.08913,43.19037],[-9.08924,43.19043],[-9.08922,43.19058],[-9.08913,43.19037]]],[[[-9.08999,43.19071],[-9.09016,43.19087],[-9.08993,43.19087],[-9.08999,43.19071]]],[[[-9.15176,43.19427],[-9.15194,43.19458],[-9.15161,43.19476],[-9.15176,43.19427]]],[[[-9.15141,43.19547],[-9.15355,43.19611],[-9.1533,43.1983],[-9.15141,43.19547]]],[[[-9.1447,43.19496],[-9.14503,43.19565],[-9.14458,43.19537],[-9.1447,43.19496]]],[[[-9.09601,43.19377],[-9.09609,43.19403],[-9.09582,43.19398],[-9.09601,43.19377]]],[[[-9.0976,43.19293],[-9.09831,43.19333],[-9.09774,43.19401],[-9.0976,43.19293]]],[[[-9.09657,43.19333],[-9.09662,43.1935],[-9.0964,43.19366],[-9.09657,43.19333]]],[[[-9.11131,43.19346],[-9.11143,43.1937],[-9.11123,43.19354],[-9.11131,43.19346]]],[[[-9.11415,43.19369],[-9.11424,43.1938],[-9.1141,43.19382],[-9.11415,43.19369]]],[[[-9.09735,43.19382],[-9.09718,43.19432],[-9.09714,43.19408],[-9.09735,43.19382]]],[[[-9.11453,43.19449],[-9.11484,43.19461],[-9.11471,43.19502],[-9.11453,43.19449]]],[[[-9.11475,43.19556],[-9.11569,43.1972],[-9.11488,43.19794],[-9.11475,43.19556]]],[[[-9.11983,43.19617],[-9.11993,43.1963],[-9.11982,43.19627],[-9.11983,43.19617]]],[[[-9.11615,43.19678],[-9.11642,43.19703],[-9.11611,43.19755],[-9.11615,43.19678]]],[[[-9.11804,43.19681],[-9.11809,43.19687],[-9.11795,43.19688],[-9.11804,43.19681]]],[[[-9.13388,43.19689],[-9.13438,43.19722],[-9.13391,43.19726],[-9.13388,43.19689]]],[[[-9.13788,43.19853],[-9.13789,43.1988],[-9.13778,43.1986],[-9.13788,43.19853]]],[[[-9.13744,43.19855],[-9.13764,43.19881],[-9.13733,43.19875],[-9.13744,43.19855]]],[[[-9.13741,43.19904],[-9.13785,43.19915],[-9.13758,43.19919],[-9.13741,43.19904]]],[[[-9.1362,43.19988],[-9.13701,43.20062],[-9.13634,43.20058],[-9.1362,43.19988]]],[[[-9.11761,43.19856],[-9.11787,43.19945],[-9.1174,43.20002],[-9.11761,43.19856]]],[[[-9.11771,43.20005],[-9.11783,43.20009],[-9.11761,43.20011],[-9.11771,43.20005]]],[[[-9.04027,43.21084],[-9.0415,43.21188],[-9.04082,43.21199],[-9.04027,43.21084]]],[[[-9.03896,43.21345],[-9.03917,43.21446],[-9.03864,43.21403],[-9.03896,43.21345]]],[[[-9.03711,43.20568],[-9.03649,43.20676],[-9.03605,43.20621],[-9.03711,43.20568]]],[[[-9.13501,43.19708],[-9.13535,43.19735],[-9.13498,43.19727],[-9.13501,43.19708]]],[[[-9.12486,43.19764],[-9.12529,43.19783],[-9.12502,43.19794],[-9.12486,43.19764]]],[[[-9.13688,43.19737],[-9.1374,43.19752],[-9.13753,43.19796],[-9.13688,43.19737]]],[[[-9.13661,43.19742],[-9.13701,43.19801],[-9.13635,43.19802],[-9.13661,43.19742]]],[[[-9.13561,43.19889],[-9.13576,43.19905],[-9.13522,43.19916],[-9.13561,43.19889]]],[[[-9.03253,43.21601],[-9.03321,43.21704],[-9.03147,43.2163],[-9.03253,43.21601]]],[[[-9.03026,43.21635],[-9.03039,43.21639],[-9.03031,43.21657],[-9.03026,43.21635]]],[[[-9.02254,43.21843],[-9.02268,43.21853],[-9.0225,43.21853],[-9.02254,43.21843]]],[[[-9.02162,43.21805],[-9.02181,43.21817],[-9.02129,43.21837],[-9.02162,43.21805]]],[[[-9.02082,43.21841],[-9.02108,43.21869],[-9.02082,43.21893],[-9.02082,43.21841]]],[[[-9.02196,43.21826],[-9.02226,43.21843],[-9.02208,43.21861],[-9.02196,43.21826]]],[[[-9.02166,43.21849],[-9.02182,43.21872],[-9.02161,43.21873],[-9.02166,43.21849]]],[[[-9.0185,43.22297],[-9.01867,43.2231],[-9.01844,43.2231],[-9.0185,43.22297]]],[[[-9.02199,43.22303],[-9.0221,43.22308],[-9.02191,43.22326],[-9.02199,43.22303]]],[[[-9.02116,43.21879],[-9.0213,43.21894],[-9.02105,43.21889],[-9.02116,43.21879]]],[[[-9.02039,43.22007],[-9.02046,43.22024],[-9.02021,43.22022],[-9.02039,43.22007]]],[[[-9.02106,43.22272],[-9.02097,43.22283],[-9.02083,43.2228],[-9.02106,43.22272]]],[[[-9.01886,43.22291],[-9.01905,43.22296],[-9.01912,43.22306],[-9.01886,43.22291]]],[[[-9.0208,43.22293],[-9.02118,43.22333],[-9.02066,43.2232],[-9.0208,43.22293]]],[[[-9.0198,43.22315],[-9.01986,43.22325],[-9.01973,43.22327],[-9.0198,43.22315]]],[[[-9.01861,43.22335],[-9.01876,43.22348],[-9.01865,43.22372],[-9.01861,43.22335]]],[[[-9.01731,43.22348],[-9.01723,43.22371],[-9.01718,43.2236],[-9.01731,43.22348]]],[[[-8.98682,43.22354],[-8.98682,43.22376],[-8.98668,43.22363],[-8.98682,43.22354]]],[[[-8.97039,43.22471],[-8.97054,43.22473],[-8.97024,43.22481],[-8.97039,43.22471]]],[[[-9.01434,43.22833],[-9.01441,43.22833],[-9.01426,43.22845],[-9.01434,43.22833]]],[[[-9.01102,43.22528],[-9.0112,43.22533],[-9.01105,43.22537],[-9.01102,43.22528]]],[[[-9.0149,43.22341],[-9.01493,43.22352],[-9.01487,43.22349],[-9.0149,43.22341]]],[[[-9.01537,43.22355],[-9.01544,43.22355],[-9.01536,43.22363],[-9.01537,43.22355]]],[[[-9.01566,43.22332],[-9.01573,43.2234],[-9.01551,43.22354],[-9.01566,43.22332]]],[[[-9.01572,43.23001],[-9.01595,43.23022],[-9.0158,43.23027],[-9.01572,43.23001]]],[[[-9.01511,43.23133],[-9.01543,43.23164],[-9.01514,43.23157],[-9.01511,43.23133]]],[[[-9.01536,43.22999],[-9.0155,43.2301],[-9.01529,43.2301],[-9.01536,43.22999]]],[[[-9.01572,43.23288],[-9.01586,43.23303],[-9.01574,43.23305],[-9.01572,43.23288]]],[[[-9.01402,43.2348],[-9.0144,43.23483],[-9.01419,43.23519],[-9.01402,43.2348]]],[[[-9.00926,43.23477],[-9.00888,43.23505],[-9.00854,43.23503],[-9.00926,43.23477]]],[[[-9.00282,43.22868],[-9.0029,43.22869],[-9.00292,43.22873],[-9.00282,43.22868]]],[[[-9.01431,43.22913],[-9.01443,43.22926],[-9.01426,43.2294],[-9.01431,43.22913]]],[[[-9.00368,43.23007],[-9.00374,43.23012],[-9.00361,43.23011],[-9.00368,43.23007]]],[[[-9.01074,43.23369],[-9.01079,43.23392],[-9.01064,43.23381],[-9.01074,43.23369]]],[[[-9.01162,43.23381],[-9.01172,43.23395],[-9.01161,43.23402],[-9.01162,43.23381]]],[[[-9.0123,43.23398],[-9.01254,43.23407],[-9.01233,43.23408],[-9.0123,43.23398]]],[[[-9.00831,43.2341],[-9.0084,43.23416],[-9.00822,43.2342],[-9.00831,43.2341]]],[[[-9.00897,43.23421],[-9.00893,43.2343],[-9.00878,43.23431],[-9.00897,43.23421]]],[[[-8.96921,43.22533],[-8.96914,43.22551],[-8.96885,43.22538],[-8.96921,43.22533]]],[[[-8.97513,43.22562],[-8.97518,43.2257],[-8.97508,43.2257],[-8.97513,43.22562]]],[[[-8.97326,43.22524],[-8.9735,43.22531],[-8.97349,43.22539],[-8.97326,43.22524]]],[[[-8.95847,43.22872],[-8.95852,43.2288],[-8.9584,43.22884],[-8.95847,43.22872]]],[[[-8.96681,43.22862],[-8.96697,43.22869],[-8.96682,43.22884],[-8.96681,43.22862]]],[[[-8.96653,43.22966],[-8.9667,43.22971],[-8.96639,43.22988],[-8.96653,43.22966]]],[[[-8.96644,43.22952],[-8.96656,43.22958],[-8.96631,43.22955],[-8.96644,43.22952]]],[[[-8.9665,43.229],[-8.96684,43.22915],[-8.96653,43.2295],[-8.9665,43.229]]],[[[-8.96608,43.22945],[-8.96617,43.22951],[-8.96609,43.22958],[-8.96608,43.22945]]],[[[-8.94189,43.2321],[-8.94353,43.23239],[-8.94374,43.23415],[-8.94189,43.2321]]]]}},{"type":"Feature","id":"16","properties":{"code":"16","name":"Cuenca","nationalCode":"34081600000"},"geometry":{"type":"Polygon","coordinates":[[[-2.66234,39.32195],[-2.74251,39.31825],[-2.77208,39.3696],[-2.77603,39.39476],[-2.78908,39.39753],[-2.82642,39.35905],[-2.84717,39.34807],[-2.86003,39.34682],[-2.86427,39.3563],[-2.88247,39.35003],[-2.89397,39.35855],[-2.88723,39.38271],[-2.87086,39.38396],[-2.87032,39.39084],[-2.88632,39.40576],[-2.88977,39.42161],[-2.90812,39.43037],[-2.91481,39.4474],[-2.93241,39.4525],[-2.92825,39.47006],[-2.9358,39.49382],[-2.93529,39.52568],[-2.92065,39.55914],[-2.92551,39.6018],[-2.91375,39.61373],[-2.91786,39.62306],[-2.90823,39.64233],[-2.99775,39.71887],[-3.01555,39.76491],[-3.04054,39.78758],[-3.05968,39.83747],[-3.07629,39.85571],[-3.09627,39.86911],[-3.12723,39.87468],[-3.10688,39.90314],[-3.09706,39.93347],[-3.0966,39.98694],[-3.14257,39.98496],[-3.17023,40.04814],[-3.16158,40.06493],[-3.11819,40.06143],[-3.08972,40.07012],[-3.06071,40.09056],[-3.05298,40.09939],[-3.05619,40.11374],[-3.07718,40.13556],[-3.09397,40.13955],[-3.09737,40.15435],[-3.08624,40.1639],[-3.06889,40.15659],[-3.06377,40.16825],[-3.01597,40.15271],[-3.01226,40.17397],[-3.02107,40.18749],[-3.00568,40.20887],[-2.94698,40.16961],[-2.91148,40.15708],[-2.87374,40.17357],[-2.86313,40.20011],[-2.82153,40.20518],[-2.80263,40.26403],[-2.81697,40.36402],[-2.80589,40.39097],[-2.80768,40.40679],[-2.79962,40.42363],[-2.78604,40.42724],[-2.79004,40.43168],[-2.78032,40.44476],[-2.76007,40.44199],[-2.76987,40.4214],[-2.76002,40.41234],[-2.7229,40.39712],[-2.72803,40.41143],[-2.71604,40.40788],[-2.71743,40.41982],[-2.70509,40.416],[-2.69067,40.39513],[-2.68513,40.398],[-2.68077,40.40271],[-2.70345,40.42538],[-2.68501,40.42773],[-2.67636,40.43578],[-2.68515,40.44329],[-2.67316,40.44861],[-2.66385,40.43605],[-2.64158,40.44885],[-2.59956,40.44337],[-2.58624,40.45026],[-2.5466,40.43502],[-2.54255,40.42545],[-2.51546,40.42428],[-2.50453,40.44865],[-2.52304,40.46702],[-2.54445,40.47463],[-2.52873,40.49838],[-2.54627,40.51896],[-2.53871,40.53402],[-2.52724,40.54428],[-2.5136,40.51577],[-2.49597,40.50881],[-2.44864,40.52453],[-2.42674,40.54075],[-2.41182,40.52563],[-2.38345,40.54087],[-2.38321,40.55362],[-2.41728,40.58345],[-2.41245,40.60212],[-2.39951,40.61351],[-2.35903,40.59684],[-2.35396,40.58952],[-2.35985,40.58064],[-2.34344,40.56938],[-2.29766,40.57284],[-2.28604,40.59222],[-2.29424,40.62465],[-2.2746,40.64475],[-2.21382,40.61918],[-2.16925,40.63023],[-2.15694,40.65869],[-2.0912,40.64637],[-2.0358,40.60157],[-1.98553,40.58543],[-1.9659,40.59198],[-1.96446,40.61152],[-1.95407,40.60015],[-1.92645,40.59407],[-1.90449,40.54646],[-1.90947,40.54165],[-1.89981,40.54104],[-1.882,40.51882],[-1.88879,40.50408],[-1.87415,40.47103],[-1.86192,40.46247],[-1.86619,40.45036],[-1.85396,40.42184],[-1.84533,40.41727],[-1.8367,40.42599],[-1.81016,40.39945],[-1.77777,40.39188],[-1.74158,40.34968],[-1.69768,40.32129],[-1.70684,40.3136],[-1.72015,40.31851],[-1.72946,40.30291],[-1.72122,40.2787],[-1.71232,40.2783],[-1.7077,40.29713],[-1.69035,40.30966],[-1.54048,40.1908],[-1.5109,40.20372],[-1.47442,40.18504],[-1.43921,40.19701],[-1.44237,40.1576],[-1.45621,40.13095],[-1.4076,40.1014],[-1.42029,40.09351],[-1.38314,40.03897],[-1.37686,40.0165],[-1.33578,40.01667],[-1.24946,39.9951],[-1.1682,40.01059],[-1.14735,39.9886],[-1.14454,39.97017],[-1.20818,39.94381],[-1.20897,39.92816],[-1.19586,39.91393],[-1.20004,39.85871],[-1.215,39.80877],[-1.27541,39.73864],[-1.262,39.69891],[-1.2721,39.68604],[-1.29198,39.67254],[-1.31283,39.67048],[-1.36853,39.68961],[-1.41793,39.65494],[-1.46208,39.57662],[-1.50436,39.5639],[-1.50286,39.55223],[-1.52054,39.55027],[-1.5026,39.54562],[-1.507,39.52064],[-1.50114,39.5155],[-1.50722,39.50786],[-1.49915,39.50045],[-1.50366,39.4915],[-1.51245,39.49627],[-1.50506,39.4877],[-1.51256,39.48323],[-1.50322,39.47935],[-1.513,39.47125],[-1.51339,39.45827],[-1.52892,39.4546],[-1.51832,39.44838],[-1.52449,39.44309],[-1.51545,39.43872],[-1.52105,39.43174],[-1.49666,39.42703],[-1.62269,39.36268],[-1.73928,39.32116],[-1.76311,39.30149],[-1.76985,39.28051],[-1.84519,39.28612],[-1.88708,39.30479],[-1.9898,39.29368],[-1.99508,39.30981],[-2.02843,39.33681],[-2.02033,39.35182],[-2.09562,39.35942],[-2.07369,39.32112],[-2.07734,39.30824],[-2.05096,39.26668],[-2.16868,39.28107],[-2.18185,39.26931],[-2.21893,39.26152],[-2.28868,39.22666],[-2.30183,39.26361],[-2.32119,39.28374],[-2.34989,39.27854],[-2.36109,39.24655],[-2.37408,39.23278],[-2.51105,39.34215],[-2.54878,39.32346],[-2.59368,39.33942],[-2.61926,39.34014],[-2.63497,39.32676],[-2.66234,39.32195]]]}},{"type":"Feature","id":"17","properties":{"code":"17","name":"Girona","nationalCode":"34091700000"},"geometry":{"type":"MultiPolygon","coordinates":[[[[2.75785,41.6794],[2.77452,41.70029],[2.76586,41.7257],[2.77602,41.73495],[2.74475,41.73498],[2.7248,41.74432],[2.68977,41.74152],[2.68175,41.74826],[2.68658,41.74131],[2.68055,41.7396],[2.6576,41.74769],[2.64017,41.74338],[2.62918,41.73099],[2.54751,41.71899],[2.51563,41.74868],[2.51597,41.7619],[2.46915,41.77779],[2.47218,41.7896],[2.45575,41.78419],[2.43653,41.80288],[2.35234,41.80857],[2.34474,41.83737],[2.32532,41.85588],[2.33245,41.86319],[2.32344,41.87453],[2.32796,41.88301],[2.33753,41.88915],[2.35574,41.88111],[2.36969,41.88595],[2.38249,41.87173],[2.40711,41.89542],[2.44251,41.88751],[2.48104,41.91606],[2.47157,41.93834],[2.44238,41.94143],[2.43676,41.94797],[2.44144,41.95991],[2.42728,41.96895],[2.47431,41.96934],[2.47235,41.97531],[2.48802,41.98467],[2.46878,41.99384],[2.47652,42.00129],[2.4989,42.00152],[2.50334,42.00968],[2.49516,42.01168],[2.49404,42.02122],[2.50616,42.03227],[2.48222,42.04925],[2.49614,42.05901],[2.49092,42.06808],[2.45804,42.07928],[2.42729,42.06115],[2.41752,42.06498],[2.3945,42.08676],[2.40017,42.10276],[2.37975,42.10365],[2.3656,42.12094],[2.32073,42.11677],[2.29538,42.10264],[2.30374,42.11234],[2.30004,42.13387],[2.29154,42.12921],[2.26987,42.14501],[2.25754,42.13863],[2.21449,42.14194],[2.20528,42.13361],[2.21298,42.1289],[2.20372,42.13146],[2.20067,42.1239],[2.18873,42.12429],[2.18092,42.13525],[2.14357,42.13092],[2.12567,42.11234],[2.09978,42.12447],[2.10133,42.13984],[2.09225,42.1444],[2.06052,42.13518],[2.02765,42.15282],[2.00409,42.14975],[1.99046,42.17139],[1.99183,42.18213],[1.96554,42.17874],[1.96465,42.19883],[2.00773,42.19364],[1.99767,42.19134],[2.00586,42.18299],[1.9959,42.17201],[2.00466,42.16246],[2.028,42.16664],[2.03738,42.17866],[2.05778,42.17469],[2.06342,42.19152],[2.05219,42.19542],[2.05311,42.21945],[2.03,42.21565],[2.01703,42.23218],[2.0248,42.23262],[2.02802,42.25267],[2.04245,42.26934],[2.06932,42.29099],[2.01872,42.31033],[1.98358,42.29802],[1.94951,42.31567],[1.94324,42.30847],[1.93928,42.31647],[1.90312,42.3233],[1.84234,42.30634],[1.83359,42.32729],[1.83939,42.33909],[1.83471,42.35515],[1.8453,42.35508],[1.85506,42.36965],[1.82999,42.38141],[1.80604,42.37009],[1.80005,42.37799],[1.8085,42.39382],[1.80723,42.41808],[1.79462,42.43087],[1.76943,42.42805],[1.73192,42.44038],[1.72624,42.46213],[1.73309,42.47378],[1.72536,42.48836],[1.74636,42.49548],[1.76267,42.48677],[1.80489,42.49021],[1.83469,42.48283],[1.84751,42.46786],[1.87919,42.46069],[1.89107,42.44794],[1.91566,42.44617],[1.93668,42.45441],[1.94079,42.43042],[1.95857,42.42343],[1.95486,42.4115],[1.96543,42.38093],[2.01607,42.34709],[2.02359,42.35579],[2.08495,42.36188],[2.08943,42.37384],[2.11676,42.3833],[2.11483,42.39459],[2.12866,42.41255],[2.14825,42.42043],[2.16768,42.4249],[2.20667,42.41738],[2.25693,42.43874],[2.29105,42.4229],[2.3126,42.42848],[2.36116,42.40276],[2.43272,42.39375],[2.4334,42.37762],[2.46622,42.3607],[2.48091,42.34095],[2.50023,42.3432],[2.53089,42.33293],[2.54854,42.33927],[2.55426,42.35387],[2.57101,42.35806],[2.67165,42.34075],[2.67514,42.35704],[2.66088,42.36601],[2.66145,42.37706],[2.65138,42.3863],[2.67093,42.38717],[2.67209,42.40346],[2.73354,42.42482],[2.75535,42.42596],[2.77049,42.41162],[2.79931,42.41848],[2.80392,42.43304],[2.8273,42.43927],[2.83962,42.45926],[2.86142,42.45528],[2.87033,42.46773],[2.91842,42.4562],[2.94709,42.48212],[2.96742,42.46542],[2.98877,42.47416],[3.01322,42.46637],[3.03324,42.47487],[3.08518,42.42585],[3.09876,42.42509],[3.12094,42.43823],[3.17462,42.43534],[3.16055,42.42798],[3.17008,42.42522],[3.17098,42.41639],[3.15587,42.40688],[3.16502,42.40066],[3.15343,42.39143],[3.16714,42.38891],[3.1551,42.3787],[3.16513,42.37428],[3.16295,42.36046],[3.1879,42.35182],[3.18543,42.34387],[3.19463,42.33581],[3.20341,42.33718],[3.20347,42.34708],[3.22927,42.35156],[3.24976,42.32977],[3.2677,42.34044],[3.28625,42.32546],[3.2943,42.32988],[3.32227,42.3195],[3.28691,42.30367],[3.29306,42.30157],[3.28627,42.29326],[3.29929,42.28451],[3.2762,42.28709],[3.28786,42.26573],[3.28154,42.2538],[3.25371,42.2525],[3.26437,42.23787],[3.22952,42.25153],[3.22941,42.24066],[3.21813,42.23232],[3.19661,42.24701],[3.1826,42.24529],[3.18049,42.25774],[3.16262,42.26422],[3.13459,42.24704],[3.11174,42.2059],[3.11352,42.16178],[3.12387,42.12847],[3.13675,42.12666],[3.1381,42.11575],[3.14905,42.12129],[3.17681,42.11154],[3.16954,42.10533],[3.18378,42.10354],[3.2147,42.06119],[3.199,42.04925],[3.19571,42.01377],[3.2103,41.97359],[3.23125,41.96905],[3.23347,41.95037],[3.21426,41.93658],[3.22052,41.93485],[3.21492,41.92898],[3.22038,41.92227],[3.20743,41.91733],[3.21207,41.90912],[3.20301,41.89164],[3.18333,41.88779],[3.17676,41.86633],[3.14378,41.85784],[3.14525,41.85011],[3.13212,41.84206],[3.12035,41.84141],[3.12821,41.84296],[3.12213,41.84815],[3.10219,41.84497],[3.07162,41.81948],[3.05632,41.78757],[3.02968,41.77948],[3.03016,41.77081],[3.01113,41.77218],[2.97706,41.75748],[2.93448,41.71505],[2.81955,41.68892],[2.7915,41.67223],[2.77765,41.65065],[2.75785,41.6794]]],[[[2.81592,41.68222],[2.81595,41.68218],[2.81586,41.68217],[2.81592,41.68222]]],[[[2.81425,41.68232],[2.8143,41.68237],[2.81431,41.68229],[2.81425,41.68232]]],[[[2.81606,41.68269],[2.81613,41.68268],[2.81612,41.68261],[2.81606,41.68269]]],[[[2.81608,41.68286],[2.81584,41.68284],[2.81631,41.68291],[2.81608,41.68286]]],[[[2.81585,41.68235],[2.81595,41.68235],[2.81592,41.68224],[2.81585,41.68235]]],[[[2.81682,41.68574],[2.81675,41.68566],[2.81668,41.68571],[2.81682,41.68574]]],[[[2.81688,41.68578],[2.817,41.68584],[2.81692,41.6857],[2.81688,41.68578]]],[[[2.79137,41.67002],[2.79131,41.67014],[2.79143,41.67003],[2.79137,41.67002]]],[[[2.79122,41.67021],[2.79123,41.67014],[2.79118,41.6702],[2.79122,41.67021]]],[[[2.79079,41.67028],[2.79075,41.67031],[2.79085,41.6703],[2.79079,41.67028]]],[[[2.79061,41.67033],[2.79063,41.67042],[2.79067,41.67035],[2.79061,41.67033]]],[[[2.79214,41.67048],[2.79235,41.67079],[2.79204,41.66997],[2.79214,41.67048]]],[[[2.80436,41.67316],[2.80426,41.67306],[2.80417,41.67315],[2.80436,41.67316]]],[[[2.80301,41.67329],[2.8029,41.67297],[2.80275,41.67302],[2.80301,41.67329]]],[[[2.80364,41.67316],[2.80312,41.67312],[2.8038,41.67323],[2.80364,41.67316]]],[[[2.802,41.67401],[2.80203,41.67395],[2.80192,41.67397],[2.802,41.67401]]],[[[2.80345,41.67406],[2.80332,41.67408],[2.80345,41.6742],[2.80345,41.67406]]],[[[2.80378,41.67425],[2.80372,41.67396],[2.80359,41.67409],[2.80378,41.67425]]],[[[2.8037,41.6747],[2.80367,41.67483],[2.80379,41.67467],[2.8037,41.6747]]],[[[2.80374,41.67505],[2.80364,41.67491],[2.80363,41.6751],[2.80374,41.67505]]],[[[2.80605,41.67627],[2.80611,41.67625],[2.80587,41.67616],[2.80605,41.67627]]],[[[2.80626,41.67598],[2.80609,41.67586],[2.80603,41.67595],[2.80626,41.67598]]],[[[2.80602,41.67608],[2.80582,41.67599],[2.80585,41.67611],[2.80602,41.67608]]],[[[2.80622,41.67631],[2.80615,41.6763],[2.80614,41.67635],[2.80622,41.67631]]],[[[2.80646,41.67637],[2.80643,41.67629],[2.80632,41.6764],[2.80646,41.67637]]],[[[2.80687,41.67638],[2.80679,41.67646],[2.8069,41.67642],[2.80687,41.67638]]],[[[2.80963,41.67672],[2.80968,41.67657],[2.80949,41.67663],[2.80963,41.67672]]],[[[2.80731,41.67659],[2.80719,41.6766],[2.80725,41.67665],[2.80731,41.67659]]],[[[2.80716,41.67662],[2.80704,41.67668],[2.80719,41.67664],[2.80716,41.67662]]],[[[2.81145,41.68025],[2.81134,41.68017],[2.81136,41.68027],[2.81145,41.68025]]],[[[2.81128,41.68032],[2.81123,41.68026],[2.81125,41.68035],[2.81128,41.68032]]],[[[2.81129,41.68013],[2.81113,41.67999],[2.81116,41.68017],[2.81129,41.68013]]],[[[2.8117,41.68099],[2.81171,41.6809],[2.81165,41.68094],[2.8117,41.68099]]],[[[2.8122,41.68123],[2.81207,41.68109],[2.81199,41.6812],[2.8122,41.68123]]],[[[2.81671,41.68188],[2.81646,41.6818],[2.81635,41.68192],[2.81671,41.68188]]],[[[2.8141,41.68206],[2.81391,41.68184],[2.81376,41.68197],[2.8141,41.68206]]],[[[2.80819,41.67696],[2.80845,41.67698],[2.80829,41.67683],[2.80819,41.67696]]],[[[2.80732,41.67669],[2.80705,41.6768],[2.80728,41.67683],[2.80732,41.67669]]],[[[2.80731,41.67691],[2.8078,41.67749],[2.80826,41.67725],[2.80731,41.67691]]],[[[2.81556,41.68196],[2.81576,41.6822],[2.81607,41.68189],[2.81556,41.68196]]],[[[2.81603,41.68214],[2.81606,41.68208],[2.816,41.68213],[2.81603,41.68214]]],[[[2.81615,41.68222],[2.81607,41.68213],[2.81604,41.68222],[2.81615,41.68222]]],[[[2.88976,41.70296],[2.88981,41.703],[2.88986,41.70297],[2.88976,41.70296]]],[[[2.89119,41.70337],[2.89132,41.70342],[2.89121,41.70329],[2.89119,41.70337]]],[[[2.89026,41.70345],[2.89035,41.70336],[2.89026,41.70336],[2.89026,41.70345]]],[[[2.89596,41.70354],[2.89582,41.70376],[2.89635,41.70389],[2.89596,41.70354]]],[[[2.89372,41.70399],[2.89366,41.70391],[2.89358,41.70396],[2.89372,41.70399]]],[[[2.89397,41.70413],[2.8941,41.70389],[2.89387,41.70381],[2.89397,41.70413]]],[[[2.89251,41.70353],[2.89303,41.70377],[2.8929,41.70354],[2.89251,41.70353]]],[[[2.91205,41.70722],[2.91153,41.70774],[2.91238,41.70759],[2.91205,41.70722]]],[[[2.9401,41.71976],[2.93964,41.72009],[2.93989,41.72049],[2.9401,41.71976]]],[[[2.93986,41.72053],[2.9398,41.72061],[2.93992,41.72065],[2.93986,41.72053]]],[[[2.93986,41.72068],[2.94,41.72078],[2.94,41.7207],[2.93986,41.72068]]],[[[2.97216,41.75271],[2.97202,41.75278],[2.97227,41.75279],[2.97216,41.75271]]],[[[2.94836,41.72842],[2.94826,41.72854],[2.94832,41.72855],[2.94836,41.72842]]],[[[2.95288,41.73147],[2.95274,41.73156],[2.9528,41.73162],[2.95288,41.73147]]],[[[2.95917,41.74073],[2.95911,41.74086],[2.95925,41.74094],[2.95917,41.74073]]],[[[2.9652,41.74498],[2.96505,41.74529],[2.9655,41.74532],[2.9652,41.74498]]],[[[2.96638,41.74651],[2.96635,41.74665],[2.96663,41.74677],[2.96638,41.74651]]],[[[2.96707,41.74685],[2.96685,41.74691],[2.96722,41.74703],[2.96707,41.74685]]],[[[2.9431,41.72519],[2.94306,41.72526],[2.94329,41.72535],[2.9431,41.72519]]],[[[2.946,41.7255],[2.94589,41.72594],[2.94628,41.72579],[2.946,41.7255]]],[[[2.94559,41.72585],[2.94565,41.72599],[2.94574,41.72592],[2.94559,41.72585]]],[[[2.9454,41.72597],[2.94573,41.72625],[2.9459,41.72619],[2.9454,41.72597]]],[[[3.06004,41.79276],[3.0601,41.79308],[3.06025,41.79312],[3.06004,41.79276]]],[[[3.05933,41.79165],[3.05928,41.79198],[3.05962,41.79205],[3.05933,41.79165]]],[[[3.05622,41.78667],[3.05495,41.78718],[3.05694,41.78693],[3.05622,41.78667]]],[[[3.04899,41.78202],[3.0486,41.78229],[3.0489,41.78223],[3.04899,41.78202]]],[[[3.04063,41.77813],[3.04044,41.7782],[3.04118,41.77826],[3.04063,41.77813]]],[[[3.04411,41.77871],[3.04379,41.77884],[3.04434,41.77889],[3.04411,41.77871]]],[[[3.0455,41.7795],[3.04552,41.77964],[3.04626,41.77968],[3.0455,41.7795]]],[[[3.04486,41.77981],[3.04522,41.78002],[3.04513,41.77981],[3.04486,41.77981]]],[[[3.04563,41.77988],[3.04561,41.77997],[3.04583,41.78001],[3.04563,41.77988]]],[[[3.0468,41.78355],[3.0468,41.78367],[3.04695,41.78364],[3.0468,41.78355]]],[[[3.04718,41.78311],[3.04728,41.78322],[3.04772,41.78322],[3.04718,41.78311]]],[[[3.04684,41.78317],[3.04674,41.78349],[3.04732,41.78333],[3.04684,41.78317]]],[[[3.047,41.78406],[3.04723,41.78428],[3.04757,41.78415],[3.047,41.78406]]],[[[3.04732,41.78448],[3.0474,41.78465],[3.04756,41.78458],[3.04732,41.78448]]],[[[3.04552,41.78618],[3.04557,41.7863],[3.04577,41.78634],[3.04552,41.78618]]],[[[3.04544,41.7866],[3.04545,41.78681],[3.04565,41.78683],[3.04544,41.7866]]],[[[3.03206,41.77169],[3.0326,41.77264],[3.0326,41.77219],[3.03206,41.77169]]],[[[3.02963,41.77781],[3.02942,41.77791],[3.02974,41.77785],[3.02963,41.77781]]],[[[3.00256,41.76669],[3.00251,41.76675],[3.00278,41.76679],[3.00256,41.76669]]],[[[3.00389,41.76728],[3.00375,41.7674],[3.00393,41.7674],[3.00389,41.76728]]],[[[3.02832,41.77056],[3.02795,41.77075],[3.02829,41.77082],[3.02832,41.77056]]],[[[3.00205,41.76476],[3.00187,41.76484],[3.00212,41.76485],[3.00205,41.76476]]],[[[3.00178,41.76543],[3.00182,41.76556],[3.00204,41.76555],[3.00178,41.76543]]],[[[2.9818,41.75752],[2.982,41.75739],[2.98147,41.75735],[2.9818,41.75752]]],[[[2.97613,41.75593],[2.97626,41.75593],[2.97608,41.7559],[2.97613,41.75593]]],[[[2.97545,41.75369],[2.97515,41.75373],[2.97567,41.75374],[2.97545,41.75369]]],[[[2.97536,41.7545],[2.97513,41.75456],[2.97555,41.7545],[2.97536,41.7545]]],[[[2.9812,41.75906],[2.9811,41.75916],[2.98121,41.7591],[2.9812,41.75906]]],[[[2.98108,41.75917],[2.98106,41.75914],[2.98099,41.75919],[2.98108,41.75917]]],[[[2.98145,41.7575],[2.9815,41.75745],[2.98138,41.75741],[2.98145,41.7575]]],[[[2.9814,41.75753],[2.98107,41.75764],[2.98151,41.75758],[2.9814,41.75753]]],[[[2.9808,41.75799],[2.98129,41.75782],[2.98074,41.75777],[2.9808,41.75799]]],[[[2.98118,41.75892],[2.98123,41.75888],[2.98113,41.75886],[2.98118,41.75892]]],[[[3.04598,41.78702],[3.04601,41.78712],[3.04615,41.78708],[3.04598,41.78702]]],[[[3.04608,41.78721],[3.04617,41.78745],[3.0462,41.78725],[3.04608,41.78721]]],[[[2.82868,41.69053],[2.82848,41.6907],[2.82872,41.69067],[2.82868,41.69053]]],[[[2.82968,41.69083],[2.82918,41.69078],[2.82904,41.69127],[2.82968,41.69083]]],[[[2.82978,41.6912],[2.82985,41.69124],[2.82989,41.6912],[2.82978,41.6912]]],[[[2.82721,41.69056],[2.82752,41.69037],[2.82715,41.69046],[2.82721,41.69056]]],[[[2.82208,41.68899],[2.82195,41.68897],[2.82203,41.68903],[2.82208,41.68899]]],[[[2.82195,41.68905],[2.8219,41.68905],[2.82198,41.6891],[2.82195,41.68905]]],[[[2.82238,41.68946],[2.82226,41.68941],[2.82231,41.68954],[2.82238,41.68946]]],[[[2.82264,41.6895],[2.82279,41.68965],[2.82298,41.68959],[2.82264,41.6895]]],[[[2.82703,41.69015],[2.8267,41.6902],[2.82734,41.69014],[2.82703,41.69015]]],[[[2.82629,41.69018],[2.82613,41.69013],[2.82618,41.69027],[2.82629,41.69018]]],[[[2.82668,41.69027],[2.82651,41.69024],[2.82671,41.69034],[2.82668,41.69027]]],[[[2.82407,41.69041],[2.82411,41.69034],[2.82406,41.69034],[2.82407,41.69041]]],[[[2.8255,41.69038],[2.82536,41.69028],[2.8255,41.69049],[2.8255,41.69038]]],[[[2.81847,41.68659],[2.81818,41.68647],[2.81912,41.68688],[2.81847,41.68659]]],[[[2.81819,41.68676],[2.81832,41.68678],[2.81811,41.68659],[2.81819,41.68676]]],[[[2.82119,41.68866],[2.82125,41.68863],[2.82112,41.68863],[2.82119,41.68866]]],[[[2.82233,41.68869],[2.82212,41.68864],[2.82243,41.68877],[2.82233,41.68869]]],[[[2.81982,41.6888],[2.81975,41.68882],[2.81986,41.68888],[2.81982,41.6888]]],[[[2.82184,41.68874],[2.82176,41.68874],[2.82191,41.6888],[2.82184,41.68874]]],[[[2.82199,41.68895],[2.82213,41.68887],[2.82192,41.6889],[2.82199,41.68895]]],[[[2.83866,41.69264],[2.839,41.69288],[2.83859,41.69246],[2.83866,41.69264]]],[[[2.83913,41.69284],[2.8391,41.69275],[2.839,41.69279],[2.83913,41.69284]]],[[[2.83931,41.69304],[2.83931,41.69308],[2.83936,41.69308],[2.83931,41.69304]]],[[[2.84225,41.69352],[2.84248,41.69358],[2.84221,41.69332],[2.84225,41.69352]]],[[[2.83765,41.69344],[2.83753,41.69335],[2.8375,41.69359],[2.83765,41.69344]]],[[[2.84213,41.6933],[2.84202,41.69338],[2.84209,41.69339],[2.84213,41.6933]]],[[[2.84147,41.69342],[2.84158,41.69348],[2.84153,41.69336],[2.84147,41.69342]]],[[[2.84009,41.69317],[2.83999,41.69324],[2.84002,41.69335],[2.84009,41.69317]]],[[[2.83742,41.69373],[2.83729,41.69383],[2.8374,41.69383],[2.83742,41.69373]]],[[[2.83677,41.69408],[2.83675,41.69398],[2.83665,41.69407],[2.83677,41.69408]]],[[[2.84313,41.69446],[2.84305,41.69426],[2.84301,41.69443],[2.84313,41.69446]]],[[[2.84322,41.69453],[2.84327,41.69454],[2.84325,41.69445],[2.84322,41.69453]]],[[[2.84503,41.69477],[2.84503,41.69482],[2.8451,41.69479],[2.84503,41.69477]]],[[[2.84501,41.69489],[2.84501,41.69483],[2.84493,41.69488],[2.84501,41.69489]]],[[[2.84534,41.69503],[2.84542,41.69507],[2.8454,41.69495],[2.84534,41.69503]]],[[[2.84537,41.69538],[2.84535,41.69552],[2.84558,41.69542],[2.84537,41.69538]]],[[[2.84563,41.69595],[2.84559,41.69589],[2.84558,41.69598],[2.84563,41.69595]]],[[[2.84544,41.69599],[2.84557,41.69601],[2.84554,41.69595],[2.84544,41.69599]]],[[[2.85998,41.69866],[2.86008,41.69868],[2.86009,41.69857],[2.85998,41.69866]]],[[[2.86692,41.69891],[2.86693,41.6988],[2.86686,41.6989],[2.86692,41.69891]]],[[[2.86286,41.69903],[2.86286,41.69892],[2.86277,41.699],[2.86286,41.69903]]],[[[2.86059,41.69896],[2.86042,41.69877],[2.86041,41.6989],[2.86059,41.69896]]],[[[2.86127,41.69897],[2.86134,41.69895],[2.86127,41.6989],[2.86127,41.69897]]],[[[2.865,41.69895],[2.86481,41.69898],[2.86503,41.69903],[2.865,41.69895]]],[[[2.85903,41.69926],[2.8593,41.69917],[2.85905,41.69914],[2.85903,41.69926]]],[[[2.863,41.69912],[2.86306,41.69911],[2.86301,41.69905],[2.863,41.69912]]],[[[2.8614,41.69909],[2.86125,41.6991],[2.86139,41.69913],[2.8614,41.69909]]],[[[2.86912,41.69931],[2.86919,41.69928],[2.86911,41.69921],[2.86912,41.69931]]],[[[2.86881,41.69933],[2.86884,41.69925],[2.8687,41.69929],[2.86881,41.69933]]],[[[2.86344,41.69923],[2.86356,41.69923],[2.86347,41.69911],[2.86344,41.69923]]],[[[2.86093,41.69927],[2.86088,41.69925],[2.86088,41.69932],[2.86093,41.69927]]],[[[2.86999,41.69949],[2.87022,41.69951],[2.87009,41.69943],[2.86999,41.69949]]],[[[2.85797,41.69976],[2.858,41.69972],[2.85793,41.69971],[2.85797,41.69976]]],[[[2.85634,41.70006],[2.8563,41.70003],[2.85627,41.70007],[2.85634,41.70006]]],[[[2.8705,41.70013],[2.8706,41.70011],[2.87051,41.70006],[2.8705,41.70013]]],[[[2.85638,41.69994],[2.85645,41.70006],[2.85654,41.70003],[2.85638,41.69994]]],[[[2.85675,41.69987],[2.85676,41.69979],[2.85656,41.69979],[2.85675,41.69987]]],[[[2.86985,41.69987],[2.86992,41.69985],[2.86982,41.69979],[2.86985,41.69987]]],[[[2.87251,41.70021],[2.87253,41.70016],[2.87246,41.70015],[2.87251,41.70021]]],[[[2.87225,41.70039],[2.8722,41.70005],[2.87188,41.70013],[2.87225,41.70039]]],[[[2.87246,41.70028],[2.87255,41.70033],[2.87259,41.70026],[2.87246,41.70028]]],[[[2.87494,41.7009],[2.87497,41.70096],[2.87507,41.70093],[2.87494,41.7009]]],[[[2.87795,41.70105],[2.87801,41.70093],[2.87778,41.70084],[2.87795,41.70105]]],[[[2.87469,41.70089],[2.8747,41.7008],[2.87455,41.70086],[2.87469,41.70089]]],[[[2.87296,41.70093],[2.87318,41.70083],[2.8729,41.70074],[2.87296,41.70093]],[[2.87972,41.70181],[2.87954,41.70176],[2.87992,41.70189],[2.87972,41.70181]]],[[[2.8893,41.70216],[2.8892,41.70218],[2.88928,41.70234],[2.8893,41.70216]]],[[[2.8859,41.70243],[2.88563,41.70233],[2.88572,41.70254],[2.8859,41.70243]]],[[[2.88594,41.70183],[2.88602,41.7021],[2.88616,41.70191],[2.88594,41.70183]]],[[[2.88782,41.70136],[2.88755,41.70138],[2.88786,41.70145],[2.88782,41.70136]]],[[[2.88751,41.7014],[2.88726,41.70132],[2.88768,41.70148],[2.88751,41.7014]]],[[[2.88655,41.70152],[2.8869,41.70149],[2.88625,41.70137],[2.88655,41.70152]]],[[[2.87869,41.70157],[2.87937,41.70154],[2.87899,41.70126],[2.87869,41.70157]]],[[[2.86928,41.69947],[2.8695,41.69951],[2.86924,41.69936],[2.86928,41.69947]]],[[[2.85814,41.69964],[2.85819,41.69957],[2.85804,41.69953],[2.85814,41.69964]]],[[[2.88517,41.70365],[2.88527,41.70364],[2.8852,41.7036],[2.88517,41.70365]]],[[[3.1328,41.84324],[3.13298,41.84331],[3.13288,41.84317],[3.1328,41.84324]]],[[[3.13301,41.84331],[3.13304,41.84333],[3.13306,41.84327],[3.13301,41.84331]]],[[[3.13186,41.84195],[3.13182,41.84196],[3.13185,41.84197],[3.13186,41.84195]]],[[[3.13277,41.84258],[3.13276,41.84267],[3.13279,41.84261],[3.13277,41.84258]]],[[[3.13272,41.84288],[3.13268,41.84279],[3.13264,41.84288],[3.13272,41.84288]]],[[[3.13177,41.842],[3.1318,41.84198],[3.13178,41.84196],[3.13177,41.842]]],[[[3.13185,41.84201],[3.1318,41.84201],[3.13184,41.84203],[3.13185,41.84201]]],[[[3.20475,41.8964],[3.20478,41.89656],[3.2048,41.89644],[3.20475,41.8964]]],[[[3.20448,41.89574],[3.2045,41.89587],[3.20452,41.89578],[3.20448,41.89574]]],[[[3.2042,41.89607],[3.20408,41.89616],[3.20426,41.89619],[3.2042,41.89607]]],[[[3.20651,41.8996],[3.20615,41.89979],[3.20633,41.89982],[3.20651,41.8996]]],[[[3.20459,41.89711],[3.20456,41.89715],[3.20466,41.89717],[3.20459,41.89711]]],[[[3.19336,41.89011],[3.19328,41.89028],[3.19348,41.89018],[3.19336,41.89011]]],[[[3.19354,41.89028],[3.19354,41.89035],[3.19365,41.89041],[3.19354,41.89028]]],[[[3.19946,41.89155],[3.19931,41.89161],[3.19927,41.89172],[3.19946,41.89155]]],[[[3.19305,41.89179],[3.19298,41.89181],[3.19304,41.89183],[3.19305,41.89179]]],[[[3.19338,41.89204],[3.19336,41.89209],[3.19344,41.89215],[3.19338,41.89204]]],[[[3.19297,41.89207],[3.19298,41.89225],[3.19328,41.89218],[3.19297,41.89207]]],[[[3.19056,41.88743],[3.19043,41.88748],[3.19066,41.88769],[3.19056,41.88743]]],[[[3.1908,41.88778],[3.19072,41.88787],[3.1908,41.88784],[3.1908,41.88778]]],[[[3.1917,41.88969],[3.19178,41.88982],[3.19179,41.88973],[3.1917,41.88969]]],[[[3.19332,41.88992],[3.19336,41.89002],[3.19341,41.88999],[3.19332,41.88992]]],[[[3.18991,41.88749],[3.19009,41.88784],[3.1901,41.88751],[3.18991,41.88749]]],[[[3.19039,41.88769],[3.19042,41.88783],[3.19052,41.88781],[3.19039,41.88769]]],[[[3.18994,41.88773],[3.18995,41.88786],[3.19003,41.88781],[3.18994,41.88773]]],[[[3.19778,41.89206],[3.19778,41.89229],[3.19792,41.89214],[3.19778,41.89206]]],[[[3.19307,41.89227],[3.19307,41.89233],[3.19314,41.89234],[3.19307,41.89227]]],[[[3.19325,41.89228],[3.19323,41.89239],[3.19345,41.89237],[3.19325,41.89228]]],[[[3.18757,41.86192],[3.18741,41.86207],[3.18769,41.86201],[3.18757,41.86192]]],[[[3.18638,41.86232],[3.18642,41.86228],[3.18635,41.86229],[3.18638,41.86232]]],[[[3.18716,41.86227],[3.18704,41.86278],[3.18753,41.86288],[3.18716,41.86227]]],[[[3.18619,41.86239],[3.18612,41.86235],[3.18618,41.86242],[3.18619,41.86239]]],[[[3.18616,41.86256],[3.18628,41.86253],[3.18615,41.86247],[3.18616,41.86256]]],[[[3.18623,41.86247],[3.18643,41.86252],[3.18635,41.86239],[3.18623,41.86247]]],[[[3.18643,41.86272],[3.18646,41.86287],[3.1866,41.86284],[3.18643,41.86272]]],[[[3.18564,41.86259],[3.18523,41.86277],[3.18616,41.86261],[3.18564,41.86259]]],[[[3.18513,41.86265],[3.18493,41.86271],[3.18509,41.8628],[3.18513,41.86265]]],[[[3.1657,41.86245],[3.16571,41.86247],[3.16572,41.86242],[3.1657,41.86245]]],[[[3.16415,41.86169],[3.16417,41.8617],[3.16418,41.86167],[3.16415,41.86169]]],[[[3.16502,41.86179],[3.16503,41.86174],[3.16495,41.86177],[3.16502,41.86179]]],[[[3.16545,41.86198],[3.16556,41.862],[3.16548,41.86189],[3.16545,41.86198]]],[[[3.16559,41.86232],[3.16571,41.86239],[3.16568,41.86207],[3.16559,41.86232]]],[[[3.16539,41.86225],[3.16541,41.86239],[3.16555,41.86242],[3.16539,41.86225]]],[[[3.16573,41.86239],[3.16577,41.86239],[3.16575,41.86235],[3.16573,41.86239]]],[[[3.1693,41.86285],[3.16938,41.86276],[3.16922,41.86286],[3.1693,41.86285]]],[[[3.16949,41.86272],[3.1695,41.86268],[3.16943,41.86271],[3.16949,41.86272]]],[[[3.16967,41.86281],[3.16964,41.86287],[3.16979,41.86273],[3.16967,41.86281]]],[[[3.16942,41.86286],[3.16934,41.86306],[3.16952,41.86295],[3.16942,41.86286]]],[[[3.16723,41.86319],[3.16747,41.86319],[3.1673,41.8631],[3.16723,41.86319]]],[[[3.16774,41.86326],[3.16778,41.86322],[3.16774,41.86314],[3.16774,41.86326]]],[[[3.17218,41.86355],[3.17224,41.86353],[3.17211,41.86349],[3.17218,41.86355]]],[[[3.16579,41.86372],[3.16584,41.86371],[3.16575,41.86369],[3.16579,41.86372]]],[[[3.1723,41.8638],[3.17241,41.86378],[3.17229,41.86375],[3.1723,41.8638]]],[[[3.17563,41.86519],[3.17558,41.86515],[3.17557,41.86519],[3.17563,41.86519]]],[[[3.16834,41.86352],[3.16838,41.86356],[3.1684,41.86341],[3.16834,41.86352]]],[[[3.17542,41.86303],[3.17536,41.86315],[3.17549,41.86309],[3.17542,41.86303]]],[[[3.17073,41.86324],[3.17091,41.86324],[3.17097,41.86314],[3.17073,41.86324]]],[[[3.17566,41.86534],[3.17568,41.86531],[3.17565,41.8653],[3.17566,41.86534]]],[[[3.17457,41.86543],[3.17471,41.86563],[3.1747,41.86549],[3.17457,41.86543]]],[[[3.17459,41.86561],[3.17462,41.86561],[3.17458,41.86558],[3.17459,41.86561]]],[[[3.17884,41.86703],[3.17853,41.86736],[3.1793,41.86732],[3.17884,41.86703]]],[[[3.17853,41.86749],[3.17898,41.86824],[3.17915,41.86772],[3.17853,41.86749]]],[[[3.17479,41.86566],[3.17507,41.86559],[3.17486,41.86551],[3.17479,41.86566]]],[[[3.17639,41.86601],[3.17654,41.86599],[3.17645,41.86593],[3.17639,41.86601]]],[[[3.17834,41.87119],[3.17835,41.87123],[3.17839,41.8712],[3.17834,41.87119]]],[[[3.17845,41.86858],[3.17839,41.86865],[3.17848,41.86863],[3.17845,41.86858]]],[[[3.17851,41.86869],[3.17857,41.86881],[3.17862,41.86878],[3.17851,41.86869]]],[[[3.17791,41.869],[3.17792,41.86914],[3.17797,41.8691],[3.17791,41.869]]],[[[3.17769,41.86919],[3.17763,41.8693],[3.17774,41.86922],[3.17769,41.86919]]],[[[3.1794,41.87193],[3.17935,41.87196],[3.17948,41.872],[3.1794,41.87193]]],[[[3.17868,41.87126],[3.17876,41.87136],[3.1788,41.87131],[3.17868,41.87126]]],[[[3.17845,41.87127],[3.17849,41.87143],[3.17861,41.87134],[3.17845,41.87127]]],[[[3.17874,41.87144],[3.1787,41.87149],[3.17875,41.87151],[3.17874,41.87144]]],[[[3.17866,41.87166],[3.17862,41.87169],[3.17868,41.87171],[3.17866,41.87166]]],[[[3.17857,41.87147],[3.17853,41.8715],[3.17858,41.87154],[3.17857,41.87147]]],[[[3.17878,41.87176],[3.17872,41.87179],[3.17882,41.87182],[3.17878,41.87176]]],[[[3.17914,41.87187],[3.17916,41.87197],[3.17927,41.87193],[3.17914,41.87187]]],[[[3.13788,41.84762],[3.13786,41.84779],[3.13799,41.84786],[3.13788,41.84762]]],[[[3.14088,41.84833],[3.14104,41.84825],[3.14077,41.84825],[3.14088,41.84833]]],[[[3.13794,41.84786],[3.13785,41.84787],[3.13796,41.84795],[3.13794,41.84786]]],[[[3.13755,41.84796],[3.13761,41.84798],[3.13759,41.84795],[3.13755,41.84796]]],[[[3.14168,41.84871],[3.1418,41.84871],[3.14174,41.84866],[3.14168,41.84871]]],[[[3.14275,41.84908],[3.14282,41.8491],[3.14285,41.84904],[3.14275,41.84908]]],[[[3.14212,41.84908],[3.14228,41.849],[3.14218,41.84897],[3.14212,41.84908]]],[[[3.14112,41.84904],[3.1411,41.84908],[3.14117,41.84905],[3.14112,41.84904]]],[[[3.13948,41.84895],[3.1395,41.84894],[3.13949,41.84891],[3.13948,41.84895]]],[[[3.13958,41.84901],[3.13958,41.84896],[3.13957,41.84898],[3.13958,41.84901]]],[[[3.13961,41.84897],[3.13964,41.84895],[3.13963,41.84892],[3.13961,41.84897]]],[[[3.14065,41.84913],[3.14063,41.84904],[3.1406,41.84911],[3.14065,41.84913]]],[[[3.14533,41.85068],[3.14532,41.85071],[3.14539,41.85073],[3.14533,41.85068]]],[[[3.14811,41.85789],[3.14814,41.85801],[3.14824,41.85792],[3.14811,41.85789]]],[[[3.14782,41.85776],[3.14785,41.85762],[3.14771,41.85764],[3.14782,41.85776]]],[[[3.1473,41.85774],[3.14728,41.85777],[3.14737,41.85779],[3.1473,41.85774]]],[[[3.14884,41.85818],[3.14894,41.85825],[3.14893,41.85802],[3.14884,41.85818]]],[[[3.15061,41.85814],[3.15057,41.85821],[3.15089,41.85828],[3.15061,41.85814]]],[[[3.14954,41.85823],[3.14954,41.85833],[3.14972,41.85827],[3.14954,41.85823]]],[[[3.15028,41.85853],[3.15031,41.85857],[3.15034,41.85851],[3.15028,41.85853]]],[[[3.15898,41.85946],[3.15877,41.85952],[3.15904,41.85954],[3.15898,41.85946]]],[[[3.16044,41.86032],[3.16072,41.86048],[3.16078,41.86017],[3.16044,41.86032]]],[[[3.1505,41.86086],[3.1506,41.86075],[3.15045,41.86083],[3.1505,41.86086]]],[[[3.15068,41.86028],[3.15091,41.86019],[3.15067,41.86015],[3.15068,41.86028]]],[[[3.15101,41.85938],[3.15105,41.85945],[3.15104,41.85939],[3.15101,41.85938]]],[[[3.15047,41.85831],[3.15044,41.85837],[3.15052,41.85833],[3.15047,41.85831]]],[[[3.15017,41.85845],[3.15017,41.85834],[3.15001,41.85844],[3.15017,41.85845]]],[[[3.15063,41.85845],[3.15062,41.85875],[3.15106,41.85853],[3.15063,41.85845]]],[[[3.15809,41.86104],[3.15812,41.86107],[3.15812,41.86103],[3.15809,41.86104]]],[[[3.16222,41.86118],[3.16219,41.86111],[3.16212,41.86114],[3.16222,41.86118]]],[[[3.15799,41.86115],[3.15794,41.86122],[3.15802,41.86119],[3.15799,41.86115]]],[[[3.15312,41.86105],[3.15305,41.86109],[3.15314,41.86109],[3.15312,41.86105]]],[[[3.15801,41.8611],[3.15804,41.86108],[3.158,41.86107],[3.15801,41.8611]]],[[[3.15139,41.86129],[3.15135,41.86134],[3.15146,41.86137],[3.15139,41.86129]]],[[[3.16378,41.86138],[3.16373,41.86132],[3.16377,41.86141],[3.16378,41.86138]]],[[[3.16389,41.86154],[3.16385,41.86152],[3.16387,41.86155],[3.16389,41.86154]]],[[[3.16342,41.86154],[3.16339,41.86158],[3.16342,41.86157],[3.16342,41.86154]]],[[[3.16368,41.86133],[3.16368,41.8613],[3.16364,41.86132],[3.16368,41.86133]]],[[[3.15392,41.86131],[3.15388,41.86132],[3.15393,41.86137],[3.15392,41.86131]]],[[[3.1518,41.8612],[3.15195,41.8612],[3.15182,41.86108],[3.1518,41.8612]]],[[[3.1626,41.86123],[3.16266,41.86122],[3.16261,41.8612],[3.1626,41.86123]]],[[[3.1624,41.86128],[3.16233,41.86124],[3.16235,41.8613],[3.1624,41.86128]]],[[[3.15335,41.86109],[3.15366,41.8609],[3.15331,41.8609],[3.15335,41.86109]]],[[[3.16388,41.86161],[3.16399,41.86164],[3.16393,41.86155],[3.16388,41.86161]]],[[[3.15131,41.86162],[3.15129,41.86157],[3.15125,41.86159],[3.15131,41.86162]]],[[[3.18358,41.88726],[3.18361,41.88737],[3.18363,41.88732],[3.18358,41.88726]]],[[[3.1866,41.88748],[3.1865,41.8876],[3.18659,41.8876],[3.1866,41.88748]]],[[[3.18126,41.88086],[3.18123,41.88087],[3.18132,41.88089],[3.18126,41.88086]]],[[[3.18184,41.88112],[3.18177,41.88112],[3.18183,41.88114],[3.18184,41.88112]]],[[[3.18345,41.88128],[3.18336,41.88141],[3.18347,41.88156],[3.18345,41.88128]]],[[[3.18313,41.88104],[3.18334,41.88123],[3.1834,41.88119],[3.18313,41.88104]]],[[[3.18306,41.88115],[3.18295,41.88128],[3.18322,41.88132],[3.18306,41.88115]]],[[[3.17833,41.87218],[3.17826,41.87225],[3.17841,41.87229],[3.17833,41.87218]]],[[[3.18059,41.87693],[3.18056,41.87702],[3.18064,41.87703],[3.18059,41.87693]]],[[[3.17985,41.87693],[3.17961,41.87703],[3.18012,41.87707],[3.17985,41.87693]]],[[[3.17938,41.87744],[3.17913,41.87754],[3.17936,41.87756],[3.17938,41.87744]]],[[[3.17941,41.87776],[3.17924,41.87787],[3.17947,41.87791],[3.17941,41.87776]]],[[[3.17897,41.87845],[3.17889,41.87852],[3.179,41.87849],[3.17897,41.87845]]],[[[3.17908,41.87859],[3.17925,41.87863],[3.17926,41.87859],[3.17908,41.87859]]],[[[3.17939,41.87933],[3.17926,41.87939],[3.17941,41.87943],[3.17939,41.87933]]],[[[3.1807,41.88054],[3.1806,41.88055],[3.18067,41.88057],[3.1807,41.88054]]],[[[3.18301,41.88361],[3.18297,41.88362],[3.18305,41.88368],[3.18301,41.88361]]],[[[3.18225,41.88497],[3.18223,41.88502],[3.18232,41.88497],[3.18225,41.88497]]],[[[3.18241,41.88563],[3.18242,41.88573],[3.18249,41.88575],[3.18241,41.88563]]],[[[3.18213,41.88624],[3.18214,41.8863],[3.1822,41.88625],[3.18213,41.88624]]],[[[3.18224,41.88635],[3.18223,41.88641],[3.1823,41.8864],[3.18224,41.88635]]],[[[3.18331,41.88139],[3.18329,41.88146],[3.18335,41.88145],[3.18331,41.88139]]],[[[3.18315,41.88198],[3.18322,41.88203],[3.18326,41.88202],[3.18315,41.88198]]],[[[3.18306,41.88202],[3.18302,41.88203],[3.18314,41.88206],[3.18306,41.88202]]],[[[3.18309,41.88238],[3.183,41.88242],[3.18307,41.88242],[3.18309,41.88238]]],[[[3.18308,41.88288],[3.1829,41.88291],[3.18298,41.88293],[3.18308,41.88288]]],[[[3.18288,41.88335],[3.18282,41.88336],[3.18288,41.88339],[3.18288,41.88335]]],[[[3.18294,41.88347],[3.183,41.8835],[3.18298,41.88348],[3.18294,41.88347]]],[[[3.18296,41.88334],[3.18304,41.88348],[3.18304,41.88336],[3.18296,41.88334]]],[[[3.18372,41.88762],[3.18368,41.88768],[3.18373,41.88767],[3.18372,41.88762]]],[[[3.08653,41.83017],[3.08655,41.83012],[3.0865,41.83014],[3.08653,41.83017]]],[[[3.08882,41.83159],[3.08884,41.83165],[3.08896,41.83158],[3.08882,41.83159]]],[[[3.08848,41.83182],[3.08855,41.8318],[3.0885,41.83179],[3.08848,41.83182]]],[[[3.08939,41.83196],[3.08937,41.83202],[3.08942,41.83204],[3.08939,41.83196]]],[[[3.09279,41.83193],[3.09276,41.83223],[3.09297,41.83207],[3.09279,41.83193]]],[[[3.09307,41.83217],[3.09313,41.83216],[3.09307,41.83214],[3.09307,41.83217]]],[[[3.09022,41.83221],[3.09029,41.8323],[3.09031,41.83221],[3.09022,41.83221]]],[[[3.09192,41.8323],[3.09181,41.83228],[3.09191,41.83233],[3.09192,41.8323]]],[[[3.09157,41.83202],[3.09149,41.83198],[3.09151,41.83204],[3.09157,41.83202]]],[[[3.079,41.82224],[3.07907,41.82244],[3.07922,41.82239],[3.079,41.82224]]],[[[3.07818,41.82242],[3.07833,41.82264],[3.07838,41.82252],[3.07818,41.82242]]],[[[3.07915,41.82346],[3.07917,41.82354],[3.07943,41.82358],[3.07915,41.82346]]],[[[3.08596,41.82564],[3.08599,41.82582],[3.08605,41.82564],[3.08596,41.82564]]],[[[3.08251,41.82569],[3.08241,41.82572],[3.08252,41.82577],[3.08251,41.82569]]],[[[3.08004,41.82382],[3.0798,41.82397],[3.08009,41.82395],[3.08004,41.82382]]],[[[3.08118,41.82379],[3.08084,41.82416],[3.08146,41.82401],[3.08118,41.82379]]],[[[3.0857,41.82831],[3.08575,41.82833],[3.08569,41.82836],[3.0857,41.82831]],[[3.08475,41.82603],[3.08495,41.82596],[3.08433,41.82599],[3.08475,41.82603]]],[[[3.08468,41.82768],[3.08476,41.82756],[3.08463,41.82747],[3.08468,41.82768]]],[[[3.08484,41.82761],[3.08481,41.82757],[3.08478,41.8276],[3.08484,41.82761]]],[[[3.09424,41.8347],[3.09429,41.83474],[3.09427,41.8347],[3.09424,41.8347]]],[[[3.09422,41.83473],[3.09413,41.83477],[3.0942,41.83478],[3.09422,41.83473]]],[[[3.09361,41.83487],[3.09361,41.83494],[3.09366,41.83494],[3.09361,41.83487]]],[[[3.09463,41.83489],[3.09458,41.83494],[3.09465,41.83493],[3.09463,41.83489]]],[[[3.09425,41.8348],[3.09431,41.83504],[3.09462,41.83486],[3.09425,41.8348]]],[[[3.09374,41.83488],[3.0938,41.835],[3.09382,41.83491],[3.09374,41.83488]]],[[[3.09445,41.8357],[3.09442,41.8357],[3.09443,41.83571],[3.09445,41.8357]]],[[[3.09448,41.83574],[3.09443,41.83577],[3.09458,41.83575],[3.09448,41.83574]]],[[[3.09375,41.83579],[3.09373,41.83581],[3.09376,41.83582],[3.09375,41.83579]]],[[[3.09409,41.83577],[3.09407,41.83584],[3.09414,41.8358],[3.09409,41.83577]]],[[[3.09444,41.83581],[3.09436,41.83585],[3.09445,41.83584],[3.09444,41.83581]]],[[[3.09391,41.83604],[3.09387,41.83603],[3.09393,41.83607],[3.09391,41.83604]]],[[[3.0941,41.83661],[3.09406,41.83659],[3.09408,41.83663],[3.0941,41.83661]]],[[[3.09427,41.83663],[3.09428,41.83662],[3.09421,41.83662],[3.09427,41.83663]]],[[[3.094,41.83693],[3.0941,41.83692],[3.09407,41.8369],[3.094,41.83693]]],[[[3.12977,41.84084],[3.12978,41.84087],[3.12981,41.84081],[3.12977,41.84084]]],[[[3.12944,41.84101],[3.12972,41.84092],[3.12968,41.84072],[3.12944,41.84101]]],[[[3.09466,41.83588],[3.0947,41.83588],[3.09474,41.83585],[3.09466,41.83588]]],[[[3.09469,41.8359],[3.09466,41.83593],[3.09471,41.83592],[3.09469,41.8359]]],[[[3.09399,41.83593],[3.09403,41.83592],[3.09401,41.83591],[3.09399,41.83593]]],[[[3.09463,41.83597],[3.09446,41.83585],[3.09433,41.83599],[3.09463,41.83597]]],[[[3.09311,41.83252],[3.09312,41.83271],[3.09322,41.83256],[3.09311,41.83252]]],[[[3.09287,41.83391],[3.09296,41.83389],[3.09287,41.83387],[3.09287,41.83391]]],[[[3.12944,41.8411],[3.12949,41.84109],[3.12946,41.84106],[3.12944,41.8411]]],[[[3.12886,41.84116],[3.12884,41.84118],[3.12888,41.8412],[3.12886,41.84116]]],[[[3.12952,41.8413],[3.12952,41.84132],[3.12954,41.84134],[3.12952,41.8413]]],[[[3.12966,41.84146],[3.12963,41.8415],[3.12968,41.84149],[3.12966,41.84146]]],[[[3.12964,41.84158],[3.12961,41.84158],[3.12962,41.84161],[3.12964,41.84158]]],[[[3.1297,41.84162],[3.12971,41.84161],[3.1297,41.84159],[3.1297,41.84162]]],[[[3.12967,41.84172],[3.12969,41.84168],[3.12966,41.84169],[3.12967,41.84172]]],[[[3.12801,41.84191],[3.12801,41.84192],[3.12802,41.84195],[3.12801,41.84191]]],[[[3.12825,41.84216],[3.12829,41.84218],[3.12827,41.84214],[3.12825,41.84216]]],[[[3.12812,41.8419],[3.12815,41.84194],[3.12814,41.8419],[3.12812,41.8419]]],[[[3.1281,41.84192],[3.12812,41.84203],[3.12813,41.84196],[3.1281,41.84192]]],[[[3.11364,41.84826],[3.11367,41.8482],[3.11361,41.84822],[3.11364,41.84826]]],[[[3.23471,41.95767],[3.23457,41.9577],[3.2347,41.95774],[3.23471,41.95767]]],[[[3.23013,41.9544],[3.23005,41.95447],[3.23017,41.95446],[3.23013,41.9544]]],[[[3.22992,41.95445],[3.22987,41.95454],[3.22998,41.9545],[3.22992,41.95445]]],[[[3.22995,41.95517],[3.22992,41.9552],[3.22997,41.95524],[3.22995,41.95517]]],[[[3.23128,41.95636],[3.23119,41.95639],[3.23148,41.95644],[3.23128,41.95636]]],[[[3.23153,41.95667],[3.2315,41.9567],[3.23158,41.95675],[3.23153,41.95667]]],[[[3.23211,41.95714],[3.23204,41.95698],[3.2319,41.95708],[3.23211,41.95714]]],[[[3.23353,41.96208],[3.23338,41.96216],[3.23349,41.96217],[3.23353,41.96208]]],[[[3.23415,41.96227],[3.23385,41.96215],[3.23375,41.96226],[3.23415,41.96227]]],[[[3.23123,41.95998],[3.23108,41.96008],[3.23125,41.96006],[3.23123,41.95998]]],[[[3.23354,41.96221],[3.23346,41.9623],[3.23354,41.9623],[3.23354,41.96221]]],[[[3.23417,41.9624],[3.23406,41.96242],[3.23413,41.96246],[3.23417,41.9624]]],[[[3.23385,41.96231],[3.23374,41.96234],[3.23398,41.96238],[3.23385,41.96231]]],[[[3.23154,41.96857],[3.23143,41.96858],[3.23151,41.96861],[3.23154,41.96857]]],[[[3.23142,41.96879],[3.23143,41.96888],[3.23153,41.96887],[3.23142,41.96879]]],[[[3.2314,41.9689],[3.23135,41.96898],[3.23147,41.96903],[3.2314,41.9689]]],[[[3.23168,41.96934],[3.23162,41.96937],[3.23173,41.9694],[3.23168,41.96934]]],[[[3.23069,41.9693],[3.23063,41.96936],[3.23073,41.96936],[3.23069,41.9693]]],[[[3.23134,41.96934],[3.23127,41.96937],[3.23137,41.9694],[3.23134,41.96934]]],[[[3.23091,41.9694],[3.23079,41.96933],[3.23075,41.96939],[3.23091,41.9694]]],[[[3.22944,41.96269],[3.22961,41.96282],[3.22966,41.96281],[3.22944,41.96269]]],[[[3.22947,41.96301],[3.22967,41.96297],[3.22944,41.96298],[3.22947,41.96301]]],[[[3.23104,41.96825],[3.23084,41.9683],[3.23095,41.96835],[3.23104,41.96825]]],[[[3.23166,41.96838],[3.23159,41.96841],[3.23171,41.96842],[3.23166,41.96838]]],[[[3.23035,41.9627],[3.23029,41.96276],[3.23036,41.9628],[3.23035,41.9627]]],[[[3.23122,41.96938],[3.2312,41.96945],[3.23127,41.96942],[3.23122,41.96938]]],[[[3.23163,41.96942],[3.23156,41.96946],[3.23162,41.96948],[3.23163,41.96942]]],[[[3.23088,41.96948],[3.23091,41.96953],[3.23095,41.96951],[3.23088,41.96948]]],[[[3.23132,41.96946],[3.23126,41.96948],[3.23134,41.9695],[3.23132,41.96946]]],[[[3.22982,41.97019],[3.22995,41.97015],[3.22961,41.9702],[3.22982,41.97019]]],[[[3.22872,41.94838],[3.22867,41.9484],[3.22873,41.94847],[3.22872,41.94838]]],[[[3.22891,41.96969],[3.22883,41.96971],[3.22881,41.96978],[3.22891,41.96969]]],[[[3.22811,41.97003],[3.22806,41.97014],[3.22812,41.97012],[3.22811,41.97003]]],[[[3.22825,41.97004],[3.22822,41.97014],[3.22827,41.97011],[3.22825,41.97004]]],[[[3.18705,42.09981],[3.1869,42.09993],[3.18703,42.09992],[3.18705,42.09981]]],[[[3.18495,42.10072],[3.1848,42.1008],[3.18495,42.10084],[3.18495,42.10072]]],[[[3.18447,42.0998],[3.18444,42.09985],[3.18451,42.09989],[3.18447,42.0998]]],[[[3.18454,42.10003],[3.18448,42.10008],[3.18454,42.10013],[3.18454,42.10003]]],[[[3.17936,42.10296],[3.17925,42.10315],[3.17948,42.103],[3.17936,42.10296]]],[[[2.01689,42.10901],[2.00762,42.10648],[2.00221,42.12538],[2.02568,42.13046],[2.03194,42.12627],[2.0191,42.12097],[2.01689,42.10901]]],[[[3.12359,42.13673],[3.12354,42.13679],[3.12371,42.13684],[3.12359,42.13673]]],[[[3.17069,42.10468],[3.17064,42.10475],[3.17075,42.10478],[3.17069,42.10468]]],[[[3.17572,42.11158],[3.17551,42.11167],[3.17567,42.1117],[3.17572,42.11158]]],[[[3.16648,42.11346],[3.16627,42.11404],[3.16656,42.11384],[3.16648,42.11346]]],[[[3.16207,42.11523],[3.16183,42.11529],[3.1623,42.11547],[3.16207,42.11523]]],[[[3.16246,42.11546],[3.1624,42.11549],[3.16255,42.11548],[3.16246,42.11546]]],[[[3.16244,42.11598],[3.16243,42.11601],[3.1625,42.11599],[3.16244,42.11598]]],[[[3.15997,42.1165],[3.15996,42.11651],[3.16002,42.11651],[3.15997,42.1165]]],[[[3.15637,42.11769],[3.15638,42.1178],[3.15643,42.11771],[3.15637,42.11769]]],[[[3.15915,42.11809],[3.15912,42.11815],[3.15924,42.11815],[3.15915,42.11809]]],[[[3.1367,42.12545],[3.13655,42.12558],[3.13673,42.12552],[3.1367,42.12545]]],[[[3.13629,42.12704],[3.13615,42.12715],[3.13629,42.12709],[3.13629,42.12704]]],[[[3.13168,42.12849],[3.1314,42.12902],[3.13197,42.12866],[3.13168,42.12849]]],[[[3.1249,42.13037],[3.12485,42.13071],[3.12501,42.13048],[3.1249,42.13037]]],[[[3.12378,42.13234],[3.12355,42.13249],[3.1237,42.13277],[3.12378,42.13234]]],[[[3.12243,42.13642],[3.12231,42.13646],[3.12243,42.13647],[3.12243,42.13642]]],[[[3.12389,42.13632],[3.12359,42.13666],[3.12385,42.13674],[3.12389,42.13632]]],[[[3.22833,42.04144],[3.22798,42.04195],[3.22892,42.04187],[3.22833,42.04144]]],[[[3.22739,42.04179],[3.22725,42.04226],[3.22772,42.04211],[3.22739,42.04179]]],[[[3.22683,42.04117],[3.2267,42.04139],[3.22702,42.04126],[3.22683,42.04117]]],[[[3.22579,42.04216],[3.22561,42.04238],[3.22576,42.04236],[3.22579,42.04216]]],[[[3.2238,42.04452],[3.2238,42.04462],[3.2239,42.04465],[3.2238,42.04452]]],[[[3.22544,42.04287],[3.22535,42.04295],[3.22546,42.04295],[3.22544,42.04287]]],[[[3.22542,42.04325],[3.2254,42.04332],[3.22548,42.04332],[3.22542,42.04325]]],[[[3.2255,42.04273],[3.22541,42.04282],[3.22554,42.04277],[3.2255,42.04273]]],[[[3.22525,42.04258],[3.22369,42.04447],[3.22712,42.04478],[3.22525,42.04258]]],[[[3.22217,42.04516],[3.22217,42.04529],[3.22224,42.04519],[3.22217,42.04516]]],[[[3.22163,42.04541],[3.22162,42.04547],[3.22166,42.04543],[3.22163,42.04541]]],[[[3.21958,42.04717],[3.21955,42.04718],[3.21965,42.04721],[3.21958,42.04717]]],[[[3.22047,42.04635],[3.22041,42.04638],[3.22046,42.04639],[3.22047,42.04635]]],[[[3.21952,42.0469],[3.21948,42.04691],[3.21952,42.04694],[3.21952,42.0469]]],[[[3.22299,42.04478],[3.21902,42.04808],[3.2246,42.05008],[3.22299,42.04478]]],[[[3.22189,42.05164],[3.22171,42.05203],[3.22205,42.05174],[3.22189,42.05164]]],[[[3.21907,42.04841],[3.21907,42.04845],[3.21915,42.04845],[3.21907,42.04841]]],[[[3.20993,42.05309],[3.20991,42.05314],[3.20997,42.05314],[3.20993,42.05309]]],[[[3.21044,42.05314],[3.21042,42.05319],[3.21051,42.05319],[3.21044,42.05314]]],[[[3.21069,42.05323],[3.21062,42.05325],[3.2107,42.05328],[3.21069,42.05323]]],[[[3.21233,42.0539],[3.21205,42.05401],[3.21229,42.05407],[3.21233,42.0539]]],[[[3.21161,42.05445],[3.2116,42.05458],[3.2117,42.05449],[3.21161,42.05445]]],[[[3.21147,42.05454],[3.21149,42.05462],[3.21154,42.0546],[3.21147,42.05454]]],[[[3.21081,42.05329],[3.2108,42.05332],[3.21087,42.05333],[3.21081,42.05329]]],[[[3.21112,42.0535],[3.2111,42.05355],[3.21115,42.05355],[3.21112,42.0535]]],[[[3.21154,42.05437],[3.21149,42.05437],[3.21151,42.05443],[3.21154,42.05437]]],[[[3.2113,42.05495],[3.2113,42.055],[3.21134,42.05499],[3.2113,42.05495]]],[[[3.21118,42.0552],[3.21114,42.05524],[3.21123,42.05526],[3.21118,42.0552]]],[[[3.2113,42.05521],[3.21128,42.05528],[3.21135,42.05525],[3.2113,42.05521]]],[[[3.21315,42.05859],[3.21296,42.05864],[3.21324,42.05872],[3.21315,42.05859]]],[[[3.21288,42.05865],[3.21275,42.05867],[3.21284,42.0587],[3.21288,42.05865]]],[[[3.21298,42.05868],[3.21296,42.05873],[3.21304,42.05872],[3.21298,42.05868]]],[[[3.21041,42.06271],[3.21026,42.063],[3.21068,42.0629],[3.21041,42.06271]]],[[[3.20965,42.06527],[3.20942,42.06548],[3.20953,42.06564],[3.20965,42.06527]]],[[[3.20544,42.07333],[3.20482,42.07441],[3.20584,42.07411],[3.20544,42.07333]]],[[[3.19746,42.0843],[3.19768,42.085],[3.19808,42.08444],[3.19746,42.0843]]],[[[3.1965,42.08447],[3.19655,42.08467],[3.19685,42.08465],[3.1965,42.08447]]],[[[3.33193,42.31902],[3.33159,42.32022],[3.33254,42.32005],[3.33193,42.31902]]],[[[3.32376,42.32183],[3.32353,42.32206],[3.32418,42.32241],[3.32376,42.32183]]],[[[3.32405,42.32255],[3.32398,42.32262],[3.32412,42.32256],[3.32405,42.32255]]],[[[3.32454,42.32259],[3.32441,42.32281],[3.32468,42.32272],[3.32454,42.32259]]],[[[3.30983,42.29026],[3.30933,42.29047],[3.30989,42.29052],[3.30983,42.29026]]],[[[3.30888,42.29046],[3.30876,42.29049],[3.30881,42.29059],[3.30888,42.29046]]],[[[3.30943,42.29072],[3.30944,42.29082],[3.30972,42.29081],[3.30943,42.29072]]],[[[3.30928,42.29069],[3.30898,42.29085],[3.30925,42.29084],[3.30928,42.29069]]],[[[3.30879,42.29113],[3.30823,42.2925],[3.30937,42.29138],[3.30879,42.29113]]],[[[3.30978,42.29153],[3.30929,42.29172],[3.30883,42.29257],[3.30978,42.29153]]],[[[3.30107,42.30447],[3.30094,42.30454],[3.30106,42.30456],[3.30107,42.30447]]],[[[3.30095,42.30497],[3.30085,42.30506],[3.30109,42.30511],[3.30095,42.30497]]],[[[3.30084,42.30509],[3.3006,42.30547],[3.30115,42.30533],[3.30084,42.30509]]],[[[3.28346,42.27356],[3.28327,42.27383],[3.28381,42.27384],[3.28346,42.27356]]],[[[3.28174,42.27402],[3.28163,42.27415],[3.28177,42.27414],[3.28174,42.27402]]],[[[3.29711,42.28407],[3.2968,42.28443],[3.29698,42.28433],[3.29711,42.28407]]],[[[3.29799,42.28439],[3.29795,42.28441],[3.29797,42.28447],[3.29799,42.28439]]],[[[3.29503,42.28077],[3.2946,42.28089],[3.2946,42.281],[3.29503,42.28077]]],[[[3.27997,42.27748],[3.27974,42.27772],[3.27996,42.27765],[3.27997,42.27748]]],[[[3.29102,42.27926],[3.29087,42.27958],[3.29105,42.27943],[3.29102,42.27926]]],[[[3.294,42.28056],[3.29402,42.28079],[3.29423,42.28064],[3.294,42.28056]]],[[[3.29125,42.27935],[3.29158,42.27974],[3.29169,42.27943],[3.29125,42.27935]]],[[[3.29194,42.27935],[3.29175,42.27979],[3.29208,42.27955],[3.29194,42.27935]]],[[[3.29337,42.27987],[3.29217,42.28248],[3.29366,42.28152],[3.29337,42.27987]]],[[[3.28696,42.28108],[3.28675,42.28141],[3.28711,42.28128],[3.28696,42.28108]]],[[[3.28608,42.28139],[3.286,42.28162],[3.28619,42.28153],[3.28608,42.28139]]],[[[3.28769,42.28233],[3.28764,42.28234],[3.28766,42.28241],[3.28769,42.28233]]],[[[3.29798,42.28838],[3.29787,42.28855],[3.29798,42.28849],[3.29798,42.28838]]],[[[3.29782,42.28442],[3.29751,42.28455],[3.29734,42.28486],[3.29782,42.28442]]],[[[3.29781,42.28468],[3.29747,42.28493],[3.29786,42.28471],[3.29781,42.28468]]],[[[3.29651,42.28989],[3.29464,42.29428],[3.29733,42.29325],[3.29651,42.28989]]],[[[3.29707,42.29283],[3.29696,42.29291],[3.29713,42.29287],[3.29707,42.29283]]],[[[3.29711,42.29372],[3.29701,42.2938],[3.29712,42.29381],[3.29711,42.29372]]],[[[3.2966,42.29383],[3.2953,42.2955],[3.29682,42.29447],[3.2966,42.29383]]],[[[3.29367,42.30637],[3.2936,42.30642],[3.29364,42.30644],[3.29367,42.30637]]],[[[3.29086,42.29829],[3.29067,42.29854],[3.29134,42.29842],[3.29086,42.29829]]],[[[3.29235,42.29946],[3.2921,42.29951],[3.29202,42.29959],[3.29235,42.29946]]],[[[3.29258,42.30005],[3.29237,42.3002],[3.29249,42.30019],[3.29258,42.30005]]],[[[3.29292,42.30115],[3.29293,42.30118],[3.29301,42.30118],[3.29292,42.30115]]],[[[3.29301,42.30186],[3.29297,42.30191],[3.29302,42.3019],[3.29301,42.30186]]],[[[3.29242,42.29984],[3.29213,42.2999],[3.29227,42.29993],[3.29242,42.29984]]],[[[3.29198,42.30268],[3.29151,42.30311],[3.29189,42.30317],[3.29198,42.30268]]],[[[3.28962,42.30402],[3.28952,42.3042],[3.2897,42.30412],[3.28962,42.30402]]],[[[3.3222,42.31851],[3.32171,42.31869],[3.32252,42.3186],[3.3222,42.31851]]],[[[3.3216,42.31839],[3.32156,42.31845],[3.32167,42.31843],[3.3216,42.31839]]],[[[3.31675,42.31328],[3.31625,42.31346],[3.31662,42.31348],[3.31675,42.31328]]],[[[3.31828,42.31541],[3.31824,42.31546],[3.31844,42.31545],[3.31828,42.31541]]],[[[3.31627,42.31359],[3.31599,42.31378],[3.31669,42.31371],[3.31627,42.31359]]],[[[3.31302,42.31634],[3.31279,42.31646],[3.31282,42.31655],[3.31302,42.31634]]],[[[3.30925,42.31195],[3.309,42.31219],[3.30931,42.31214],[3.30925,42.31195]]],[[[3.31072,42.31182],[3.3098,42.31236],[3.31065,42.31204],[3.31072,42.31182]]],[[[3.31114,42.32081],[3.31108,42.32086],[3.31109,42.32092],[3.31114,42.32081]]],[[[3.32083,42.32193],[3.32079,42.32208],[3.32102,42.32208],[3.32083,42.32193]]],[[[3.32379,42.32107],[3.31825,42.32444],[3.32235,42.32341],[3.32379,42.32107]]],[[[3.32073,42.32381],[3.32066,42.32386],[3.32078,42.32386],[3.32073,42.32381]]],[[[3.31301,42.32452],[3.31297,42.32456],[3.31302,42.32458],[3.31301,42.32452]]],[[[3.31164,42.32542],[3.31162,42.32545],[3.31174,42.32548],[3.31164,42.32542]]],[[[3.3114,42.32519],[3.31135,42.32523],[3.31142,42.32524],[3.3114,42.32519]]],[[[3.29062,42.30667],[3.29057,42.30674],[3.29067,42.30672],[3.29062,42.30667]]],[[[3.30019,42.3268],[3.30016,42.32682],[3.30022,42.32683],[3.30019,42.3268]]],[[[3.30105,42.32687],[3.30092,42.32698],[3.30125,42.327],[3.30105,42.32687]]],[[[3.30496,42.32706],[3.30402,42.32753],[3.30669,42.32776],[3.30496,42.32706]]],[[[3.30387,42.32764],[3.30382,42.32768],[3.30388,42.32777],[3.30387,42.32764]]],[[[3.2992,42.32718],[3.29905,42.32731],[3.29936,42.3272],[3.2992,42.32718]]],[[[3.29881,42.32733],[3.29851,42.32757],[3.2989,42.32761],[3.29881,42.32733]]],[[[3.29896,42.32771],[3.29889,42.32772],[3.29887,42.32778],[3.29896,42.32771]]],[[[3.29868,42.32782],[3.29854,42.32799],[3.29882,42.32804],[3.29868,42.32782]]],[[[3.29808,42.32814],[3.2979,42.32846],[3.2987,42.32834],[3.29808,42.32814]]],[[[3.29765,42.32845],[3.29766,42.32849],[3.29772,42.32849],[3.29765,42.32845]]],[[[3.29809,42.33013],[3.29796,42.3302],[3.29813,42.33029],[3.29809,42.33013]]],[[[3.29669,42.33046],[3.29667,42.33052],[3.29673,42.33052],[3.29669,42.33046]]],[[[3.28559,42.33216],[3.28557,42.33217],[3.28559,42.33218],[3.28559,42.33216]]],[[[3.28514,42.33228],[3.28485,42.33233],[3.28474,42.33255],[3.28514,42.33228]]],[[[3.28634,42.33214],[3.28583,42.33346],[3.28709,42.33276],[3.28634,42.33214]]],[[[3.28001,42.33298],[3.27974,42.33314],[3.2801,42.33304],[3.28001,42.33298]]],[[[3.27973,42.33318],[3.27966,42.33321],[3.2798,42.33321],[3.27973,42.33318]]],[[[3.17525,42.43494],[3.17504,42.43514],[3.17523,42.43511],[3.17525,42.43494]]],[[[3.17129,42.43242],[3.17112,42.43263],[3.17135,42.43252],[3.17129,42.43242]]],[[[3.16179,42.41022],[3.16173,42.41029],[3.1619,42.41028],[3.16179,42.41022]]],[[[3.16576,42.41145],[3.16571,42.41188],[3.16595,42.41159],[3.16576,42.41145]]],[[[3.16608,42.41384],[3.166,42.4139],[3.16608,42.4139],[3.16608,42.41384]]],[[[3.16614,42.41395],[3.16602,42.414],[3.16621,42.414],[3.16614,42.41395]]],[[[3.16719,42.41449],[3.16696,42.41465],[3.16719,42.41456],[3.16719,42.41449]]],[[[3.16532,42.41311],[3.1654,42.41323],[3.16549,42.41314],[3.16532,42.41311]]],[[[3.17097,42.42416],[3.17073,42.42449],[3.17116,42.42423],[3.17097,42.42416]]],[[[3.16991,42.41799],[3.16953,42.41816],[3.17003,42.41802],[3.16991,42.41799]]],[[[3.16984,42.41905],[3.16946,42.41937],[3.1696,42.41938],[3.16984,42.41905]]],[[[3.16892,42.41987],[3.1689,42.41995],[3.169,42.41994],[3.16892,42.41987]]],[[[3.16923,42.4202],[3.16905,42.42028],[3.1694,42.42031],[3.16923,42.4202]]],[[[3.16946,42.42296],[3.16931,42.42304],[3.16948,42.42302],[3.16946,42.42296]]],[[[3.16971,42.4232],[3.16962,42.4233],[3.16976,42.42327],[3.16971,42.4232]]],[[[3.16964,42.42361],[3.16949,42.42369],[3.16956,42.42371],[3.16964,42.42361]]],[[[3.1666,42.42511],[3.1666,42.42531],[3.16664,42.42529],[3.1666,42.42511]]],[[[1.97207,42.48452],[1.97915,42.49499],[1.98963,42.49369],[1.99842,42.48532],[1.98739,42.4696],[2.01278,42.44836],[1.95983,42.45329],[1.96308,42.47871],[1.97207,42.48452]]],[[[3.16765,42.3889],[3.16765,42.38902],[3.1678,42.38895],[3.16765,42.3889]]],[[[3.16729,42.38934],[3.16736,42.38973],[3.16745,42.38943],[3.16729,42.38934]]],[[[3.16629,42.38998],[3.16628,42.39016],[3.16634,42.39016],[3.16629,42.38998]]],[[[3.16531,42.39033],[3.16524,42.39038],[3.16536,42.39044],[3.16531,42.39033]]],[[[3.157,42.39076],[3.15688,42.3908],[3.15686,42.39088],[3.157,42.39076]]],[[[3.15477,42.39099],[3.15474,42.39114],[3.15492,42.39106],[3.15477,42.39099]]],[[[3.15414,42.39114],[3.15406,42.39127],[3.15437,42.39139],[3.15414,42.39114]]],[[[3.1612,42.39799],[3.16121,42.39806],[3.16144,42.39812],[3.1612,42.39799]]],[[[3.1617,42.39833],[3.16165,42.39835],[3.16169,42.39836],[3.1617,42.39833]]],[[[3.16149,42.39819],[3.16147,42.39819],[3.16148,42.39824],[3.16149,42.39819]]],[[[3.16138,42.39821],[3.16135,42.39824],[3.1614,42.39827],[3.16138,42.39821]]],[[[3.16468,42.39992],[3.16496,42.40017],[3.16525,42.40001],[3.16468,42.39992]]],[[[3.1615,42.39833],[3.16147,42.39839],[3.16156,42.39841],[3.1615,42.39833]]],[[[3.16188,42.39846],[3.16181,42.39861],[3.16205,42.39854],[3.16188,42.39846]]],[[[3.16573,42.40058],[3.16583,42.40189],[3.16656,42.40117],[3.16573,42.40058]]],[[[3.2508,42.33185],[3.2508,42.33192],[3.25085,42.33193],[3.2508,42.33185]]],[[[3.26105,42.3349],[3.2609,42.33524],[3.26112,42.33514],[3.26105,42.3349]]],[[[3.27928,42.3371],[3.27921,42.33715],[3.27932,42.33714],[3.27928,42.3371]]],[[[3.27759,42.3373],[3.27726,42.33748],[3.27783,42.33742],[3.27759,42.3373]]],[[[3.27072,42.33845],[3.27069,42.3387],[3.27126,42.33863],[3.27072,42.33845]]],[[[3.2716,42.33876],[3.27133,42.33885],[3.27151,42.33888],[3.2716,42.33876]]],[[[3.26188,42.33963],[3.26183,42.33971],[3.26188,42.33969],[3.26188,42.33963]]],[[[3.25915,42.33519],[3.25918,42.33524],[3.25921,42.33525],[3.25915,42.33519]]],[[[3.2606,42.33635],[3.26029,42.33673],[3.26085,42.33665],[3.2606,42.33635]]],[[[3.24182,42.33789],[3.24147,42.33793],[3.24199,42.33791],[3.24182,42.33789]]],[[[3.26087,42.34033],[3.26079,42.34035],[3.26086,42.34036],[3.26087,42.34033]]],[[[3.23975,42.34032],[3.23962,42.34035],[3.23973,42.34044],[3.23975,42.34032]]],[[[3.19206,42.33865],[3.19192,42.33877],[3.19228,42.33872],[3.19206,42.33865]]],[[[3.24019,42.33946],[3.24008,42.33953],[3.24014,42.33954],[3.24019,42.33946]]],[[[3.24335,42.33931],[3.24177,42.33978],[3.24238,42.34011],[3.24335,42.33931]]],[[[3.26092,42.34055],[3.2608,42.34057],[3.26083,42.3406],[3.26092,42.34055]]],[[[3.26097,42.34042],[3.26086,42.34049],[3.26098,42.34046],[3.26097,42.34042]]],[[[3.23956,42.34042],[3.23951,42.34052],[3.23964,42.34052],[3.23956,42.34042]]],[[[3.23846,42.34413],[3.23838,42.3442],[3.23848,42.3442],[3.23846,42.34413]]],[[[3.1902,42.34127],[3.19015,42.34151],[3.19025,42.34153],[3.1902,42.34127]]],[[[3.18594,42.34452],[3.18588,42.34462],[3.18629,42.3446],[3.18594,42.34452]]],[[[3.21138,42.34593],[3.2111,42.34606],[3.21127,42.34604],[3.21138,42.34593]]],[[[3.20482,42.34738],[3.20457,42.34748],[3.20495,42.34752],[3.20482,42.34738]]],[[[3.23442,42.35015],[3.23438,42.3504],[3.2348,42.35031],[3.23442,42.35015]]],[[[3.21786,42.3504],[3.21775,42.35047],[3.21791,42.3505],[3.21786,42.3504]]],[[[3.2182,42.35007],[3.218,42.3501],[3.21829,42.35026],[3.2182,42.35007]]],[[[3.18849,42.34973],[3.18834,42.34981],[3.18844,42.34984],[3.18849,42.34973]]],[[[3.18321,42.35284],[3.18306,42.35294],[3.18333,42.3529],[3.18321,42.35284]]],[[[3.17831,42.35351],[3.17814,42.35356],[3.17833,42.35362],[3.17831,42.35351]]],[[[3.18256,42.35368],[3.18259,42.35385],[3.18292,42.35391],[3.18256,42.35368]]],[[[3.17596,42.35484],[3.1758,42.35494],[3.176,42.35513],[3.17596,42.35484]]],[[[3.17206,42.35637],[3.17199,42.35653],[3.1721,42.3565],[3.17206,42.35637]]],[[[3.16594,42.36189],[3.16589,42.36196],[3.16599,42.36193],[3.16594,42.36189]]],[[[3.16547,42.3618],[3.16471,42.36251],[3.16559,42.36194],[3.16547,42.3618]]],[[[3.16548,42.36268],[3.16537,42.36272],[3.16544,42.36274],[3.16548,42.36268]]],[[[3.16445,42.36276],[3.16429,42.36292],[3.16454,42.36285],[3.16445,42.36276]]],[[[3.16473,42.36272],[3.16467,42.36283],[3.16501,42.36284],[3.16473,42.36272]]],[[[3.16444,42.36298],[3.16442,42.36313],[3.16451,42.36315],[3.16444,42.36298]]],[[[3.16471,42.363],[3.16471,42.36321],[3.16492,42.36314],[3.16471,42.363]]],[[[3.16349,42.36449],[3.16352,42.36456],[3.16363,42.36449],[3.16349,42.36449]]],[[[3.16483,42.3655],[3.16476,42.36555],[3.16485,42.36555],[3.16483,42.3655]]],[[[3.167,42.36631],[3.16709,42.36643],[3.16723,42.3664],[3.167,42.36631]]],[[[3.16779,42.36867],[3.16731,42.36879],[3.16777,42.3689],[3.16779,42.36867]]],[[[3.16677,42.36659],[3.16664,42.36666],[3.16684,42.36664],[3.16677,42.36659]]],[[[3.16754,42.36912],[3.16754,42.36921],[3.16761,42.36922],[3.16754,42.36912]]],[[[3.16639,42.36977],[3.16632,42.36983],[3.1664,42.36989],[3.16639,42.36977]]],[[[3.16657,42.36988],[3.1665,42.36999],[3.1666,42.36993],[3.16657,42.36988]]],[[[3.16648,42.3701],[3.16642,42.37015],[3.1665,42.37014],[3.16648,42.3701]]],[[[3.15949,42.37333],[3.15935,42.37341],[3.15947,42.37341],[3.15949,42.37333]]],[[[3.15603,42.3782],[3.15599,42.37824],[3.15613,42.37825],[3.15603,42.3782]]],[[[3.15625,42.37798],[3.15614,42.37817],[3.15629,42.37811],[3.15625,42.37798]]],[[[3.26349,42.23714],[3.26399,42.23754],[3.26435,42.23732],[3.26349,42.23714]]],[[[3.19339,42.24033],[3.19352,42.24053],[3.19377,42.24043],[3.19339,42.24033]]],[[[3.19264,42.24059],[3.19253,42.241],[3.19283,42.24094],[3.19264,42.24059]]],[[[3.19785,42.24183],[3.1975,42.24195],[3.19786,42.24194],[3.19785,42.24183]]],[[[3.19229,42.241],[3.19213,42.24108],[3.19243,42.2411],[3.19229,42.241]]],[[[3.23017,42.24453],[3.23015,42.24459],[3.23026,42.24456],[3.23017,42.24453]]],[[[3.22902,42.24356],[3.22893,42.24361],[3.22909,42.24363],[3.22902,42.24356]]],[[[3.1982,42.24195],[3.19776,42.24221],[3.19813,42.2421],[3.1982,42.24195]]],[[[3.19769,42.24283],[3.19764,42.24289],[3.1977,42.2429],[3.19769,42.24283]]],[[[3.1979,42.24232],[3.19761,42.24251],[3.19807,42.24236],[3.1979,42.24232]]],[[[3.22743,42.24962],[3.22738,42.24969],[3.22753,42.24969],[3.22743,42.24962]]],[[[3.22104,41.94326],[3.22099,41.9433],[3.2211,41.94332],[3.22104,41.94326]]],[[[3.22057,41.94339],[3.22051,41.94338],[3.22047,41.94343],[3.22057,41.94339]]],[[[3.22302,41.94409],[3.22299,41.94416],[3.22303,41.94419],[3.22302,41.94409]]],[[[3.22214,41.94414],[3.22199,41.94417],[3.22206,41.9442],[3.22214,41.94414]]],[[[3.22704,41.9445],[3.22687,41.94458],[3.22702,41.94459],[3.22704,41.9445]]],[[[3.22719,41.94453],[3.22703,41.94462],[3.22718,41.94461],[3.22719,41.94453]],[[3.22725,41.94446],[3.22709,41.94448],[3.22731,41.94445],[3.22725,41.94446]]],[[[3.22088,41.94351],[3.22081,41.94351],[3.22087,41.94354],[3.22088,41.94351]]],[[[3.22094,41.94358],[3.22091,41.94361],[3.22095,41.9436],[3.22094,41.94358]]],[[[3.21813,41.92154],[3.21762,41.92175],[3.21809,41.92168],[3.21813,41.92154]]],[[[3.21747,41.92404],[3.21727,41.92414],[3.21833,41.92431],[3.21747,41.92404]]],[[[3.21725,41.9245],[3.21758,41.92494],[3.21833,41.92488],[3.21725,41.9245]]],[[[3.21656,41.91834],[3.21656,41.91838],[3.21661,41.91836],[3.21656,41.91834]]],[[[3.21666,41.92115],[3.21688,41.92135],[3.21682,41.92119],[3.21666,41.92115]]],[[[3.2204,41.93504],[3.22009,41.93512],[3.22022,41.93516],[3.2204,41.93504]]],[[[3.21918,41.92525],[3.21891,41.92533],[3.21965,41.92547],[3.21918,41.92525]]],[[[3.2188,41.92607],[3.21877,41.92627],[3.219,41.92617],[3.2188,41.92607]]],[[[3.21629,41.92899],[3.21627,41.929],[3.21631,41.92904],[3.21629,41.92899]]],[[[3.21638,41.92905],[3.21647,41.92904],[3.21633,41.92904],[3.21638,41.92905]]],[[[3.21572,41.92982],[3.21556,41.92972],[3.21534,41.92975],[3.21572,41.92982]]],[[[3.216,41.93002],[3.216,41.93009],[3.21604,41.93005],[3.216,41.93002]]],[[[3.21709,41.93423],[3.21698,41.93411],[3.21696,41.9342],[3.21709,41.93423]]],[[[3.21693,41.93017],[3.21698,41.93013],[3.21686,41.93011],[3.21693,41.93017]]],[[[3.21621,41.93022],[3.2161,41.93016],[3.21588,41.93022],[3.21621,41.93022]]],[[[3.21935,41.93495],[3.21928,41.93494],[3.21933,41.93504],[3.21935,41.93495]]],[[[3.21839,41.93556],[3.2183,41.93557],[3.2184,41.93562],[3.21839,41.93556]]],[[[3.21618,41.93543],[3.2161,41.93545],[3.21617,41.93549],[3.21618,41.93543]]],[[[3.21914,41.94278],[3.219,41.94282],[3.21907,41.94282],[3.21914,41.94278]]],[[[3.21819,41.93898],[3.21807,41.93889],[3.21787,41.93896],[3.21819,41.93898]]],[[[3.21772,41.93867],[3.21754,41.93874],[3.21772,41.93878],[3.21772,41.93867]]],[[[3.21462,41.93665],[3.2146,41.93665],[3.21461,41.93668],[3.21462,41.93665]]],[[[3.21798,41.93761],[3.21787,41.93757],[3.21784,41.93763],[3.21798,41.93761]]],[[[3.21583,41.93787],[3.21578,41.9379],[3.21585,41.93791],[3.21583,41.93787]]],[[[3.21592,41.93798],[3.21589,41.93798],[3.2159,41.93802],[3.21592,41.93798]]],[[[3.21646,41.93778],[3.21643,41.93778],[3.21646,41.93783],[3.21646,41.93778]]],[[[3.21639,41.93784],[3.21625,41.93777],[3.21616,41.93786],[3.21639,41.93784]]],[[[3.21811,41.9382],[3.21845,41.93782],[3.21775,41.93775],[3.21811,41.9382]]],[[[3.21598,41.93786],[3.21595,41.93788],[3.216,41.93788],[3.21598,41.93786]]],[[[3.21744,41.93797],[3.21743,41.93804],[3.21747,41.93802],[3.21744,41.93797]]],[[[3.20613,41.89995],[3.206,41.90005],[3.20623,41.89997],[3.20613,41.89995]]],[[[3.20944,41.90287],[3.20986,41.90305],[3.20997,41.90298],[3.20944,41.90287]]],[[[3.20948,41.90342],[3.20953,41.90352],[3.20973,41.90351],[3.20948,41.90342]]],[[[3.20978,41.90515],[3.20945,41.9053],[3.20985,41.90521],[3.20978,41.90515]]],[[[3.20902,41.9056],[3.20879,41.90583],[3.20915,41.90585],[3.20902,41.9056]]],[[[3.20883,41.90666],[3.20876,41.90667],[3.2087,41.90672],[3.20883,41.90666]]],[[[3.20889,41.90674],[3.20893,41.90676],[3.20895,41.90674],[3.20889,41.90674]]],[[[3.20855,41.90682],[3.20838,41.90699],[3.20875,41.90692],[3.20855,41.90682]]],[[[3.20736,41.90809],[3.20728,41.90815],[3.20739,41.90813],[3.20736,41.90809]]],[[[3.20817,41.9081],[3.20777,41.90818],[3.20797,41.9082],[3.20817,41.9081]]],[[[3.20857,41.90812],[3.20847,41.90823],[3.20892,41.90813],[3.20857,41.90812]]],[[[3.2085,41.91277],[3.20841,41.91284],[3.20848,41.91285],[3.2085,41.91277]]],[[[3.22681,41.94699],[3.22673,41.94696],[3.22677,41.947],[3.22681,41.94699]]],[[[3.22644,41.9461],[3.22616,41.94611],[3.22637,41.9462],[3.22644,41.9461]]],[[[3.22652,41.94565],[3.2264,41.94567],[3.22648,41.94569],[3.22652,41.94565]]],[[[3.22674,41.94624],[3.22647,41.94631],[3.22659,41.94635],[3.22674,41.94624]]],[[[3.22547,41.94473],[3.22531,41.94476],[3.22546,41.94478],[3.22547,41.94473]]],[[[3.22487,41.94483],[3.2248,41.94481],[3.22478,41.94483],[3.22487,41.94483]]],[[[3.22483,41.94512],[3.22477,41.94512],[3.22481,41.94515],[3.22483,41.94512]]],[[[3.2251,41.94536],[3.22499,41.94538],[3.22511,41.94537],[3.2251,41.94536]]],[[[3.22682,41.94544],[3.22669,41.94547],[3.22671,41.94549],[3.22682,41.94544]]],[[[3.22624,41.94543],[3.22619,41.9455],[3.22627,41.9455],[3.22624,41.94543]]],[[[3.22506,41.94513],[3.225,41.94515],[3.22503,41.94516],[3.22506,41.94513]]],[[[3.22498,41.94514],[3.22488,41.94515],[3.22496,41.94517],[3.22498,41.94514]]],[[[3.22617,41.94546],[3.22615,41.94546],[3.22614,41.94553],[3.22617,41.94546]]],[[[3.22659,41.97114],[3.22652,41.97109],[3.2264,41.9711],[3.22659,41.97114]]],[[[3.22632,41.97162],[3.22636,41.97155],[3.22623,41.97156],[3.22632,41.97162]]],[[[3.2254,41.97291],[3.22526,41.97285],[3.22535,41.97298],[3.2254,41.97291]]],[[[3.21842,41.97397],[3.21826,41.97399],[3.21822,41.97413],[3.21842,41.97397]]],[[[3.22045,41.97421],[3.22058,41.97438],[3.22077,41.97437],[3.22045,41.97421]]],[[[3.2127,41.97642],[3.2128,41.97639],[3.21268,41.97633],[3.2127,41.97642]]],[[[3.21145,41.97648],[3.21134,41.97648],[3.2114,41.97653],[3.21145,41.97648]]]]}},{"type":"Feature","id":"18","properties":{"code":"18","name":"Granada","nationalCode":"34011800000"},"geometry":{"type":"MultiPolygon","coordinates":[[[[-3.4652,36.69489],[-3.48269,36.69728],[-3.52587,36.72413],[-3.51413,36.71245],[-3.53346,36.72207],[-3.55093,36.71457],[-3.5792,36.72317],[-3.60227,36.74468],[-3.65772,36.74655],[-3.67666,36.72957],[-3.72024,36.73203],[-3.7275,36.71917],[-3.75009,36.73808],[-3.76759,36.72923],[-3.77744,36.73792],[-3.78228,36.76445],[-3.76663,36.78538],[-3.76814,36.80195],[-3.8267,36.85532],[-3.86761,36.85068],[-3.89056,36.86755],[-3.9186,36.86808],[-3.92952,36.88288],[-4.04569,36.90286],[-4.06124,36.9199],[-4.08996,36.93215],[-4.09973,36.95272],[-4.16662,36.95702],[-4.21542,36.99177],[-4.23133,37.01694],[-4.25193,37.02298],[-4.27251,37.0149],[-4.28707,37.11952],[-4.32813,37.18407],[-4.25531,37.22957],[-4.26325,37.26038],[-4.24813,37.26912],[-4.23651,37.29722],[-4.23642,37.33585],[-4.20404,37.35291],[-4.15784,37.34225],[-4.12722,37.37826],[-4.08594,37.40375],[-4.00082,37.40209],[-3.98297,37.38801],[-3.95089,37.37835],[-3.84225,37.38575],[-3.82542,37.40243],[-3.82653,37.41352],[-3.80236,37.4528],[-3.80873,37.45926],[-3.79172,37.46619],[-3.78558,37.4909],[-3.77583,37.48826],[-3.77624,37.47648],[-3.7301,37.48752],[-3.68444,37.51765],[-3.6276,37.52846],[-3.53649,37.58026],[-3.53678,37.59668],[-3.50647,37.61728],[-3.46116,37.59842],[-3.43687,37.5739],[-3.3993,37.56405],[-3.29623,37.58826],[-3.26249,37.63921],[-3.21574,37.64419],[-3.17205,37.64287],[-3.13216,37.61408],[-3.0882,37.59554],[-3.05792,37.60664],[-3.05096,37.61836],[-2.97818,37.60275],[-2.98441,37.61425],[-2.97399,37.62291],[-2.97792,37.63398],[-2.9022,37.66571],[-2.88404,37.68132],[-2.90153,37.68929],[-2.90378,37.75117],[-2.88029,37.75994],[-2.87315,37.79149],[-2.82889,37.83716],[-2.81973,37.85292],[-2.8196,37.87613],[-2.80624,37.88093],[-2.78461,37.91764],[-2.7732,37.92593],[-2.76745,37.91935],[-2.75935,37.92398],[-2.72286,37.96245],[-2.70267,37.97152],[-2.68973,37.97381],[-2.66983,37.96143],[-2.60512,37.99815],[-2.59771,38.00721],[-2.59586,38.05319],[-2.60663,38.06144],[-2.56538,38.08354],[-2.43211,38.04333],[-2.42212,38.03336],[-2.37308,38.02328],[-2.3412,38.02587],[-2.29837,38.0028],[-2.28369,37.96941],[-2.24738,37.93422],[-2.20779,37.91625],[-2.25078,37.89718],[-2.26539,37.88095],[-2.28852,37.88514],[-2.29495,37.87632],[-2.28939,37.83148],[-2.30177,37.80828],[-2.27678,37.77622],[-2.30752,37.72327],[-2.30659,37.71022],[-2.31328,37.71137],[-2.32334,37.69387],[-2.32579,37.67201],[-2.31042,37.63001],[-2.3167,37.62184],[-2.34543,37.62922],[-2.35957,37.62127],[-2.39127,37.63248],[-2.38879,37.61801],[-2.37598,37.61226],[-2.3679,37.59158],[-2.37493,37.57783],[-2.36746,37.56305],[-2.3743,37.55735],[-2.35573,37.54699],[-2.35851,37.52229],[-2.38115,37.52292],[-2.39722,37.51338],[-2.4117,37.52494],[-2.42378,37.51288],[-2.45632,37.50943],[-2.45752,37.49083],[-2.51415,37.47953],[-2.56845,37.44639],[-2.57727,37.42903],[-2.63562,37.39421],[-2.64319,37.37594],[-2.63509,37.36472],[-2.63729,37.34333],[-2.6546,37.34061],[-2.65087,37.31233],[-2.66565,37.28533],[-2.66012,37.21199],[-2.69273,37.21723],[-2.73302,37.23732],[-2.73999,37.22876],[-2.75903,37.22671],[-2.77821,37.249],[-2.779,37.26266],[-2.81488,37.27089],[-2.81936,37.27833],[-2.84539,37.27922],[-2.87496,37.23146],[-2.88099,37.1871],[-2.8953,37.16705],[-2.92915,37.15657],[-2.93058,37.1398],[-2.94699,37.12221],[-2.94896,37.09655],[-3.00026,37.09498],[-3.01501,37.11328],[-3.02958,37.11325],[-3.00571,37.02334],[-2.98251,37.00597],[-2.97619,36.97859],[-2.9905,36.95818],[-3.02934,36.94753],[-3.03132,36.92459],[-3.05719,36.91154],[-3.07193,36.91929],[-3.06972,36.89964],[-3.03208,36.86095],[-3.02901,36.84444],[-3.03738,36.8354],[-3.07395,36.82468],[-3.13944,36.78845],[-3.12868,36.75087],[-3.14377,36.74399],[-3.2589,36.75341],[-3.30486,36.73823],[-3.33886,36.73828],[-3.36477,36.71438],[-3.40328,36.70724],[-3.41941,36.69396],[-3.4652,36.69489]]],[[[-3.38975,36.70813],[-3.38957,36.70867],[-3.38947,36.70821],[-3.38975,36.70813]]]]}},{"type":"Feature","id":"19","properties":{"code":"19","name":"Guadalajara","nationalCode":"34081900000"},"geometry":{"type":"MultiPolygon","coordinates":[[[[-1.69328,40.57765],[-1.68964,40.56649],[-1.70189,40.53822],[-1.69251,40.48682],[-1.7486,40.4629],[-1.78543,40.41318],[-1.80064,40.41422],[-1.80583,40.39794],[-1.8367,40.42599],[-1.84533,40.41727],[-1.85672,40.42536],[-1.86619,40.45036],[-1.86192,40.46247],[-1.87415,40.47103],[-1.88879,40.50408],[-1.88146,40.51747],[-1.89981,40.54104],[-1.90947,40.54165],[-1.90449,40.54646],[-1.91649,40.58282],[-1.92645,40.59407],[-1.95455,40.60044],[-1.96178,40.61155],[-1.96812,40.60858],[-1.9659,40.59198],[-1.98553,40.58543],[-2.0358,40.60157],[-2.05927,40.62529],[-2.11012,40.65139],[-2.15694,40.65869],[-2.16925,40.63023],[-2.21382,40.61918],[-2.2746,40.64475],[-2.29478,40.62291],[-2.28604,40.59222],[-2.29277,40.57809],[-2.33351,40.56719],[-2.35985,40.58064],[-2.35439,40.59272],[-2.37257,40.60716],[-2.39904,40.61371],[-2.41245,40.60212],[-2.41728,40.58345],[-2.38321,40.55362],[-2.38345,40.54087],[-2.41182,40.52563],[-2.42674,40.54075],[-2.44864,40.52453],[-2.49597,40.50881],[-2.5136,40.51577],[-2.52724,40.54428],[-2.53871,40.53402],[-2.54627,40.51896],[-2.52873,40.49838],[-2.54445,40.47463],[-2.52304,40.46702],[-2.50453,40.44865],[-2.51546,40.42428],[-2.54255,40.42545],[-2.5466,40.43502],[-2.58624,40.45026],[-2.59956,40.44337],[-2.64158,40.44885],[-2.66385,40.43605],[-2.67316,40.44861],[-2.68515,40.44329],[-2.67636,40.43578],[-2.68501,40.42773],[-2.70345,40.42538],[-2.68077,40.40271],[-2.68513,40.398],[-2.69067,40.39513],[-2.70509,40.416],[-2.71743,40.41982],[-2.71604,40.40788],[-2.72803,40.41143],[-2.7229,40.39712],[-2.76002,40.41234],[-2.76987,40.4214],[-2.76007,40.44199],[-2.78095,40.44417],[-2.79004,40.43168],[-2.78604,40.42724],[-2.79962,40.42363],[-2.80768,40.40679],[-2.80589,40.39097],[-2.81697,40.36402],[-2.80263,40.26403],[-2.82376,40.20317],[-2.86313,40.20011],[-2.87374,40.17357],[-2.91148,40.15708],[-2.94698,40.16961],[-3.00507,40.20912],[-3.02107,40.18749],[-3.01226,40.17397],[-3.01597,40.15271],[-3.06377,40.16825],[-3.06785,40.15791],[-3.07775,40.16617],[-3.08823,40.20032],[-3.07946,40.20838],[-3.0797,40.22777],[-3.10944,40.28519],[-3.15372,40.26371],[-3.1734,40.23417],[-3.19445,40.24804],[-3.19721,40.25755],[-3.18421,40.26971],[-3.18286,40.30827],[-3.14121,40.35054],[-3.15343,40.3677],[-3.13829,40.37554],[-3.14334,40.38753],[-3.13056,40.40518],[-3.14737,40.41959],[-3.15551,40.43942],[-3.1986,40.44225],[-3.19995,40.51445],[-3.22286,40.52596],[-3.23141,40.53967],[-3.23119,40.53173],[-3.24992,40.54432],[-3.28932,40.53156],[-3.29713,40.53752],[-3.2831,40.55096],[-3.28407,40.56898],[-3.32827,40.59484],[-3.33142,40.60394],[-3.32164,40.61219],[-3.33852,40.62585],[-3.32368,40.62969],[-3.3165,40.65518],[-3.32717,40.64059],[-3.3456,40.63774],[-3.36632,40.64803],[-3.36232,40.65374],[-3.37292,40.67772],[-3.39335,40.69246],[-3.4007,40.69012],[-3.40473,40.66964],[-3.42559,40.68237],[-3.42673,40.67236],[-3.4417,40.67421],[-3.46855,40.68994],[-3.43494,40.72799],[-3.44188,40.73773],[-3.45042,40.73489],[-3.44434,40.76158],[-3.45901,40.78132],[-3.51157,40.7885],[-3.49194,40.79842],[-3.47739,40.82356],[-3.47919,40.83763],[-3.46975,40.84318],[-3.47633,40.85128],[-3.46581,40.8569],[-3.47267,40.8641],[-3.44049,40.87535],[-3.44483,40.8871],[-3.43959,40.89115],[-3.4606,40.89847],[-3.46058,40.90666],[-3.44406,40.90685],[-3.45129,40.91287],[-3.44885,40.92253],[-3.41623,40.97581],[-3.4183,40.98756],[-3.39445,41.00028],[-3.43893,41.04267],[-3.42601,41.06566],[-3.42581,41.0829],[-3.44839,41.08064],[-3.47515,41.09527],[-3.48875,41.09429],[-3.50926,41.1364],[-3.5411,41.14967],[-3.53972,41.16504],[-3.51721,41.16286],[-3.50034,41.17861],[-3.46652,41.18338],[-3.44415,41.21534],[-3.40249,41.21362],[-3.40631,41.23417],[-3.39799,41.24325],[-3.3995,41.25454],[-3.41152,41.26071],[-3.41515,41.2732],[-3.40978,41.26062],[-3.33635,41.25303],[-3.32362,41.26174],[-3.29017,41.25793],[-3.27576,41.27503],[-3.27427,41.26027],[-3.25426,41.25838],[-3.23124,41.29487],[-3.19975,41.30443],[-3.0619,41.27343],[-3.01801,41.28912],[-3.00599,41.2844],[-2.95013,41.29264],[-2.94119,41.31394],[-2.90667,41.32763],[-2.86899,41.31706],[-2.86689,41.27446],[-2.82225,41.25661],[-2.77551,41.25008],[-2.76095,41.27402],[-2.71677,41.27567],[-2.70955,41.25198],[-2.67026,41.23719],[-2.64601,41.24021],[-2.6292,41.21521],[-2.6239,41.22374],[-2.58949,41.22454],[-2.59374,41.20021],[-2.62001,41.19537],[-2.62207,41.18799],[-2.57749,41.17866],[-2.59531,41.15025],[-2.57558,41.13947],[-2.54253,41.15067],[-2.53651,41.16253],[-2.51736,41.14787],[-2.50885,41.11886],[-2.48226,41.11627],[-2.46947,41.07811],[-2.42974,41.07229],[-2.41891,41.05771],[-2.35533,41.08645],[-2.32341,41.05651],[-2.29358,41.07125],[-2.26354,41.06754],[-2.23215,41.09701],[-2.1753,41.08375],[-2.13186,41.1181],[-2.10942,41.09755],[-2.08146,41.08635],[-2.07169,41.07249],[-2.05643,41.06969],[-2.04818,41.07838],[-2.06562,41.09579],[-2.06272,41.11311],[-2.05059,41.1259],[-2.04762,41.15265],[-1.99204,41.15996],[-1.95902,41.17249],[-1.93245,41.13859],[-1.89057,41.13332],[-1.86925,41.10791],[-1.80329,41.08989],[-1.75775,41.05507],[-1.74713,41.0339],[-1.61745,40.94373],[-1.6079,40.92762],[-1.62597,40.89868],[-1.62139,40.8804],[-1.58878,40.84503],[-1.57049,40.83008],[-1.55927,40.83076],[-1.54233,40.81122],[-1.53991,40.76073],[-1.56202,40.73975],[-1.55334,40.70588],[-1.53564,40.68702],[-1.53899,40.65809],[-1.56486,40.61474],[-1.54552,40.5952],[-1.59875,40.56205],[-1.63425,40.57979],[-1.66646,40.58204],[-1.67433,40.59217],[-1.69328,40.57765]]],[[[-3.38214,40.63047],[-3.37405,40.64025],[-3.36361,40.63842],[-3.37173,40.62577],[-3.38214,40.63047]]]]}},{"type":"Feature","id":"20","properties":{"code":"20","name":"Gipuzkoa","nationalCode":"34162000000"},"geometry":{"type":"MultiPolygon","coordinates":[[[[-2.60268,42.98223],[-2.59277,42.9876],[-2.60094,43.00137],[-2.59653,43.00925],[-2.54958,43.01979],[-2.52485,43.04533],[-2.54812,43.07508],[-2.54099,43.07669],[-2.54726,43.08468],[-2.54431,43.09163],[-2.52578,43.09568],[-2.51368,43.09002],[-2.50114,43.09654],[-2.49622,43.12341],[-2.50068,43.1519],[-2.50972,43.16144],[-2.48411,43.1709],[-2.49248,43.18088],[-2.48688,43.20144],[-2.49948,43.20976],[-2.49794,43.21992],[-2.49412,43.2257],[-2.46325,43.22347],[-2.43658,43.24371],[-2.43901,43.25183],[-2.41806,43.2676],[-2.43901,43.29491],[-2.41172,43.32418],[-2.35293,43.2987],[-2.34314,43.30337],[-2.28278,43.29522],[-2.22846,43.31101],[-2.2063,43.30439],[-2.20245,43.31173],[-2.19653,43.30559],[-2.2016,43.30111],[-2.18957,43.29236],[-2.17429,43.28846],[-2.14959,43.29596],[-2.1305,43.28746],[-2.10896,43.30118],[-2.03047,43.321],[-2.00844,43.32419],[-1.99094,43.31587],[-1.99175,43.32653],[-1.98019,43.32376],[-1.9624,43.33815],[-1.92378,43.33204],[-1.92811,43.33572],[-1.88336,43.3495],[-1.86497,43.37238],[-1.79126,43.39591],[-1.7879,43.38619],[-1.79695,43.38249],[-1.77901,43.36341],[-1.78924,43.35298],[-1.73738,43.33016],[-1.74166,43.3164],[-1.72937,43.29382],[-1.78324,43.28682],[-1.79391,43.27646],[-1.79498,43.24693],[-1.80572,43.23987],[-1.81926,43.23869],[-1.83444,43.2241],[-1.84936,43.22793],[-1.86139,43.21184],[-1.86752,43.23037],[-1.87336,43.22591],[-1.87667,43.2319],[-1.88066,43.22063],[-1.87403,43.21957],[-1.88079,43.21792],[-1.87493,43.21048],[-1.88191,43.20679],[-1.88724,43.21462],[-1.89017,43.20728],[-1.90326,43.21131],[-1.91415,43.22517],[-1.92069,43.15063],[-1.90195,43.13585],[-1.94753,43.09753],[-1.97158,43.09325],[-1.97515,43.08339],[-2.02282,43.06519],[-2.02044,43.04673],[-2.04139,43.0297],[-2.02831,42.99884],[-2.03276,42.9872],[-2.05258,42.97632],[-2.09524,42.97255],[-2.10373,42.94926],[-2.11763,42.94225],[-2.18096,42.93513],[-2.19236,42.94903],[-2.21026,42.94991],[-2.21551,42.93689],[-2.23557,42.92661],[-2.23776,42.896],[-2.25078,42.89573],[-2.28954,42.90231],[-2.30232,42.92595],[-2.33635,42.9349],[-2.3548,42.95003],[-2.37668,42.94804],[-2.4099,42.9595],[-2.45094,42.95645],[-2.47777,42.96594],[-2.5012,42.95948],[-2.5353,42.97345],[-2.54431,42.95028],[-2.55116,42.95862],[-2.58102,42.96426],[-2.60268,42.98223]]],[[[-1.80968,43.38854],[-1.80975,43.38857],[-1.80955,43.38866],[-1.80968,43.38854]]],[[[-1.79909,43.39193],[-1.79915,43.39199],[-1.79878,43.39207],[-1.79909,43.39193]]],[[[-2.35784,43.30419],[-2.35769,43.30451],[-2.35753,43.30452],[-2.35784,43.30419]]],[[[-2.14978,43.29618],[-2.15091,43.29737],[-2.14984,43.29667],[-2.14978,43.29618]]],[[[-2.2689,43.30047],[-2.26915,43.30072],[-2.26876,43.30055],[-2.2689,43.30047]]],[[[-1.99982,43.32034],[-2.00077,43.32197],[-1.99715,43.32205],[-1.99982,43.32034]]],[[[-2.40077,43.32212],[-2.40089,43.32248],[-2.40073,43.32249],[-2.40077,43.32212]]],[[[-2.40749,43.32303],[-2.40743,43.32351],[-2.40735,43.3233],[-2.40749,43.32303]]],[[[-2.40938,43.32319],[-2.40955,43.32357],[-2.40933,43.32343],[-2.40938,43.32319]]],[[[-2.40852,43.32369],[-2.40881,43.32426],[-2.40838,43.3241],[-2.40852,43.32369]]]]}},{"type":"Feature","id":"21","properties":{"code":"21","name":"Huelva","nationalCode":"34012100000"},"geometry":{"type":"Polygon","coordinates":[[[-7.23069,37.20343],[-7.29655,37.19723],[-7.33087,37.18669],[-7.32746,37.18078],[-7.37185,37.17048],[-7.40313,37.17442],[-7.41393,37.22659],[-7.43353,37.24974],[-7.42169,37.27378],[-7.44218,37.3113],[-7.44048,37.39102],[-7.46271,37.40899],[-7.44557,37.41871],[-7.45762,37.42919],[-7.45671,37.45233],[-7.4688,37.46854],[-7.46348,37.48592],[-7.48422,37.4982],[-7.49216,37.52217],[-7.51172,37.52488],[-7.52252,37.5569],[-7.50665,37.55759],[-7.5076,37.567],[-7.51588,37.56942],[-7.50145,37.57809],[-7.49647,37.59401],[-7.50368,37.60471],[-7.48904,37.60364],[-7.48243,37.62373],[-7.47058,37.62463],[-7.46733,37.64926],[-7.45454,37.64625],[-7.45588,37.66186],[-7.44415,37.66473],[-7.4525,37.67812],[-7.42849,37.74058],[-7.41834,37.74494],[-7.42111,37.75912],[-7.40827,37.76739],[-7.39676,37.76427],[-7.36595,37.79277],[-7.32413,37.81577],[-7.28346,37.86908],[-7.28218,37.89745],[-7.27369,37.89915],[-7.26207,37.9243],[-7.2554,37.92271],[-7.24851,37.95448],[-7.24997,37.96699],[-7.26319,37.97985],[-7.24349,37.99204],[-7.22278,37.98989],[-7.20222,38.00348],[-7.17308,37.99319],[-7.13285,37.99995],[-7.1207,38.00521],[-7.12906,38.01078],[-7.12813,38.02986],[-7.09878,38.04384],[-7.06709,38.03346],[-7.0593,38.01744],[-7.0024,38.02266],[-7.00256,38.04386],[-6.99012,38.05543],[-6.98736,38.1039],[-6.97517,38.10445],[-6.95211,38.15278],[-6.96251,38.15455],[-6.96888,38.16619],[-6.93166,38.20832],[-6.84843,38.17724],[-6.79509,38.17854],[-6.79954,38.1438],[-6.81581,38.12014],[-6.80782,38.11111],[-6.77005,38.11211],[-6.77364,38.10467],[-6.76493,38.106],[-6.77009,38.09946],[-6.75822,38.09271],[-6.73199,38.09005],[-6.72939,38.0995],[-6.71975,38.10062],[-6.71504,38.09249],[-6.68867,38.10023],[-6.65303,38.09648],[-6.6493,38.09002],[-6.64206,38.09753],[-6.6221,38.09701],[-6.58053,38.05277],[-6.58358,38.02128],[-6.54569,38.02812],[-6.49504,38.01913],[-6.49174,38.00947],[-6.47656,38.00783],[-6.46532,38.01121],[-6.47386,38.02443],[-6.44361,38.04696],[-6.45244,38.05596],[-6.44432,38.0596],[-6.36725,38.04892],[-6.3591,38.01666],[-6.34704,38.00282],[-6.30337,37.97824],[-6.25195,37.97138],[-6.23924,37.95893],[-6.20152,37.96206],[-6.19599,37.94874],[-6.18024,37.94103],[-6.18394,37.92761],[-6.16997,37.90981],[-6.16375,37.91797],[-6.14521,37.9205],[-6.12503,37.90479],[-6.16429,37.86201],[-6.15904,37.85411],[-6.14216,37.85567],[-6.12166,37.81659],[-6.12643,37.79717],[-6.1382,37.79546],[-6.13402,37.78783],[-6.16742,37.79279],[-6.18466,37.80967],[-6.2024,37.80553],[-6.21546,37.79154],[-6.20483,37.76603],[-6.21983,37.75518],[-6.21623,37.74494],[-6.2225,37.73934],[-6.25242,37.74278],[-6.24467,37.74775],[-6.25232,37.76314],[-6.27849,37.75841],[-6.31102,37.76487],[-6.39003,37.74769],[-6.44999,37.7189],[-6.47512,37.72514],[-6.48368,37.71999],[-6.47344,37.70909],[-6.47867,37.71178],[-6.49319,37.68869],[-6.50142,37.6887],[-6.50134,37.66796],[-6.52536,37.66423],[-6.53609,37.65098],[-6.5296,37.6365],[-6.53836,37.62564],[-6.52862,37.61579],[-6.51499,37.62526],[-6.48489,37.61598],[-6.44327,37.62335],[-6.39557,37.61122],[-6.40227,37.59858],[-6.3934,37.58563],[-6.40276,37.58006],[-6.39346,37.55676],[-6.36647,37.53563],[-6.36733,37.51776],[-6.35652,37.49621],[-6.33877,37.48516],[-6.33295,37.46463],[-6.30581,37.43576],[-6.31255,37.41864],[-6.35645,37.41205],[-6.36196,37.37574],[-6.34604,37.36573],[-6.38457,37.33749],[-6.333,37.2991],[-6.34282,37.28115],[-6.33708,37.27474],[-6.34973,37.26517],[-6.35985,37.2381],[-6.34524,37.21828],[-6.35338,37.19894],[-6.35056,37.18056],[-6.33612,37.16962],[-6.35967,37.13843],[-6.34236,37.12298],[-6.36009,37.11729],[-6.35631,37.11064],[-6.37824,37.09589],[-6.38639,37.07629],[-6.35394,36.98849],[-6.36381,36.9458],[-6.37889,36.93471],[-6.33101,36.8988],[-6.34529,36.88913],[-6.3529,36.85738],[-6.3455,36.79872],[-6.37126,36.79506],[-6.3972,36.80728],[-6.44927,36.90779],[-6.51547,36.97255],[-6.59893,37.02382],[-6.77279,37.11088],[-6.87425,37.14834],[-6.91668,37.1763],[-6.92145,37.17018],[-6.88959,37.1464],[-6.85261,37.13172],[-6.83247,37.10789],[-6.85162,37.12819],[-6.94548,37.17224],[-6.94896,37.16394],[-7.01712,37.19967],[-7.05965,37.21079],[-7.23069,37.20343]]]}},{"type":"Feature","id":"22","properties":{"code":"22","name":"Huesca","nationalCode":"34022200000"},"geometry":{"type":"Polygon","coordinates":[[[0.34658,41.48811],[0.33968,41.48333],[0.34281,41.46348],[0.35541,41.45246],[0.33585,41.40746],[0.30888,41.41884],[0.24059,41.42835],[0.21909,41.40357],[0.18264,41.39441],[0.16365,41.4065],[0.12464,41.38354],[0.1063,41.35082],[0.09336,41.34997],[0.00969,41.36043],[-0.00298,41.38792],[-0.0234,41.39699],[-0.02928,41.37782],[-0.00793,41.34781],[-0.04944,41.36046],[-0.07271,41.37716],[-0.10497,41.48548],[-0.13366,41.5213],[-0.15666,41.53529],[-0.15748,41.56838],[-0.16735,41.58111],[-0.15645,41.58997],[-0.20574,41.60226],[-0.24478,41.57311],[-0.30231,41.60792],[-0.31259,41.6241],[-0.35952,41.63522],[-0.36626,41.67991],[-0.3745,41.68812],[-0.42854,41.70548],[-0.44492,41.70368],[-0.48942,41.73167],[-0.51869,41.72882],[-0.50069,41.76132],[-0.51197,41.78391],[-0.51675,41.83678],[-0.52714,41.85287],[-0.55521,41.87133],[-0.60331,41.88283],[-0.59547,41.89959],[-0.63058,41.91291],[-0.65783,41.9575],[-0.77821,41.9574],[-0.88493,42.00358],[-0.85074,42.02615],[-0.84891,42.04201],[-0.85701,42.05099],[-0.81294,42.0925],[-0.80478,42.09644],[-0.80485,42.07388],[-0.79355,42.0544],[-0.77971,42.05472],[-0.76314,42.06748],[-0.76078,42.0795],[-0.77016,42.08723],[-0.75492,42.0906],[-0.76271,42.10045],[-0.75324,42.12379],[-0.76086,42.12985],[-0.75215,42.13204],[-0.75872,42.14696],[-0.74739,42.15592],[-0.7598,42.17023],[-0.75162,42.17293],[-0.7599,42.17867],[-0.75047,42.19941],[-0.76152,42.21446],[-0.75938,42.26365],[-0.75196,42.26362],[-0.74849,42.27754],[-0.72886,42.29632],[-0.74459,42.33868],[-0.73512,42.35334],[-0.74485,42.36168],[-0.73643,42.36988],[-0.77794,42.39126],[-0.77181,42.34671],[-0.80653,42.27055],[-0.8131,42.26449],[-0.84393,42.28283],[-0.85793,42.27474],[-0.87696,42.28165],[-0.89118,42.26304],[-0.89055,42.24003],[-0.91891,42.25732],[-0.88904,42.2867],[-0.89209,42.29692],[-0.8796,42.31889],[-0.85566,42.33992],[-0.84276,42.36634],[-0.84418,42.38464],[-0.82167,42.38456],[-0.81535,42.39497],[-0.83543,42.39553],[-0.84209,42.40739],[-0.88422,42.42106],[-0.90563,42.43646],[-0.89628,42.4438],[-0.90376,42.45324],[-0.8963,42.46039],[-0.8819,42.45706],[-0.87725,42.46661],[-0.89702,42.47908],[-0.89029,42.49037],[-0.89385,42.51045],[-0.93343,42.50588],[-0.91645,42.53732],[-0.89826,42.53896],[-0.89505,42.54906],[-0.89935,42.55998],[-0.9186,42.55528],[-0.92161,42.57124],[-0.93417,42.57265],[-0.92479,42.58797],[-0.90867,42.58713],[-0.90471,42.59905],[-0.91468,42.60233],[-0.90466,42.61294],[-0.92764,42.65624],[-0.89309,42.66235],[-0.87995,42.68814],[-0.90155,42.70187],[-0.92246,42.7008],[-0.90435,42.71219],[-0.90684,42.72661],[-0.89687,42.73566],[-0.90054,42.76047],[-0.87331,42.75898],[-0.84753,42.78592],[-0.86001,42.79856],[-0.85144,42.80759],[-0.85683,42.84689],[-0.81853,42.86937],[-0.81363,42.8882],[-0.81909,42.90067],[-0.78321,42.92173],[-0.72449,42.92023],[-0.73635,42.91302],[-0.73175,42.89607],[-0.69843,42.87895],[-0.67875,42.88454],[-0.65589,42.85874],[-0.60202,42.83215],[-0.60047,42.80243],[-0.56914,42.80686],[-0.57055,42.78303],[-0.55168,42.77761],[-0.54372,42.79318],[-0.52348,42.79708],[-0.52501,42.81216],[-0.50527,42.82743],[-0.4417,42.79537],[-0.40879,42.80766],[-0.39475,42.79897],[-0.36449,42.81639],[-0.34684,42.83778],[-0.32413,42.83475],[-0.31326,42.84937],[-0.25514,42.81933],[-0.24334,42.82365],[-0.23877,42.80859],[-0.18866,42.78694],[-0.1768,42.78594],[-0.15999,42.79803],[-0.14688,42.77615],[-0.14976,42.76919],[-0.12279,42.75164],[-0.10641,42.72062],[-0.06846,42.71807],[-0.05638,42.69231],[0.00027,42.68532],[0.01581,42.70183],[0.05843,42.69756],[0.07799,42.71483],[0.11695,42.71115],[0.13673,42.72244],[0.16179,42.72319],[0.1758,42.73704],[0.2269,42.71732],[0.26001,42.71602],[0.26861,42.70007],[0.26369,42.69324],[0.29527,42.67319],[0.32136,42.6829],[0.32517,42.70503],[0.36023,42.72435],[0.39306,42.71321],[0.39531,42.69952],[0.42209,42.69046],[0.4742,42.70015],[0.51678,42.69135],[0.52731,42.70255],[0.58736,42.69449],[0.59709,42.70552],[0.66007,42.69085],[0.69559,42.65862],[0.70314,42.64176],[0.69864,42.62883],[0.70771,42.62108],[0.76755,42.61122],[0.75794,42.56994],[0.74081,42.5454],[0.75277,42.53395],[0.73474,42.54035],[0.72159,42.52488],[0.7199,42.51283],[0.74216,42.5056],[0.71337,42.48721],[0.70051,42.49552],[0.69778,42.4863],[0.68994,42.48684],[0.70898,42.45922],[0.71014,42.43639],[0.73553,42.41475],[0.72594,42.40523],[0.7461,42.38478],[0.72327,42.36563],[0.77131,42.35064],[0.74036,42.33687],[0.74368,42.32632],[0.76462,42.32248],[0.74483,42.30118],[0.73622,42.25239],[0.71459,42.22433],[0.70184,42.18863],[0.69808,42.1718],[0.71385,42.16282],[0.6955,42.15141],[0.69961,42.10514],[0.6699,42.06183],[0.67205,42.04724],[0.65686,42.04012],[0.65176,42.02397],[0.66387,42.01474],[0.64334,41.98307],[0.63873,41.99461],[0.62401,41.99184],[0.60549,41.96001],[0.58627,41.96713],[0.56188,41.93822],[0.60749,41.91932],[0.5949,41.91795],[0.60098,41.90854],[0.5921,41.88442],[0.60831,41.8785],[0.60748,41.87182],[0.5799,41.86362],[0.58005,41.85091],[0.55521,41.85301],[0.54357,41.8204],[0.51546,41.82235],[0.48323,41.80146],[0.4686,41.76498],[0.39868,41.75781],[0.39544,41.73198],[0.38474,41.74031],[0.36922,41.72467],[0.36866,41.71419],[0.32821,41.68107],[0.32624,41.6622],[0.35798,41.63172],[0.34582,41.62186],[0.34961,41.59946],[0.40202,41.59272],[0.42849,41.60238],[0.43585,41.58569],[0.43033,41.56524],[0.44692,41.54224],[0.39739,41.49057],[0.34658,41.48811]]]}},{"type":"Feature","id":"23","properties":{"code":"23","name":"Jaén","nationalCode":"34012300000"},"geometry":{"type":"Polygon","coordinates":[[[-3.00821,37.60796],[-3.05132,37.61833],[-3.05792,37.60664],[-3.0882,37.59554],[-3.13216,37.61408],[-3.17205,37.64287],[-3.26249,37.63921],[-3.29623,37.58826],[-3.39791,37.56402],[-3.43687,37.5739],[-3.46116,37.59842],[-3.50647,37.61728],[-3.53678,37.59668],[-3.53649,37.58026],[-3.6276,37.52846],[-3.68444,37.51765],[-3.7301,37.48752],[-3.77624,37.47648],[-3.77583,37.48826],[-3.78558,37.4909],[-3.79172,37.46619],[-3.80873,37.45926],[-3.80236,37.4528],[-3.82653,37.41352],[-3.82542,37.40243],[-3.84122,37.38624],[-3.95089,37.37835],[-3.98297,37.38801],[-4.01888,37.41973],[-4.04814,37.46797],[-4.07016,37.47212],[-4.08765,37.48608],[-4.05999,37.50581],[-4.09806,37.51153],[-4.0991,37.53067],[-4.12231,37.54683],[-4.12098,37.5543],[-4.16099,37.57516],[-4.16131,37.58788],[-4.17052,37.58847],[-4.16302,37.59937],[-4.17264,37.61061],[-4.18783,37.61656],[-4.20759,37.60983],[-4.22067,37.61995],[-4.2281,37.63954],[-4.16437,37.68151],[-4.18312,37.70648],[-4.23822,37.71946],[-4.22942,37.75536],[-4.20714,37.77019],[-4.20682,37.77891],[-4.28674,37.79654],[-4.27481,37.90279],[-4.26239,37.91508],[-4.25805,37.93932],[-4.26432,37.97345],[-4.28445,38.00383],[-4.28225,38.02281],[-4.25996,38.02223],[-4.26894,38.03976],[-4.2506,38.0389],[-4.24009,38.04703],[-4.24107,38.0534],[-4.25106,38.04846],[-4.25195,38.06352],[-4.24647,38.06974],[-4.23628,38.06253],[-4.22685,38.07992],[-4.23249,38.08333],[-4.2219,38.08293],[-4.2287,38.09078],[-4.21409,38.08948],[-4.22211,38.10299],[-4.21795,38.11077],[-4.2037,38.10798],[-4.19801,38.12369],[-4.16118,38.14554],[-4.16786,38.18079],[-4.20118,38.21408],[-4.196,38.23785],[-4.21669,38.24695],[-4.20823,38.26652],[-4.21482,38.26965],[-4.21022,38.30145],[-4.22805,38.30118],[-4.22685,38.30825],[-4.23854,38.31511],[-4.23744,38.34154],[-4.2691,38.34736],[-4.27654,38.39085],[-4.25555,38.40182],[-4.15656,38.38132],[-4.14493,38.38643],[-4.00645,38.36807],[-3.91512,38.36881],[-3.85428,38.37514],[-3.83056,38.3929],[-3.83006,38.4128],[-3.78561,38.42527],[-3.73906,38.41376],[-3.73001,38.42437],[-3.62047,38.39399],[-3.58585,38.4056],[-3.58308,38.45147],[-3.56736,38.45203],[-3.53516,38.43941],[-3.52844,38.40864],[-3.47101,38.398],[-3.42482,38.4068],[-3.4104,38.42356],[-3.37668,38.4396],[-3.37501,38.47523],[-3.32649,38.48212],[-3.30526,38.47928],[-3.27942,38.46024],[-3.13829,38.43858],[-3.06497,38.47825],[-3.00252,38.40826],[-2.99223,38.42859],[-2.99351,38.45012],[-2.97694,38.45489],[-2.96359,38.47145],[-2.90579,38.46991],[-2.88149,38.45264],[-2.87974,38.46316],[-2.85071,38.47458],[-2.85426,38.47899],[-2.84011,38.47723],[-2.83758,38.48437],[-2.83106,38.47646],[-2.83083,38.48742],[-2.81297,38.4913],[-2.8066,38.50305],[-2.79242,38.50268],[-2.7874,38.51553],[-2.77995,38.50971],[-2.76723,38.53301],[-2.67969,38.49692],[-2.6169,38.51275],[-2.58008,38.50355],[-2.56662,38.49047],[-2.57679,38.47732],[-2.5674,38.46066],[-2.57698,38.43429],[-2.57188,38.41413],[-2.55067,38.40312],[-2.48236,38.3962],[-2.49238,38.3713],[-2.47895,38.34881],[-2.48521,38.30026],[-2.44137,38.28563],[-2.4366,38.27213],[-2.44633,38.24459],[-2.4406,38.23265],[-2.45434,38.21549],[-2.44558,38.20494],[-2.44628,38.18519],[-2.46846,38.1728],[-2.47412,38.15578],[-2.51293,38.12649],[-2.52028,38.10776],[-2.53967,38.09261],[-2.60632,38.06186],[-2.59586,38.05319],[-2.59771,38.00721],[-2.60512,37.99815],[-2.66983,37.96143],[-2.68973,37.97381],[-2.70267,37.97152],[-2.72286,37.96245],[-2.75935,37.92398],[-2.76745,37.91935],[-2.7732,37.92593],[-2.78461,37.91764],[-2.80624,37.88093],[-2.8196,37.87613],[-2.81973,37.85292],[-2.82889,37.83716],[-2.87315,37.79149],[-2.88029,37.75994],[-2.90378,37.75117],[-2.90153,37.68929],[-2.88404,37.68132],[-2.9022,37.66571],[-2.97792,37.63398],[-2.97399,37.62291],[-2.98441,37.61425],[-2.97818,37.60275],[-3.00821,37.60796]]]}},{"type":"Feature","id":"24","properties":{"code":"24","name":"León","nationalCode":"34072400000"},"geometry":{"type":"Polygon","coordinates":[[[-4.98421,42.33787],[-4.9425,42.34655],[-4.95345,42.29716],[-4.9735,42.28869],[-5.03835,42.29713],[-5.0416,42.26756],[-5.05327,42.25793],[-5.06819,42.26119],[-5.06219,42.27789],[-5.07515,42.27889],[-5.09375,42.30929],[-5.112,42.31184],[-5.14432,42.28155],[-5.18272,42.26421],[-5.19791,42.26054],[-5.22031,42.27792],[-5.22845,42.26247],[-5.2303,42.27565],[-5.2365,42.27335],[-5.254,42.23978],[-5.22599,42.22672],[-5.24148,42.21452],[-5.26564,42.2109],[-5.28693,42.22993],[-5.30187,42.22215],[-5.30746,42.19927],[-5.36123,42.22515],[-5.3881,42.22144],[-5.38851,42.20529],[-5.38023,42.19789],[-5.38887,42.17254],[-5.37959,42.16334],[-5.37152,42.13006],[-5.38048,42.10981],[-5.37639,42.09951],[-5.39012,42.08981],[-5.37119,42.05143],[-5.37629,42.04147],[-5.42028,42.02923],[-5.48092,42.05243],[-5.47709,42.05646],[-5.49846,42.08367],[-5.527,42.1043],[-5.54336,42.09938],[-5.54945,42.07033],[-5.5607,42.05597],[-5.57772,42.06545],[-5.58661,42.05091],[-5.5885,42.07733],[-5.63504,42.08199],[-5.62014,42.10666],[-5.64339,42.13104],[-5.66756,42.14207],[-5.68718,42.13792],[-5.67677,42.12034],[-5.74295,42.11334],[-5.75519,42.13663],[-5.77671,42.13581],[-5.80533,42.12458],[-5.80649,42.13055],[-5.84485,42.11072],[-5.86927,42.12217],[-5.88482,42.13845],[-5.881,42.14532],[-5.89743,42.1561],[-5.9116,42.14059],[-5.94812,42.14192],[-5.95347,42.12368],[-5.99567,42.14619],[-6.0493,42.15986],[-6.12471,42.15887],[-6.13727,42.16472],[-6.14341,42.15882],[-6.16021,42.16577],[-6.2124,42.14808],[-6.22582,42.16195],[-6.25412,42.16704],[-6.25196,42.17306],[-6.29373,42.17803],[-6.31259,42.20659],[-6.40984,42.19568],[-6.4279,42.20194],[-6.44221,42.19353],[-6.45986,42.19714],[-6.47825,42.18223],[-6.49756,42.18202],[-6.526,42.20336],[-6.61327,42.20321],[-6.63865,42.2173],[-6.7197,42.21335],[-6.73329,42.22402],[-6.73484,42.2356],[-6.75909,42.23866],[-6.78437,42.25373],[-6.767,42.25746],[-6.76503,42.27274],[-6.74115,42.29866],[-6.73395,42.35911],[-6.76654,42.36505],[-6.77865,42.38099],[-6.8208,42.38564],[-6.84351,42.40585],[-6.83128,42.40835],[-6.82096,42.42141],[-6.82481,42.42589],[-6.81427,42.42735],[-6.82178,42.4333],[-6.82277,42.45291],[-6.80832,42.46861],[-6.82325,42.49128],[-6.83704,42.49549],[-6.84918,42.48672],[-6.86056,42.48909],[-6.9322,42.52054],[-6.96009,42.51776],[-6.97854,42.49325],[-7.00096,42.5057],[-7.02869,42.49786],[-7.04575,42.50778],[-7.07707,42.508],[-7.05943,42.53058],[-7.07082,42.53772],[-7.06392,42.54856],[-7.06952,42.55402],[-7.05714,42.55761],[-7.05621,42.56653],[-7.03356,42.58409],[-7.05017,42.59794],[-7.047,42.6327],[-7.01783,42.64522],[-7.00436,42.64287],[-7.02148,42.65194],[-7.01264,42.6578],[-7.01551,42.66459],[-7.04519,42.69477],[-7.01089,42.72366],[-6.99019,42.72661],[-6.98374,42.71869],[-6.97288,42.72501],[-6.97282,42.73792],[-6.95948,42.75503],[-6.94689,42.74151],[-6.9356,42.74086],[-6.86743,42.78717],[-6.86733,42.80352],[-6.84032,42.82336],[-6.87128,42.87384],[-6.83374,42.88206],[-6.84032,42.87818],[-6.83457,42.8733],[-6.81572,42.86977],[-6.84198,42.90636],[-6.82419,42.91506],[-6.77067,42.89862],[-6.77151,42.88255],[-6.75667,42.88306],[-6.72319,42.91738],[-6.6899,42.92246],[-6.61293,42.92455],[-6.6065,42.9161],[-6.54657,42.91215],[-6.51058,42.92873],[-6.48977,42.92025],[-6.47859,42.93356],[-6.4331,42.93976],[-6.44161,42.94731],[-6.43364,42.96416],[-6.47301,42.96775],[-6.47814,42.9912],[-6.44644,42.98217],[-6.4371,42.99303],[-6.42413,42.98762],[-6.40737,42.99942],[-6.41111,43.01693],[-6.39435,43.01661],[-6.39705,43.03832],[-6.37355,43.04111],[-6.35909,43.05958],[-6.33316,43.04649],[-6.32649,43.03133],[-6.29517,43.02691],[-6.28519,43.03637],[-6.2637,43.01608],[-6.22681,43.00891],[-6.22984,43.02303],[-6.21556,43.0472],[-6.1784,43.0478],[-6.13667,43.02099],[-6.0969,43.03064],[-6.08982,43.03815],[-6.09185,43.06692],[-6.08129,43.0759],[-6.02093,43.05379],[-5.99633,43.05792],[-5.98895,43.06722],[-5.97384,43.06531],[-5.96216,43.05294],[-5.96966,43.04083],[-5.95653,43.01763],[-5.93345,43.01072],[-5.90792,42.9906],[-5.88719,42.99409],[-5.88849,42.97919],[-5.86173,42.98169],[-5.84298,42.96426],[-5.76826,42.96854],[-5.76028,42.97267],[-5.76622,42.98625],[-5.72826,43.04249],[-5.6931,43.05634],[-5.6367,43.03501],[-5.57477,43.0321],[-5.56978,43.02208],[-5.54019,43.01835],[-5.50629,43.02857],[-5.4938,43.02124],[-5.47852,43.05491],[-5.39045,43.04934],[-5.3831,43.08724],[-5.36914,43.09458],[-5.34369,43.09385],[-5.34145,43.08378],[-5.32694,43.07957],[-5.3115,43.08416],[-5.28212,43.07743],[-5.2685,43.08756],[-5.2166,43.08449],[-5.1478,43.11512],[-5.14068,43.10292],[-5.10174,43.10185],[-5.0939,43.14299],[-5.07536,43.1669],[-5.07663,43.17895],[-5.05947,43.17433],[-5.0409,43.18468],[-5.02146,43.18351],[-4.99762,43.17026],[-4.99641,43.18533],[-4.96306,43.21267],[-4.89479,43.23817],[-4.87101,43.22802],[-4.86082,43.20532],[-4.83955,43.18966],[-4.85178,43.17307],[-4.83457,43.15746],[-4.85143,43.12594],[-4.83627,43.11575],[-4.8335,43.10215],[-4.77375,43.07918],[-4.76684,43.07469],[-4.76605,43.05528],[-4.74335,43.05541],[-4.73388,43.04311],[-4.74332,43.02684],[-4.73859,43.01856],[-4.75699,43.0155],[-4.76693,43.00156],[-4.79482,42.98665],[-4.79567,42.97387],[-4.80725,42.96771],[-4.80265,42.94951],[-4.80923,42.93034],[-4.83786,42.90673],[-4.83839,42.89532],[-4.8555,42.89171],[-4.86558,42.86055],[-4.88049,42.86594],[-4.90032,42.85999],[-4.88856,42.84113],[-4.90286,42.80997],[-4.89588,42.78517],[-4.90909,42.77943],[-4.92062,42.75747],[-4.93556,42.75646],[-4.93636,42.74447],[-4.91846,42.73423],[-4.91589,42.72056],[-4.89056,42.72326],[-4.87167,42.70799],[-4.89057,42.69283],[-4.9003,42.67012],[-4.89466,42.62386],[-4.9048,42.60314],[-4.90251,42.57796],[-4.91595,42.55475],[-4.91045,42.54144],[-4.88799,42.53703],[-4.9,42.45068],[-4.92399,42.43614],[-4.90992,42.43391],[-4.90498,42.42456],[-4.91483,42.41445],[-4.91432,42.40119],[-4.90324,42.38653],[-4.96877,42.3773],[-4.98421,42.33787]],[[-5.30644,42.27158],[-5.30332,42.252],[-5.34132,42.23275],[-5.34534,42.26777],[-5.30644,42.27158]]]}},{"type":"Feature","id":"25","properties":{"code":"25","name":"Lleida","nationalCode":"34092500000"},"geometry":{"type":"MultiPolygon","coordinates":[[[[1.04641,41.44065],[1.02772,41.40926],[1.00254,41.40424],[0.99197,41.38898],[0.98196,41.39175],[0.96206,41.36747],[0.96435,41.35526],[0.94523,41.34975],[0.86327,41.33811],[0.84006,41.36181],[0.82913,41.35725],[0.81526,41.32695],[0.76248,41.33425],[0.75152,41.31784],[0.66974,41.30986],[0.62819,41.29086],[0.59706,41.29345],[0.58085,41.31989],[0.55443,41.32667],[0.52581,41.29045],[0.50327,41.28973],[0.47989,41.32344],[0.46162,41.33507],[0.43444,41.32021],[0.43315,41.27604],[0.42568,41.27417],[0.38556,41.27861],[0.37666,41.28763],[0.36565,41.30397],[0.36875,41.31802],[0.34845,41.32809],[0.37397,41.35154],[0.35829,41.37199],[0.32004,41.39418],[0.34184,41.41382],[0.35518,41.45109],[0.34298,41.46288],[0.33968,41.48333],[0.39739,41.49057],[0.44692,41.54224],[0.43033,41.56524],[0.43585,41.58569],[0.42849,41.60238],[0.40202,41.59272],[0.34961,41.59946],[0.34582,41.62186],[0.35798,41.63172],[0.32624,41.6622],[0.32821,41.68107],[0.36866,41.71419],[0.36922,41.72467],[0.38474,41.74031],[0.39544,41.73198],[0.39868,41.75781],[0.4686,41.76498],[0.48323,41.80146],[0.51546,41.82235],[0.54357,41.8204],[0.55521,41.85301],[0.58005,41.85091],[0.5799,41.86362],[0.60748,41.87182],[0.60831,41.8785],[0.5921,41.88442],[0.60098,41.90854],[0.5949,41.91795],[0.60749,41.91932],[0.56188,41.93822],[0.58627,41.96713],[0.60549,41.96001],[0.61683,41.98716],[0.63873,41.99461],[0.64209,41.98218],[0.64677,41.99633],[0.65822,42.00258],[0.66385,42.01512],[0.65182,42.0262],[0.65686,42.04012],[0.67205,42.04724],[0.6699,42.06183],[0.69961,42.10514],[0.6955,42.15141],[0.71385,42.16282],[0.69808,42.1718],[0.70199,42.18908],[0.71459,42.22433],[0.73622,42.25239],[0.74483,42.30118],[0.76462,42.32248],[0.74368,42.32632],[0.74036,42.33687],[0.77131,42.35064],[0.72222,42.36742],[0.7461,42.38478],[0.72594,42.40523],[0.73553,42.41475],[0.71014,42.43639],[0.70898,42.45922],[0.6899,42.48372],[0.69895,42.49495],[0.71337,42.48721],[0.74216,42.5056],[0.7199,42.51283],[0.72159,42.52488],[0.73474,42.54035],[0.75277,42.53395],[0.74081,42.5454],[0.75794,42.56994],[0.76755,42.61122],[0.73785,42.61236],[0.69864,42.62883],[0.70314,42.64176],[0.69559,42.65862],[0.65988,42.68843],[0.67616,42.69087],[0.68255,42.70889],[0.67315,42.71799],[0.68016,42.72325],[0.6609,42.75187],[0.63928,42.75487],[0.66722,42.77511],[0.64482,42.78298],[0.66985,42.80229],[0.66492,42.8137],[0.67011,42.82428],[0.65908,42.83784],[0.67829,42.84775],[0.67796,42.85527],[0.70924,42.86145],[0.77746,42.83615],[0.81085,42.83872],[0.85829,42.82573],[0.92641,42.78931],[0.96016,42.8059],[0.9839,42.7867],[1.00563,42.79082],[1.04787,42.78098],[1.07889,42.78834],[1.12821,42.75559],[1.1332,42.72827],[1.1701,42.70811],[1.2291,42.72776],[1.25272,42.71447],[1.33237,42.72473],[1.35732,42.71972],[1.35108,42.70272],[1.38924,42.68702],[1.38744,42.66869],[1.41366,42.6556],[1.42043,42.62501],[1.44302,42.60276],[1.42648,42.5828],[1.44495,42.56801],[1.42423,42.55708],[1.41361,42.53662],[1.45055,42.53989],[1.46837,42.51002],[1.41919,42.4842],[1.44119,42.47536],[1.44439,42.44142],[1.51163,42.42909],[1.55168,42.43251],[1.56107,42.45865],[1.57919,42.44972],[1.59737,42.46632],[1.65702,42.46822],[1.66998,42.50419],[1.67948,42.49468],[1.70361,42.4898],[1.72562,42.50437],[1.73192,42.44038],[1.80154,42.42492],[1.81101,42.41114],[1.80005,42.37799],[1.80604,42.37009],[1.82999,42.38141],[1.85506,42.36965],[1.8453,42.35508],[1.83471,42.35515],[1.83939,42.33909],[1.83359,42.32729],[1.84249,42.30631],[1.83342,42.30053],[1.80469,42.30196],[1.79428,42.294],[1.74073,42.2906],[1.73433,42.284],[1.67031,42.2817],[1.69014,42.2771],[1.69506,42.26384],[1.68461,42.25644],[1.70457,42.23882],[1.6804,42.22436],[1.68035,42.20624],[1.70718,42.18992],[1.72157,42.1961],[1.73805,42.18942],[1.73834,42.16342],[1.72397,42.15262],[1.7138,42.15472],[1.69849,42.1346],[1.7123,42.11903],[1.70445,42.10598],[1.72287,42.10008],[1.72215,42.09128],[1.70763,42.08244],[1.69118,42.08679],[1.69113,42.0754],[1.67463,42.05865],[1.67213,42.04077],[1.67947,42.03822],[1.68282,42.04843],[1.6927,42.04555],[1.6997,42.02887],[1.66997,42.01566],[1.66634,42.00301],[1.6644,42.02162],[1.65835,42.02189],[1.64708,41.99983],[1.65203,41.99198],[1.6577,42.00291],[1.66219,41.99112],[1.68477,41.99513],[1.69743,41.98568],[1.69009,42.00511],[1.69867,42.01381],[1.71743,41.99995],[1.71245,41.99253],[1.71931,41.98501],[1.6824,41.96765],[1.66778,41.97031],[1.67434,41.98274],[1.64884,41.97966],[1.6441,41.96392],[1.65019,41.94485],[1.64241,41.94053],[1.65121,41.92668],[1.63753,41.92678],[1.58595,41.88828],[1.57603,41.89102],[1.56854,41.8798],[1.58314,41.87347],[1.60133,41.88429],[1.61905,41.88157],[1.63031,41.85878],[1.63146,41.84471],[1.61001,41.83613],[1.61146,41.81777],[1.58881,41.80473],[1.59983,41.78903],[1.59359,41.77793],[1.57258,41.78215],[1.53072,41.75259],[1.53267,41.76376],[1.51087,41.7708],[1.50114,41.78955],[1.4828,41.79107],[1.4842,41.77184],[1.4689,41.77076],[1.46087,41.77649],[1.47305,41.78256],[1.47133,41.80058],[1.42721,41.80197],[1.41658,41.79495],[1.40288,41.74556],[1.42447,41.73267],[1.3819,41.70685],[1.40021,41.70432],[1.39581,41.69565],[1.40393,41.69448],[1.40422,41.68616],[1.42331,41.68408],[1.4155,41.6747],[1.4508,41.63988],[1.43057,41.62982],[1.3915,41.63433],[1.3604,41.61361],[1.40733,41.60034],[1.40777,41.59074],[1.39227,41.5788],[1.40319,41.55788],[1.30424,41.57146],[1.21969,41.56972],[1.21075,41.54873],[1.16389,41.53446],[1.17394,41.53131],[1.16362,41.5132],[1.17824,41.48736],[1.10807,41.46717],[1.10458,41.47535],[1.03945,41.50138],[1.04851,41.48754],[1.03746,41.47999],[1.0755,41.45997],[1.04641,41.44065]],[[1.6445,42.11147],[1.68169,42.11428],[1.69551,42.10816],[1.67883,42.10327],[1.6445,42.11147]],[[1.6892,42.10192],[1.68894,42.10194],[1.68916,42.10205],[1.6892,42.10192]]],[[[1.70625,41.88941],[1.71164,41.88933],[1.70894,41.89713],[1.72491,41.89303],[1.71875,41.8824],[1.70625,41.88941]]]]}},{"type":"Feature","id":"26","properties":{"code":"26","name":"La Rioja","nationalCode":"34172600000"},"geometry":{"type":"Polygon","coordinates":[[[-2.75758,42.03262],[-2.70842,42.08629],[-2.70672,42.10567],[-2.72906,42.12315],[-2.75117,42.11777],[-2.77485,42.12354],[-2.79161,42.10875],[-2.79014,42.09422],[-2.80334,42.08048],[-2.79495,42.06355],[-2.79799,42.04684],[-2.81264,42.03664],[-2.8237,42.04103],[-2.84464,42.03447],[-2.87044,42.01444],[-2.88951,42.0104],[-2.89118,42.01701],[-2.91362,42.02285],[-2.93118,42.08678],[-3.03437,42.08596],[-3.05895,42.12697],[-3.08568,42.13422],[-3.09657,42.16945],[-3.11335,42.17634],[-3.11532,42.18827],[-3.12858,42.19663],[-3.10379,42.21369],[-3.10206,42.23336],[-3.08859,42.24573],[-3.09772,42.26309],[-3.08962,42.27305],[-3.10666,42.3126],[-3.09586,42.32691],[-3.11069,42.33858],[-3.10967,42.35145],[-3.06346,42.3567],[-3.08481,42.38539],[-3.10527,42.38637],[-3.09574,42.40518],[-3.10135,42.41678],[-3.09035,42.42237],[-3.07818,42.41575],[-3.08151,42.39521],[-3.06441,42.37334],[-3.05314,42.37342],[-3.0633,42.42491],[-3.046,42.44515],[-3.06421,42.47095],[-3.09042,42.47788],[-3.0947,42.48807],[-3.07929,42.49909],[-3.0719,42.5281],[-3.0893,42.53828],[-3.10746,42.52877],[-3.13427,42.54205],[-3.10375,42.55311],[-3.08236,42.57402],[-3.0862,42.58221],[-3.05983,42.58919],[-3.07046,42.62141],[-3.0864,42.62772],[-3.08415,42.64069],[-3.01801,42.63218],[-3.00476,42.64426],[-2.98057,42.63522],[-2.94645,42.63932],[-2.91601,42.61952],[-2.89463,42.62767],[-2.894,42.62133],[-2.88214,42.62072],[-2.87629,42.631],[-2.85563,42.63776],[-2.84273,42.62937],[-2.84814,42.61714],[-2.8418,42.6086],[-2.81877,42.61272],[-2.81983,42.59145],[-2.84079,42.58103],[-2.82277,42.55424],[-2.8148,42.5693],[-2.80366,42.5645],[-2.77768,42.58225],[-2.76393,42.62244],[-2.74071,42.62244],[-2.71062,42.60109],[-2.68058,42.59421],[-2.6915,42.5418],[-2.70572,42.51666],[-2.67685,42.52626],[-2.67784,42.50957],[-2.65601,42.50345],[-2.64778,42.48342],[-2.60536,42.5035],[-2.59225,42.49193],[-2.60219,42.4819],[-2.59652,42.47284],[-2.5684,42.49408],[-2.554,42.48387],[-2.53061,42.48357],[-2.5375,42.49509],[-2.51059,42.51993],[-2.50532,42.51196],[-2.51861,42.49791],[-2.51463,42.49023],[-2.47743,42.48664],[-2.4488,42.49688],[-2.43851,42.48912],[-2.41567,42.49054],[-2.40001,42.47143],[-2.37664,42.47282],[-2.36363,42.46163],[-2.35261,42.46564],[-2.34675,42.45177],[-2.33184,42.45401],[-2.33646,42.46458],[-2.32999,42.4688],[-2.29872,42.45741],[-2.29688,42.46814],[-2.28801,42.46736],[-2.27639,42.44667],[-2.24096,42.44183],[-2.23497,42.42615],[-2.21208,42.42135],[-2.21651,42.416],[-2.18611,42.41877],[-2.17504,42.40777],[-2.15178,42.41863],[-2.11228,42.42009],[-2.10508,42.41594],[-2.11551,42.39908],[-2.08912,42.38499],[-2.09281,42.37582],[-2.07864,42.36813],[-2.08996,42.34697],[-2.06998,42.34252],[-2.01602,42.3693],[-2.00606,42.36083],[-1.99552,42.36361],[-1.97864,42.34989],[-1.96959,42.3525],[-1.96452,42.33382],[-1.94229,42.33518],[-1.93152,42.32219],[-1.91851,42.32696],[-1.91897,42.31614],[-1.90706,42.30847],[-1.91382,42.30011],[-1.87066,42.28897],[-1.86621,42.2754],[-1.8762,42.25899],[-1.87228,42.25267],[-1.85576,42.24965],[-1.84979,42.25925],[-1.82973,42.24414],[-1.81922,42.24864],[-1.81594,42.22893],[-1.78016,42.22417],[-1.77264,42.21442],[-1.7664,42.22125],[-1.70924,42.20999],[-1.70424,42.19203],[-1.67871,42.18949],[-1.7009,42.17312],[-1.6938,42.15844],[-1.67966,42.15169],[-1.71989,42.13344],[-1.73974,42.14974],[-1.76471,42.15041],[-1.779,42.1377],[-1.82162,42.15357],[-1.83242,42.14823],[-1.84028,42.12813],[-1.89203,42.08599],[-1.90924,42.05912],[-1.90158,42.02968],[-1.88295,42.02633],[-1.85523,42.0026],[-1.84718,42.008],[-1.85132,41.99807],[-1.84405,41.98733],[-1.86519,41.9776],[-1.85654,41.9664],[-1.87759,41.95243],[-1.90667,41.94559],[-1.91517,41.93225],[-1.95486,41.92744],[-1.96134,41.9203],[-1.98412,41.92008],[-2.02831,41.95339],[-2.03639,41.9394],[-2.04664,41.95093],[-2.11436,41.96114],[-2.12407,41.99531],[-2.10763,42.00277],[-2.11701,42.02151],[-2.15477,42.04704],[-2.16191,42.06673],[-2.12724,42.08046],[-2.13338,42.10114],[-2.23648,42.10251],[-2.25889,42.08728],[-2.26959,42.08855],[-2.28175,42.10839],[-2.28216,42.1317],[-2.3182,42.14518],[-2.43846,42.13727],[-2.45862,42.11532],[-2.48437,42.10635],[-2.51468,42.11454],[-2.52266,42.08288],[-2.51488,42.06886],[-2.54907,42.05151],[-2.57991,41.99626],[-2.62664,42.0065],[-2.67358,41.99806],[-2.70514,42.01514],[-2.74617,42.00868],[-2.75758,42.03262]],[[-2.99938,42.60095],[-2.99452,42.61549],[-2.98522,42.61422],[-2.99938,42.60095]],[[-2.94521,42.60389],[-2.9345,42.61408],[-2.92263,42.60083],[-2.93918,42.59429],[-2.94521,42.60389]]]}},{"type":"Feature","id":"27","properties":{"code":"27","name":"Lugo","nationalCode":"34122700000"},"geometry":{"type":"MultiPolygon","coordinates":[[[[-7.06278,42.55326],[-7.06952,42.55402],[-7.06392,42.54856],[-7.07087,42.53791],[-7.05947,42.53042],[-7.07707,42.508],[-7.07619,42.49675],[-7.10027,42.46786],[-7.09974,42.45878],[-7.14927,42.43616],[-7.14688,42.42183],[-7.1662,42.40445],[-7.17185,42.37923],[-7.19052,42.36404],[-7.20267,42.3257],[-7.23093,42.35914],[-7.22965,42.37661],[-7.22007,42.38719],[-7.24781,42.38991],[-7.26943,42.41493],[-7.29083,42.41458],[-7.30449,42.42887],[-7.34424,42.42963],[-7.3699,42.42136],[-7.39925,42.43556],[-7.44693,42.40709],[-7.46583,42.40716],[-7.50758,42.38678],[-7.54196,42.38444],[-7.57612,42.40487],[-7.61665,42.38422],[-7.63141,42.40705],[-7.66214,42.42303],[-7.69787,42.42954],[-7.71318,42.45238],[-7.73917,42.45663],[-7.75273,42.45103],[-7.7889,42.466],[-7.78835,42.47348],[-7.74831,42.47999],[-7.76503,42.49396],[-7.80271,42.48027],[-7.81879,42.49166],[-7.84208,42.49051],[-7.8615,42.50411],[-7.87789,42.50262],[-7.87541,42.51095],[-7.91318,42.50839],[-7.9016,42.52136],[-7.92401,42.52504],[-7.88873,42.53813],[-7.89004,42.5502],[-7.91156,42.55607],[-7.93075,42.5786],[-7.91274,42.59167],[-7.89255,42.62963],[-7.88971,42.68371],[-7.86143,42.7062],[-7.86639,42.72064],[-7.93537,42.73974],[-7.97841,42.7787],[-7.98048,42.81134],[-7.95641,42.83975],[-7.96888,42.84967],[-7.9831,42.84233],[-7.99973,42.8489],[-7.97789,42.87743],[-7.95618,42.88446],[-7.93551,42.90346],[-7.94332,42.91735],[-7.9163,42.9323],[-7.90817,42.95126],[-7.90531,42.9854],[-7.94299,43.06762],[-7.91683,43.08827],[-7.93707,43.1118],[-7.95025,43.17726],[-7.96139,43.18984],[-7.92185,43.26946],[-7.94711,43.28602],[-7.88695,43.33718],[-7.88514,43.37537],[-7.89819,43.39113],[-7.88194,43.40753],[-7.82166,43.40168],[-7.80537,43.42661],[-7.80727,43.43734],[-7.78008,43.44891],[-7.76827,43.48759],[-7.75712,43.49816],[-7.75878,43.50847],[-7.74443,43.5119],[-7.74967,43.51942],[-7.7445,43.53044],[-7.75522,43.5318],[-7.74797,43.5419],[-7.76031,43.54803],[-7.74381,43.57019],[-7.74625,43.58075],[-7.7178,43.58401],[-7.72051,43.59873],[-7.73042,43.6025],[-7.72233,43.60812],[-7.73548,43.62214],[-7.71955,43.63179],[-7.71679,43.64599],[-7.70184,43.64374],[-7.691,43.65405],[-7.71927,43.68665],[-7.70259,43.68635],[-7.6986,43.69566],[-7.70763,43.70987],[-7.69345,43.71608],[-7.69777,43.73813],[-7.6831,43.73002],[-7.67377,43.73533],[-7.67248,43.74671],[-7.65437,43.74355],[-7.64729,43.75174],[-7.63341,43.75084],[-7.62959,43.72213],[-7.60609,43.71777],[-7.61464,43.70288],[-7.6052,43.69708],[-7.61437,43.68127],[-7.60887,43.67213],[-7.59668,43.67426],[-7.59667,43.66265],[-7.59432,43.67942],[-7.60067,43.68179],[-7.57628,43.693],[-7.58485,43.71139],[-7.5583,43.71129],[-7.54929,43.72477],[-7.55688,43.73005],[-7.5332,43.72894],[-7.52399,43.73678],[-7.51453,43.71893],[-7.51039,43.72644],[-7.46824,43.72421],[-7.45911,43.71652],[-7.47293,43.71916],[-7.47841,43.70879],[-7.46912,43.70299],[-7.45986,43.71275],[-7.4625,43.70308],[-7.44297,43.69746],[-7.44894,43.69265],[-7.43643,43.7011],[-7.43481,43.69229],[-7.35695,43.67111],[-7.34612,43.65675],[-7.35585,43.66044],[-7.35454,43.65442],[-7.33532,43.63843],[-7.33755,43.63126],[-7.30986,43.61729],[-7.2944,43.59234],[-7.24553,43.57517],[-7.25782,43.56042],[-7.2711,43.56258],[-7.25168,43.5562],[-7.26148,43.55118],[-7.25575,43.54689],[-7.24187,43.55131],[-7.24837,43.56616],[-7.2361,43.56915],[-7.17679,43.56369],[-7.17596,43.55692],[-7.16137,43.55387],[-7.11902,43.55438],[-7.11595,43.56163],[-7.07211,43.553],[-7.05736,43.55891],[-7.03451,43.55],[-7.03197,43.5348],[-7.04647,43.51045],[-7.04733,43.47744],[-7.09022,43.45527],[-7.08625,43.44358],[-7.10036,43.4409],[-7.10269,43.42701],[-7.17284,43.43023],[-7.17641,43.4142],[-7.16876,43.40478],[-7.18249,43.39246],[-7.15956,43.37472],[-7.13844,43.3834],[-7.12753,43.3726],[-7.13121,43.33135],[-7.11523,43.32617],[-7.10093,43.30381],[-7.05978,43.30533],[-7.07151,43.27122],[-7.06159,43.24405],[-7.02005,43.21324],[-7.00958,43.22288],[-7.00144,43.20728],[-6.97102,43.20425],[-6.9649,43.18754],[-6.98077,43.16655],[-6.95708,43.1349],[-6.94137,43.13172],[-6.93731,43.13966],[-6.88588,43.15683],[-6.88738,43.16617],[-6.86743,43.19009],[-6.8699,43.17998],[-6.86198,43.18204],[-6.83891,43.16614],[-6.82212,43.14333],[-6.82761,43.12315],[-6.87165,43.09102],[-6.89429,43.09173],[-6.91555,43.07326],[-6.93869,43.08651],[-6.96885,43.05688],[-6.96209,43.05225],[-6.96507,43.03477],[-6.97254,43.03038],[-6.98217,43.04141],[-6.9969,43.01957],[-6.96221,42.99051],[-6.95604,42.99603],[-6.96475,43.02666],[-6.95678,43.03656],[-6.94686,43.03256],[-6.94082,43.01152],[-6.91,42.9899],[-6.88086,42.9913],[-6.86456,42.98378],[-6.83578,42.95771],[-6.84183,42.92845],[-6.83576,42.91634],[-6.82419,42.91506],[-6.84198,42.90636],[-6.82516,42.87688],[-6.81405,42.87169],[-6.83068,42.87117],[-6.84032,42.87818],[-6.83374,42.88206],[-6.87128,42.87384],[-6.84032,42.82336],[-6.86733,42.80352],[-6.86743,42.78717],[-6.9356,42.74086],[-6.94689,42.74151],[-6.95948,42.75503],[-6.97282,42.73792],[-6.97288,42.72501],[-6.98374,42.71869],[-6.99019,42.72661],[-7.01089,42.72366],[-7.04519,42.69477],[-7.01551,42.66459],[-7.01264,42.6578],[-7.02148,42.65194],[-7.00436,42.64287],[-7.01783,42.64522],[-7.047,42.6327],[-7.05017,42.59794],[-7.03356,42.58409],[-7.06278,42.55326]]],[[[-7.04848,43.55529],[-7.05005,43.5575],[-7.04829,43.5568],[-7.04848,43.55529]]],[[[-7.0412,43.55572],[-7.0429,43.55718],[-7.04105,43.55681],[-7.0412,43.55572]]],[[[-7.05497,43.55765],[-7.05518,43.558],[-7.05481,43.55784],[-7.05497,43.55765]]],[[[-7.06342,43.55895],[-7.06378,43.55914],[-7.06362,43.55963],[-7.06342,43.55895]]],[[[-7.06057,43.55937],[-7.06103,43.55955],[-7.06053,43.55963],[-7.06057,43.55937]]],[[[-7.31838,43.62563],[-7.3184,43.62586],[-7.31812,43.62585],[-7.31838,43.62563]]],[[[-7.34574,43.66342],[-7.346,43.66363],[-7.34563,43.66366],[-7.34574,43.66342]]],[[[-7.38006,43.67726],[-7.38047,43.67764],[-7.38006,43.67744],[-7.38006,43.67726]]],[[[-7.60953,43.67598],[-7.60977,43.67631],[-7.60903,43.67663],[-7.60953,43.67598]]],[[[-7.43561,43.69442],[-7.43606,43.69454],[-7.43539,43.69459],[-7.43561,43.69442]]],[[[-7.60473,43.69732],[-7.60524,43.69772],[-7.60433,43.69825],[-7.60473,43.69732]]],[[[-7.44147,43.70015],[-7.44442,43.70119],[-7.44244,43.70173],[-7.44147,43.70015]]],[[[-7.58371,43.69819],[-7.5849,43.69882],[-7.58348,43.69878],[-7.58371,43.69819]]],[[[-7.63264,43.75653],[-7.6345,43.75888],[-7.62913,43.76119],[-7.63264,43.75653]]],[[[-7.60418,43.71198],[-7.60372,43.71333],[-7.60304,43.71361],[-7.60418,43.71198]]],[[[-7.43877,43.71472],[-7.44166,43.71495],[-7.43698,43.71499],[-7.43877,43.71472]]],[[[-7.44136,43.71643],[-7.44236,43.71724],[-7.43783,43.7186],[-7.44136,43.71643]]],[[[-7.43677,43.71871],[-7.43648,43.71949],[-7.43629,43.71921],[-7.43677,43.71871]]],[[[-7.51312,43.72469],[-7.51333,43.72506],[-7.51269,43.72522],[-7.51312,43.72469]]],[[[-7.49105,43.72815],[-7.49199,43.72886],[-7.49039,43.72898],[-7.49105,43.72815]]],[[[-7.51719,43.7302],[-7.51758,43.73108],[-7.51678,43.73148],[-7.51719,43.7302]]],[[[-7.49043,43.7296],[-7.49418,43.73144],[-7.4902,43.73277],[-7.49043,43.7296]]],[[[-7.54692,43.73326],[-7.54714,43.73386],[-7.54678,43.73371],[-7.54692,43.73326]]],[[[-7.54772,43.73463],[-7.54801,43.73486],[-7.54759,43.73478],[-7.54772,43.73463]]],[[[-7.16326,43.55552],[-7.16343,43.55565],[-7.16314,43.55574],[-7.16326,43.55552]]],[[[-7.11939,43.55607],[-7.11955,43.55622],[-7.11937,43.55624],[-7.11939,43.55607]]],[[[-7.14531,43.55629],[-7.14554,43.55639],[-7.14516,43.55646],[-7.14531,43.55629]]],[[[-7.13915,43.55709],[-7.13903,43.55802],[-7.13858,43.55814],[-7.13915,43.55709]]],[[[-7.11821,43.56144],[-7.11773,43.56219],[-7.1178,43.56163],[-7.11821,43.56144]]],[[[-7.17915,43.56215],[-7.17906,43.56246],[-7.17879,43.56247],[-7.17915,43.56215]]]]}},{"type":"Feature","id":"28","properties":{"code":"28","name":"Madrid","nationalCode":"34132800000"},"geometry":{"type":"MultiPolygon","coordinates":[[[[-4.57908,40.2172],[-4.56091,40.22279],[-4.56879,40.25871],[-4.52938,40.29312],[-4.54623,40.34183],[-4.52679,40.34487],[-4.50488,40.31534],[-4.45576,40.31935],[-4.4606,40.34138],[-4.43864,40.35272],[-4.44373,40.3857],[-4.42173,40.40623],[-4.32109,40.41031],[-4.3235,40.42346],[-4.34125,40.42868],[-4.33223,40.44877],[-4.3197,40.45198],[-4.32524,40.4601],[-4.31568,40.46477],[-4.32737,40.50723],[-4.32013,40.5306],[-4.32822,40.53376],[-4.3237,40.54958],[-4.28926,40.56419],[-4.27857,40.60317],[-4.29006,40.60768],[-4.29071,40.62782],[-4.2711,40.62902],[-4.26214,40.60518],[-4.24544,40.60245],[-4.16118,40.62346],[-4.17285,40.63036],[-4.16657,40.65266],[-4.17157,40.68063],[-4.14437,40.69584],[-4.12076,40.73567],[-4.09699,40.74774],[-4.09625,40.76527],[-4.0767,40.78888],[-4.07009,40.79392],[-4.03239,40.78161],[-4.00364,40.78872],[-3.97968,40.78455],[-3.97996,40.79939],[-3.96212,40.82345],[-3.96551,40.83799],[-3.94711,40.86297],[-3.94235,40.88897],[-3.95228,40.89363],[-3.93706,40.91568],[-3.93795,40.92718],[-3.92176,40.92993],[-3.9072,40.9553],[-3.87904,40.9752],[-3.86996,40.97108],[-3.78137,41.00031],[-3.74045,41.05364],[-3.69768,41.08188],[-3.67606,41.0867],[-3.63349,41.12634],[-3.63278,41.13634],[-3.58272,41.16142],[-3.5439,41.16584],[-3.5367,41.16058],[-3.5411,41.14967],[-3.5023,41.12759],[-3.48875,41.09429],[-3.47515,41.09527],[-3.44839,41.08064],[-3.42581,41.0829],[-3.42601,41.06566],[-3.43893,41.04267],[-3.39445,41.00028],[-3.4183,40.98756],[-3.41623,40.97581],[-3.44885,40.92253],[-3.45129,40.91287],[-3.44406,40.90685],[-3.46058,40.90666],[-3.4606,40.89847],[-3.43959,40.89115],[-3.44483,40.8871],[-3.44049,40.87535],[-3.47267,40.8641],[-3.46581,40.8569],[-3.47633,40.85128],[-3.46975,40.84318],[-3.47919,40.83763],[-3.47739,40.82356],[-3.49194,40.79842],[-3.51157,40.7885],[-3.45901,40.78132],[-3.44434,40.76158],[-3.45042,40.73489],[-3.44188,40.73773],[-3.43494,40.72799],[-3.46855,40.68994],[-3.4417,40.67421],[-3.42673,40.67236],[-3.42559,40.68237],[-3.40473,40.66964],[-3.4007,40.69012],[-3.39335,40.69246],[-3.37292,40.67772],[-3.36232,40.65374],[-3.36632,40.64803],[-3.3456,40.63774],[-3.32717,40.64059],[-3.3165,40.65518],[-3.32368,40.62969],[-3.33852,40.62585],[-3.32164,40.61219],[-3.33142,40.60394],[-3.32827,40.59484],[-3.28407,40.56898],[-3.2831,40.55096],[-3.29713,40.53752],[-3.28932,40.53156],[-3.24992,40.54432],[-3.23119,40.53173],[-3.23141,40.53967],[-3.22286,40.52596],[-3.19995,40.51445],[-3.1986,40.44225],[-3.15551,40.43942],[-3.14737,40.41959],[-3.13056,40.40518],[-3.14334,40.38753],[-3.13829,40.37554],[-3.15343,40.3677],[-3.14121,40.35054],[-3.18286,40.30827],[-3.18421,40.26971],[-3.19721,40.25755],[-3.19445,40.24804],[-3.1734,40.23417],[-3.15372,40.26371],[-3.11267,40.28548],[-3.10153,40.27809],[-3.0797,40.22777],[-3.08576,40.18615],[-3.06785,40.15791],[-3.08928,40.16297],[-3.09676,40.14239],[-3.07237,40.13114],[-3.05298,40.09939],[-3.0888,40.07059],[-3.11819,40.06143],[-3.1616,40.06488],[-3.16608,40.09075],[-3.17795,40.09223],[-3.20745,40.06383],[-3.20096,40.06049],[-3.24362,40.05342],[-3.25434,40.05799],[-3.2577,40.05039],[-3.26478,40.0571],[-3.27487,40.04735],[-3.30249,40.05331],[-3.31179,40.06825],[-3.33442,40.08105],[-3.37771,40.07477],[-3.37578,40.05126],[-3.39153,40.04841],[-3.39301,40.03653],[-3.40107,40.03418],[-3.42442,40.04687],[-3.43035,40.03836],[-3.44597,40.03723],[-3.44833,40.04976],[-3.47007,40.0407],[-3.50686,40.04867],[-3.51727,40.04014],[-3.51971,40.02109],[-3.59001,40.01322],[-3.59534,40.00114],[-3.63799,39.98838],[-3.6345,39.96589],[-3.6616,39.96582],[-3.69759,39.94672],[-3.71111,39.95471],[-3.74387,39.9408],[-3.75658,39.92111],[-3.7788,39.91085],[-3.8044,39.88472],[-3.83455,39.89993],[-3.86833,39.90486],[-3.87543,39.91069],[-3.86745,39.91704],[-3.87519,39.92874],[-3.84004,39.94196],[-3.83204,39.93156],[-3.82438,39.94729],[-3.80955,39.95397],[-3.78335,39.9448],[-3.78633,39.95474],[-3.7636,39.96752],[-3.75797,39.95834],[-3.77068,39.95061],[-3.75449,39.9504],[-3.75888,39.96887],[-3.72794,39.96454],[-3.72371,39.97062],[-3.73804,39.96871],[-3.74662,39.98075],[-3.73408,39.9755],[-3.73488,39.9851],[-3.72009,39.98444],[-3.72239,40.00042],[-3.69989,40.01954],[-3.67949,40.01612],[-3.66617,40.03521],[-3.65066,40.03175],[-3.64726,40.04163],[-3.63609,40.04163],[-3.63966,40.05002],[-3.62191,40.05487],[-3.61657,40.06881],[-3.62895,40.07827],[-3.61036,40.08187],[-3.60374,40.09279],[-3.61632,40.09486],[-3.60763,40.10897],[-3.65633,40.12534],[-3.66731,40.14329],[-3.68372,40.13227],[-3.72222,40.14771],[-3.74438,40.13222],[-3.77045,40.1394],[-3.78324,40.16161],[-3.8046,40.17684],[-3.83419,40.16135],[-3.87632,40.19122],[-3.91171,40.19009],[-3.93114,40.20398],[-3.95,40.18912],[-3.9563,40.19908],[-3.95287,40.2128],[-3.991,40.20948],[-4.02616,40.23561],[-4.02398,40.24895],[-4.05208,40.25153],[-4.07289,40.26545],[-4.08046,40.26694],[-4.10427,40.24183],[-4.14577,40.24518],[-4.15073,40.24923],[-4.14399,40.26462],[-4.16451,40.27059],[-4.17248,40.2881],[-4.19087,40.29735],[-4.20381,40.2873],[-4.20323,40.26882],[-4.22632,40.26988],[-4.23148,40.27667],[-4.24925,40.27275],[-4.26977,40.23587],[-4.29519,40.21888],[-4.3066,40.22203],[-4.30799,40.23388],[-4.32152,40.2263],[-4.33384,40.23842],[-4.34849,40.23675],[-4.34538,40.25379],[-4.35842,40.27666],[-4.35639,40.30862],[-4.38011,40.31834],[-4.38717,40.30117],[-4.38348,40.28905],[-4.42717,40.25756],[-4.43525,40.25913],[-4.43743,40.2367],[-4.50979,40.21919],[-4.52791,40.20009],[-4.57491,40.20658],[-4.57908,40.2172]],[[-3.38214,40.63047],[-3.37405,40.64025],[-3.36361,40.63842],[-3.37173,40.62577],[-3.38214,40.63047]]],[[[-4.31951,40.64766],[-4.32412,40.65803],[-4.28997,40.68056],[-4.26744,40.67455],[-4.25388,40.66189],[-4.25604,40.65146],[-4.31951,40.64766]]]]}},{"type":"Feature","id":"29","properties":{"code":"29","name":"Málaga","nationalCode":"34012900000"},"geometry":{"type":"Polygon","coordinates":[[[-4.58989,36.57132],[-4.61115,36.55542],[-4.63672,36.50788],[-4.67584,36.50351],[-4.69471,36.49005],[-4.74328,36.48275],[-4.85613,36.50676],[-4.91218,36.50557],[-5.00589,36.45953],[-5.08166,36.45039],[-5.10839,36.43378],[-5.14035,36.42599],[-5.15649,36.41187],[-5.17343,36.41596],[-5.22004,36.37541],[-5.2503,36.31028],[-5.27783,36.33712],[-5.32008,36.32507],[-5.31516,36.34334],[-5.33512,36.37052],[-5.33497,36.39488],[-5.34716,36.41865],[-5.39555,36.46958],[-5.4129,36.52034],[-5.4289,36.53359],[-5.45651,36.53847],[-5.46551,36.52871],[-5.47372,36.53715],[-5.49142,36.53722],[-5.52303,36.49845],[-5.5598,36.50372],[-5.57216,36.51265],[-5.60792,36.51203],[-5.61178,36.5416],[-5.59512,36.55091],[-5.54164,36.53766],[-5.53707,36.52715],[-5.52333,36.53112],[-5.50206,36.54761],[-5.48955,36.57046],[-5.46082,36.58878],[-5.45591,36.61958],[-5.4385,36.61417],[-5.38072,36.63178],[-5.33382,36.67239],[-5.32403,36.67334],[-5.3304,36.67932],[-5.31871,36.69048],[-5.32762,36.69489],[-5.32463,36.72401],[-5.29093,36.77517],[-5.31982,36.78673],[-5.34071,36.81942],[-5.33251,36.8386],[-5.30629,36.85759],[-5.30158,36.86964],[-5.26978,36.88422],[-5.2663,36.87533],[-5.22538,36.85658],[-5.22201,36.84272],[-5.17226,36.82351],[-5.13407,36.83856],[-5.10508,36.89794],[-5.08677,36.90509],[-5.11012,36.95933],[-5.09558,36.9683],[-5.14238,37.00386],[-5.12284,37.02769],[-5.11223,37.01911],[-5.08331,37.03147],[-5.05309,37.0306],[-5.03358,37.04893],[-5.02408,37.04598],[-5.02671,37.05168],[-4.98008,37.06883],[-4.95227,37.09436],[-4.92145,37.10433],[-4.90828,37.11528],[-4.90284,37.1376],[-4.94266,37.15759],[-4.9396,37.1757],[-4.92516,37.17066],[-4.90511,37.18186],[-4.89762,37.15603],[-4.88045,37.16327],[-4.8755,37.15819],[-4.8567,37.17357],[-4.85386,37.19859],[-4.82591,37.20071],[-4.81934,37.19205],[-4.82742,37.18695],[-4.79922,37.17231],[-4.80112,37.15996],[-4.79419,37.15349],[-4.76001,37.17726],[-4.70861,37.1977],[-4.71127,37.20687],[-4.72721,37.21111],[-4.73231,37.22615],[-4.71795,37.23989],[-4.73575,37.24483],[-4.71969,37.2597],[-4.71403,37.25284],[-4.69103,37.25185],[-4.65876,37.25774],[-4.64461,37.2467],[-4.61419,37.25542],[-4.61436,37.24322],[-4.59628,37.22505],[-4.6023,37.20924],[-4.57621,37.20916],[-4.56117,37.21931],[-4.53947,37.2113],[-4.49934,37.23035],[-4.49808,37.22333],[-4.49116,37.23858],[-4.47755,37.24473],[-4.48572,37.25198],[-4.47704,37.25736],[-4.46414,37.25208],[-4.46824,37.25754],[-4.45697,37.25844],[-4.44404,37.27795],[-4.43302,37.27391],[-4.41912,37.2822],[-4.40737,37.27379],[-4.38037,37.27572],[-4.37606,37.25722],[-4.38257,37.23155],[-4.37164,37.2152],[-4.32263,37.20452],[-4.33221,37.19116],[-4.28707,37.11952],[-4.27251,37.0149],[-4.25193,37.02298],[-4.23133,37.01694],[-4.21542,36.99177],[-4.16662,36.95702],[-4.09973,36.95272],[-4.08996,36.93215],[-4.06124,36.9199],[-4.04569,36.90286],[-3.92952,36.88288],[-3.9186,36.86808],[-3.89056,36.86755],[-3.86761,36.85068],[-3.82717,36.85553],[-3.76814,36.80195],[-3.76663,36.78538],[-3.78228,36.76445],[-3.7781,36.73765],[-3.79231,36.74636],[-3.84472,36.75355],[-3.88421,36.74071],[-3.92029,36.74081],[-3.95726,36.72609],[-4.00495,36.74113],[-4.07204,36.74863],[-4.10794,36.72567],[-4.17726,36.71518],[-4.32729,36.71139],[-4.39519,36.72222],[-4.41233,36.71432],[-4.41453,36.69869],[-4.41323,36.71777],[-4.41846,36.71717],[-4.41824,36.70108],[-4.42754,36.70131],[-4.4257,36.71002],[-4.43361,36.70158],[-4.4414,36.68107],[-4.48179,36.63938],[-4.51199,36.59282],[-4.51402,36.5977],[-4.5388,36.57859],[-4.58989,36.57132]]]}},{"type":"Feature","id":"30","properties":{"code":"30","name":"Murcia","nationalCode":"34143000000"},"geometry":{"type":"MultiPolygon","coordinates":[[[[-1.84839,37.46098],[-1.95378,37.58795],[-1.95528,37.60086],[-1.97681,37.61873],[-1.98307,37.63894],[-2.01192,37.67254],[-2.00765,37.71979],[-1.99583,37.72805],[-2.00884,37.77495],[-1.99528,37.84139],[-1.97422,37.86847],[-1.99497,37.88028],[-2.02156,37.8682],[-2.05709,37.88085],[-2.09727,37.8769],[-2.12489,37.90028],[-2.17215,37.88865],[-2.19467,37.90975],[-2.24738,37.93422],[-2.28369,37.96941],[-2.29837,38.0028],[-2.3412,38.02587],[-2.32988,38.06624],[-2.26567,38.10884],[-2.2118,38.20334],[-2.16831,38.22641],[-2.11288,38.23768],[-2.08243,38.2657],[-2.06326,38.29749],[-2.04857,38.30569],[-1.98258,38.28118],[-1.90745,38.2977],[-1.851,38.33337],[-1.82633,38.33347],[-1.81125,38.35129],[-1.78408,38.35585],[-1.79501,38.36903],[-1.77049,38.36423],[-1.77062,38.37894],[-1.75483,38.37251],[-1.74421,38.38084],[-1.71939,38.36313],[-1.70384,38.37474],[-1.68788,38.3656],[-1.68147,38.34953],[-1.69201,38.34703],[-1.69331,38.33764],[-1.66983,38.31183],[-1.58958,38.30995],[-1.55857,38.32512],[-1.54176,38.34306],[-1.47857,38.3763],[-1.47992,38.47986],[-1.49875,38.53213],[-1.48775,38.56323],[-1.4521,38.58151],[-1.44334,38.63697],[-1.44764,38.64963],[-1.42174,38.67706],[-1.3665,38.70401],[-1.34307,38.67741],[-1.28383,38.70721],[-1.24966,38.73861],[-1.18362,38.7551],[-1.11964,38.73774],[-1.11578,38.71141],[-1.0261,38.65567],[-1.00145,38.57263],[-1.026,38.52282],[-1.01396,38.49673],[-1.05937,38.45575],[-1.09412,38.43795],[-1.07721,38.43147],[-1.08537,38.42915],[-1.08776,38.40687],[-1.0843,38.3462],[-1.02822,38.33845],[-0.98899,38.32068],[-0.96765,38.27566],[-0.98887,38.19926],[-1.03675,38.13771],[-1.0226,38.07569],[-0.90018,37.92313],[-0.83032,37.86438],[-0.80378,37.85929],[-0.78122,37.84468],[-0.76233,37.84663],[-0.75777,37.82346],[-0.75086,37.82181],[-0.75827,37.81784],[-0.75221,37.7882],[-0.77576,37.81911],[-0.79628,37.8105],[-0.80316,37.79718],[-0.79802,37.78479],[-0.82698,37.75534],[-0.84483,37.74804],[-0.85983,37.72276],[-0.85703,37.71336],[-0.80277,37.6582],[-0.75054,37.64178],[-0.74422,37.63322],[-0.72768,37.63479],[-0.71979,37.64882],[-0.72615,37.66027],[-0.74027,37.65952],[-0.72992,37.662],[-0.74574,37.70599],[-0.73901,37.73733],[-0.74562,37.74825],[-0.73354,37.74654],[-0.74548,37.74897],[-0.74999,37.78057],[-0.75795,37.77987],[-0.74647,37.78075],[-0.74012,37.77234],[-0.74506,37.7588],[-0.72142,37.74003],[-0.73306,37.74692],[-0.72945,37.7386],[-0.73824,37.73461],[-0.74092,37.70989],[-0.73146,37.67849],[-0.70972,37.64131],[-0.68829,37.63276],[-0.70222,37.63026],[-0.71776,37.6069],[-0.73185,37.6015],[-0.78238,37.59465],[-0.82001,37.57502],[-0.85004,37.5821],[-0.87715,37.57711],[-0.87903,37.57001],[-0.91922,37.55404],[-0.97176,37.55965],[-0.97942,37.56693],[-0.97326,37.56139],[-0.9666,37.56251],[-0.97099,37.56921],[-0.96136,37.56352],[-0.95048,37.56831],[-0.97582,37.57726],[-0.97531,37.58852],[-0.98354,37.58908],[-0.97311,37.5972],[-0.98974,37.60141],[-0.99352,37.59549],[-0.98404,37.58429],[-1.00146,37.58969],[-0.99925,37.58422],[-1.00991,37.58584],[-1.0053,37.58364],[-1.01794,37.57284],[-1.07402,37.58415],[-1.09579,37.56884],[-1.10865,37.56937],[-1.12715,37.55213],[-1.11106,37.53408],[-1.16647,37.54208],[-1.17415,37.56312],[-1.21348,37.57535],[-1.24623,37.57609],[-1.25748,37.56639],[-1.25575,37.55758],[-1.32618,37.56273],[-1.39085,37.52474],[-1.40159,37.50722],[-1.42796,37.50374],[-1.45968,37.48657],[-1.48152,37.45255],[-1.4842,37.43527],[-1.47652,37.43141],[-1.48622,37.42292],[-1.51901,37.43178],[-1.54718,37.41046],[-1.55964,37.4113],[-1.55913,37.40466],[-1.5908,37.4021],[-1.62676,37.3739],[-1.73708,37.44263],[-1.81176,37.45156],[-1.80856,37.43353],[-1.84839,37.46098]]],[[[-1.62325,37.37813],[-1.62323,37.37838],[-1.62307,37.37818],[-1.62325,37.37813]]],[[[-1.54751,37.4074],[-1.54731,37.4096],[-1.54366,37.40889],[-1.54751,37.4074]]],[[[-0.65361,37.65195],[-0.65351,37.65231],[-0.65317,37.65221],[-0.65361,37.65195]]],[[[-0.64945,37.65496],[-0.64907,37.65605],[-0.64808,37.65653],[-0.64945,37.65496]]],[[[-0.69813,37.73142],[-0.69833,37.7319],[-0.69761,37.73172],[-0.69813,37.73142]]],[[[-0.74425,37.77847],[-0.74419,37.77867],[-0.7439,37.77864],[-0.74425,37.77847]]],[[[-0.74445,37.77951],[-0.74432,37.78045],[-0.74406,37.77988],[-0.74445,37.77951]]],[[[-1.50211,37.4295],[-1.50208,37.42971],[-1.50198,37.42972],[-1.50211,37.4295]]],[[[-1.49487,37.42216],[-1.49506,37.42225],[-1.49489,37.42231],[-1.49487,37.42216]]],[[[-1.52929,37.42205],[-1.52974,37.42241],[-1.52911,37.42235],[-1.52929,37.42205]]],[[[-1.46847,37.47043],[-1.46851,37.47105],[-1.46788,37.47165],[-1.46847,37.47043]]],[[[-1.46836,37.47287],[-1.4685,37.473],[-1.46825,37.47296],[-1.46836,37.47287]]],[[[-0.68883,37.63202],[-0.68882,37.63209],[-0.68868,37.63215],[-0.68883,37.63202]]],[[[-0.68866,37.6322],[-0.68864,37.63233],[-0.68859,37.63225],[-0.68866,37.6322]]],[[[-0.68791,37.63275],[-0.68757,37.63306],[-0.68756,37.63281],[-0.68791,37.63275]]],[[[-0.68696,37.63336],[-0.68701,37.63346],[-0.68688,37.63354],[-0.68696,37.63336]]],[[[-0.6884,37.63224],[-0.68833,37.63232],[-0.68827,37.63227],[-0.6884,37.63224]]],[[[-0.68805,37.63316],[-0.68813,37.63334],[-0.68797,37.63338],[-0.68805,37.63316]]],[[[-0.68931,37.63184],[-0.68935,37.63199],[-0.6891,37.63195],[-0.68931,37.63184]]],[[[-0.70859,37.61814],[-0.7085,37.6185],[-0.70838,37.61822],[-0.70859,37.61814]]],[[[-0.70873,37.61898],[-0.70916,37.61965],[-0.70841,37.61923],[-0.70873,37.61898]]],[[[-0.70561,37.62363],[-0.70587,37.62396],[-0.7055,37.624],[-0.70561,37.62363]]],[[[-0.70178,37.62385],[-0.70206,37.62391],[-0.70182,37.62398],[-0.70178,37.62385]]],[[[-0.70197,37.62406],[-0.70197,37.62426],[-0.70185,37.62414],[-0.70197,37.62406]]],[[[-0.70298,37.62411],[-0.7032,37.62448],[-0.70256,37.62449],[-0.70298,37.62411]]],[[[-0.70283,37.62555],[-0.7029,37.62572],[-0.70263,37.6259],[-0.70283,37.62555]]],[[[-0.6944,37.62927],[-0.69452,37.62966],[-0.69406,37.62988],[-0.6944,37.62927]]],[[[-0.6934,37.62958],[-0.69311,37.63005],[-0.69304,37.62972],[-0.6934,37.62958]]],[[[-0.68976,37.63119],[-0.68964,37.63137],[-0.68948,37.63139],[-0.68976,37.63119]]],[[[-0.68971,37.63209],[-0.68981,37.63213],[-0.68975,37.63224],[-0.68971,37.63209]]],[[[-0.69084,37.63125],[-0.69092,37.63137],[-0.69082,37.63129],[-0.69084,37.63125]]],[[[-0.68938,37.63143],[-0.68949,37.63152],[-0.68923,37.63156],[-0.68938,37.63143]]],[[[-0.69098,37.63166],[-0.69114,37.63174],[-0.69092,37.63182],[-0.69098,37.63166]]],[[[-0.68961,37.63197],[-0.68955,37.63207],[-0.68944,37.63203],[-0.68961,37.63197]]],[[[-0.96773,37.55855],[-0.97175,37.55934],[-0.96778,37.56011],[-0.96773,37.55855]]],[[[-1.2667,37.55473],[-1.26916,37.55703],[-1.26659,37.55759],[-1.2667,37.55473]]],[[[-1.32794,37.55628],[-1.32839,37.55654],[-1.32796,37.55719],[-1.32794,37.55628]]],[[[-1.11879,37.56166],[-1.11893,37.56181],[-1.1185,37.56177],[-1.11879,37.56166]]],[[[-1.09442,37.5698],[-1.09448,37.56994],[-1.09423,37.56989],[-1.09442,37.5698]]],[[[-1.04188,37.56969],[-1.04205,37.56984],[-1.0414,37.57014],[-1.04188,37.56969]]],[[[-1.04189,37.57011],[-1.04252,37.57092],[-1.04085,37.57097],[-1.04189,37.57011]]],[[[-1.20823,37.5707],[-1.20794,37.57235],[-1.20744,37.57103],[-1.20823,37.5707]]],[[[-1.02249,37.57317],[-1.02256,37.57321],[-1.02246,37.57323],[-1.02249,37.57317]]],[[[-1.02255,37.57293],[-1.02261,37.57305],[-1.02237,37.57311],[-1.02255,37.57293]]],[[[-1.02265,37.57309],[-1.02278,37.57316],[-1.02264,37.57325],[-1.02265,37.57309]]],[[[-1.02198,37.57345],[-1.02208,37.57353],[-1.02198,37.57357],[-1.02198,37.57345]]],[[[-1.01474,37.5742],[-1.01467,37.5744],[-1.01463,37.57424],[-1.01474,37.5742]]],[[[-0.97201,37.57498],[-0.97211,37.57513],[-0.97193,37.57517],[-0.97201,37.57498]]],[[[-1.01176,37.57637],[-1.0118,37.57656],[-1.01162,37.57649],[-1.01176,37.57637]]],[[[-0.97802,37.58124],[-0.978,37.58138],[-0.97789,37.58129],[-0.97802,37.58124]]],[[[-0.97734,37.58072],[-0.97743,37.58083],[-0.97725,37.58085],[-0.97734,37.58072]]],[[[-0.9765,37.58074],[-0.97653,37.58083],[-0.97642,37.58084],[-0.9765,37.58074]]],[[[-0.97775,37.58103],[-0.97786,37.58109],[-0.97774,37.58109],[-0.97775,37.58103]]],[[[-0.68738,37.63341],[-0.68724,37.63361],[-0.68729,37.63346],[-0.68738,37.63341]]],[[[-0.68859,37.63377],[-0.68867,37.63385],[-0.68846,37.63392],[-0.68859,37.63377]]],[[[-0.68821,37.63574],[-0.68821,37.63595],[-0.68785,37.63598],[-0.68821,37.63574]]],[[[-0.68886,37.63638],[-0.68906,37.63652],[-0.68879,37.6365],[-0.68886,37.63638]]],[[[-0.68855,37.63666],[-0.68867,37.63667],[-0.68866,37.63675],[-0.68855,37.63666]]],[[[-0.71884,37.66443],[-0.71824,37.66502],[-0.71833,37.66462],[-0.71884,37.66443]]],[[[-0.74092,37.66851],[-0.74038,37.67049],[-0.73898,37.66939],[-0.74092,37.66851]]],[[[-0.74922,37.66484],[-0.74941,37.66615],[-0.74765,37.66569],[-0.74922,37.66484]]],[[[-0.70805,37.72519],[-0.70927,37.73028],[-0.70612,37.73045],[-0.70805,37.72519]]],[[[-0.75846,37.77924],[-0.75895,37.77983],[-0.75807,37.77943],[-0.75846,37.77924]]],[[[-0.74437,37.78065],[-0.74475,37.78105],[-0.74429,37.78112],[-0.74437,37.78065]]],[[[-0.75726,37.78027],[-0.7595,37.78226],[-0.75727,37.78242],[-0.75726,37.78027]]],[[[-0.77005,37.69018],[-0.77615,37.69568],[-0.77194,37.7029],[-0.76461,37.69371],[-0.77005,37.69018]]],[[[-0.79755,37.69601],[-0.80334,37.70281],[-0.79662,37.70203],[-0.79755,37.69601]]],[[[-0.75568,37.72202],[-0.75568,37.7222],[-0.75531,37.72219],[-0.75568,37.72202]]],[[[-0.74501,37.78118],[-0.74566,37.78154],[-0.74464,37.78163],[-0.74501,37.78118]]],[[[-0.74571,37.78173],[-0.74554,37.78282],[-0.74511,37.78218],[-0.74571,37.78173]]],[[[-0.74566,37.78325],[-0.7459,37.78433],[-0.74535,37.78372],[-0.74566,37.78325]]],[[[-0.74637,37.78548],[-0.74648,37.78558],[-0.74634,37.78561],[-0.74637,37.78548]]],[[[-0.74708,37.786],[-0.74721,37.78633],[-0.7466,37.7864],[-0.74708,37.786]]],[[[-0.74783,37.78726],[-0.74781,37.78746],[-0.74747,37.78748],[-0.74783,37.78726]]],[[[-0.75957,37.78249],[-0.76052,37.78455],[-0.75768,37.78427],[-0.75957,37.78249]]],[[[-0.75719,37.78509],[-0.75838,37.78607],[-0.75726,37.78553],[-0.75719,37.78509]]],[[[-0.7555,37.7829],[-0.75884,37.78871],[-0.75362,37.78359],[-0.7555,37.7829]]],[[[-0.75931,37.78624],[-0.75937,37.78632],[-0.75924,37.78626],[-0.75931,37.78624]]],[[[-0.75868,37.78626],[-0.75874,37.78635],[-0.75855,37.78634],[-0.75868,37.78626]]],[[[-0.75914,37.7863],[-0.75935,37.78647],[-0.75875,37.78644],[-0.75914,37.7863]]],[[[-0.75862,37.78649],[-0.75926,37.78661],[-0.75919,37.78704],[-0.75862,37.78649]]],[[[-0.75813,37.78642],[-0.75915,37.78737],[-0.75819,37.78725],[-0.75813,37.78642]]],[[[-0.75785,37.78729],[-0.75795,37.78729],[-0.75789,37.78731],[-0.75785,37.78729]]],[[[-0.74785,37.78789],[-0.74837,37.78828],[-0.748,37.78935],[-0.74785,37.78789]]],[[[-0.75949,37.78474],[-0.76164,37.78854],[-0.75919,37.78881],[-0.75949,37.78474]]],[[[-0.76147,37.78871],[-0.76249,37.79064],[-0.75905,37.79037],[-0.76147,37.78871]]],[[[-0.75679,37.79151],[-0.75678,37.79155],[-0.75672,37.79154],[-0.75679,37.79151]]],[[[-0.75688,37.79159],[-0.75726,37.79172],[-0.75694,37.79177],[-0.75688,37.79159]]],[[[-0.76147,37.79168],[-0.76197,37.79219],[-0.76132,37.79189],[-0.76147,37.79168]]],[[[-0.7576,37.79204],[-0.75768,37.79216],[-0.75756,37.79216],[-0.7576,37.79204]]],[[[-0.76239,37.7932],[-0.76234,37.79403],[-0.76219,37.7936],[-0.76239,37.7932]]],[[[-0.76049,37.84546],[-0.76084,37.84609],[-0.7606,37.84607],[-0.76049,37.84546]]],[[[-0.76086,37.847],[-0.76097,37.84714],[-0.76077,37.84704],[-0.76086,37.847]]],[[[-0.76223,37.79247],[-0.76244,37.79305],[-0.76227,37.79279],[-0.76223,37.79247]]],[[[-0.75787,37.79225],[-0.75818,37.79242],[-0.75792,37.79244],[-0.75787,37.79225]]],[[[-0.75939,37.79219],[-0.75939,37.79255],[-0.75921,37.79261],[-0.75939,37.79219]]],[[[-0.75832,37.79239],[-0.75854,37.79291],[-0.75779,37.79259],[-0.75832,37.79239]]]]}},{"type":"Feature","id":"31","properties":{"code":"31","name":"Navarra","nationalCode":"34153100000"},"geometry":{"type":"MultiPolygon","coordinates":[[[[-1.90924,42.05912],[-1.89203,42.08599],[-1.84028,42.12813],[-1.83242,42.14823],[-1.82162,42.15357],[-1.779,42.1377],[-1.76471,42.15041],[-1.73974,42.14974],[-1.71989,42.13344],[-1.67966,42.15169],[-1.6938,42.15844],[-1.7009,42.17312],[-1.67953,42.19114],[-1.70424,42.19203],[-1.70924,42.20999],[-1.80233,42.22343],[-1.81955,42.23208],[-1.81922,42.24864],[-1.82973,42.24414],[-1.84979,42.25925],[-1.85576,42.24965],[-1.87228,42.25267],[-1.8762,42.25899],[-1.86621,42.2754],[-1.87066,42.28897],[-1.91382,42.30011],[-1.90706,42.30847],[-1.91897,42.31614],[-1.91851,42.32696],[-1.93152,42.32219],[-1.94229,42.33518],[-1.96452,42.33382],[-1.96959,42.3525],[-1.97864,42.34989],[-1.99552,42.36361],[-2.00606,42.36083],[-2.01602,42.3693],[-2.06998,42.34252],[-2.08996,42.34697],[-2.07864,42.36813],[-2.09281,42.37582],[-2.08912,42.38499],[-2.11551,42.39908],[-2.10508,42.41594],[-2.1119,42.41996],[-2.15178,42.41863],[-2.17504,42.40777],[-2.18611,42.41877],[-2.21651,42.416],[-2.21208,42.42135],[-2.23497,42.42615],[-2.24096,42.44183],[-2.27639,42.44667],[-2.28801,42.46736],[-2.29688,42.46814],[-2.29872,42.45741],[-2.32999,42.4688],[-2.33646,42.46458],[-2.33184,42.45401],[-2.34423,42.45154],[-2.35261,42.46564],[-2.36363,42.46163],[-2.37664,42.47282],[-2.40001,42.47143],[-2.42058,42.48923],[-2.42375,42.50963],[-2.3922,42.51695],[-2.40105,42.5385],[-2.38995,42.54906],[-2.39675,42.5991],[-2.42112,42.60712],[-2.45324,42.56711],[-2.46221,42.58739],[-2.49063,42.58536],[-2.50008,42.61648],[-2.48307,42.61216],[-2.45459,42.63486],[-2.45008,42.64725],[-2.4158,42.66268],[-2.37626,42.65071],[-2.38166,42.64737],[-2.37212,42.64338],[-2.38195,42.6343],[-2.34489,42.63451],[-2.33218,42.64618],[-2.28848,42.65507],[-2.29358,42.67794],[-2.3093,42.67115],[-2.31686,42.6825],[-2.31285,42.70868],[-2.32401,42.72377],[-2.31685,42.73935],[-2.30439,42.73576],[-2.26217,42.74846],[-2.28101,42.78513],[-2.2687,42.79472],[-2.26769,42.81341],[-2.23371,42.84051],[-2.24098,42.88563],[-2.25307,42.89277],[-2.23776,42.896],[-2.23557,42.92661],[-2.21551,42.93689],[-2.21026,42.94991],[-2.19236,42.94903],[-2.18096,42.93513],[-2.11763,42.94225],[-2.10373,42.94926],[-2.09524,42.97255],[-2.03834,42.98099],[-2.02831,42.99884],[-2.04139,43.0297],[-2.02044,43.04673],[-2.02282,43.06519],[-1.97515,43.08339],[-1.97158,43.09325],[-1.94753,43.09753],[-1.90195,43.13585],[-1.92069,43.15063],[-1.91415,43.22517],[-1.90326,43.21131],[-1.89017,43.20728],[-1.88724,43.21462],[-1.88191,43.20679],[-1.87387,43.22031],[-1.88066,43.22063],[-1.88093,43.22878],[-1.86769,43.2305],[-1.86058,43.21209],[-1.84936,43.22793],[-1.83366,43.22435],[-1.81926,43.23869],[-1.79498,43.24693],[-1.79391,43.27646],[-1.78324,43.28682],[-1.72937,43.29382],[-1.69439,43.31212],[-1.66801,43.31479],[-1.62518,43.30672],[-1.62142,43.3001],[-1.63002,43.28503],[-1.60871,43.25199],[-1.57566,43.24994],[-1.55636,43.27938],[-1.56408,43.28878],[-1.53532,43.29467],[-1.50598,43.29335],[-1.49241,43.28079],[-1.43783,43.26686],[-1.41365,43.27367],[-1.38219,43.25005],[-1.37779,43.23044],[-1.38666,43.19487],[-1.38141,43.18968],[-1.40223,43.1779],[-1.40219,43.15603],[-1.41615,43.1494],[-1.40999,43.14288],[-1.41408,43.1283],[-1.47135,43.09178],[-1.47224,43.08156],[-1.44121,43.04635],[-1.35417,43.02812],[-1.34256,43.05445],[-1.34465,43.09454],[-1.31964,43.11279],[-1.27298,43.11877],[-1.29964,43.09243],[-1.30897,43.07117],[-1.26962,43.05512],[-1.26275,43.04402],[-1.24779,43.04286],[-1.22923,43.05569],[-1.21259,43.05169],[-1.18117,43.03225],[-1.17437,43.03731],[-1.1456,43.02582],[-1.14186,43.00737],[-1.11468,43.02393],[-1.08317,43.01065],[-1.08127,43.00064],[-1.01212,42.99258],[-0.99821,42.97603],[-0.9451,42.95345],[-0.90851,42.96448],[-0.89615,42.95531],[-0.86477,42.95095],[-0.80958,42.95137],[-0.76751,42.96899],[-0.75187,42.96713],[-0.74356,42.9506],[-0.73079,42.94516],[-0.73362,42.93077],[-0.72449,42.92023],[-0.78321,42.92173],[-0.81909,42.90067],[-0.81363,42.8882],[-0.81853,42.86937],[-0.85683,42.84689],[-0.85144,42.80759],[-0.86001,42.79856],[-0.84753,42.78592],[-0.86484,42.76335],[-0.90054,42.76047],[-0.9005,42.74309],[-0.92298,42.744],[-0.94868,42.71145],[-1.02798,42.70006],[-1.03919,42.69163],[-1.03249,42.6756],[-1.03681,42.65164],[-1.05193,42.64259],[-1.15205,42.64788],[-1.15712,42.61089],[-1.17192,42.61706],[-1.17978,42.61062],[-1.15803,42.59915],[-1.20192,42.57824],[-1.20279,42.54966],[-1.22617,42.54224],[-1.26477,42.5568],[-1.28814,42.52279],[-1.29348,42.51096],[-1.28673,42.49853],[-1.27511,42.49576],[-1.27278,42.4819],[-1.28136,42.46445],[-1.31521,42.44922],[-1.34151,42.42394],[-1.3599,42.37804],[-1.35061,42.37007],[-1.33622,42.37201],[-1.32908,42.35539],[-1.39908,42.2913],[-1.39137,42.27212],[-1.41753,42.21237],[-1.39191,42.18142],[-1.39888,42.12622],[-1.36676,42.10696],[-1.35228,42.07307],[-1.31059,42.07231],[-1.30482,42.04295],[-1.33952,42.01801],[-1.37435,41.962],[-1.38599,41.95725],[-1.38223,41.94334],[-1.40355,41.93508],[-1.41076,41.91896],[-1.42178,41.91307],[-1.50176,41.92428],[-1.50612,41.91586],[-1.53445,41.91047],[-1.59625,41.92709],[-1.61482,41.95053],[-1.65415,41.96535],[-1.66364,41.95999],[-1.67546,41.96675],[-1.68682,41.95285],[-1.71522,41.95696],[-1.74136,41.96837],[-1.7669,41.99579],[-1.79234,41.98969],[-1.81035,41.99802],[-1.8337,41.99506],[-1.8464,42.00801],[-1.85523,42.0026],[-1.88295,42.02633],[-1.90158,42.02968],[-1.90924,42.05912]]],[[[-1.18282,42.4239],[-1.14497,42.44187],[-1.15877,42.40966],[-1.18596,42.40186],[-1.18282,42.4239]]],[[[-1.12936,42.44672],[-1.10285,42.48433],[-1.09166,42.48573],[-1.05096,42.44192],[-1.05841,42.43398],[-1.12936,42.44672]]]]}},{"type":"Feature","id":"32","properties":{"code":"32","name":"Ourense","nationalCode":"34123200000"},"geometry":{"type":"Polygon","coordinates":[[[-7.03404,42.07155],[-7.01183,42.05242],[-6.97479,42.05516],[-6.9731,42.03911],[-6.9611,42.02791],[-6.99111,41.98834],[-6.98576,41.97098],[-7.00624,41.95057],[-7.07343,41.95],[-7.0875,41.97348],[-7.14145,41.99076],[-7.15837,41.97627],[-7.17817,41.98006],[-7.18707,41.96951],[-7.18213,41.95214],[-7.18956,41.94186],[-7.17343,41.91905],[-7.19673,41.87998],[-7.31501,41.84283],[-7.35644,41.84053],[-7.36578,41.85279],[-7.39042,41.84238],[-7.39759,41.82637],[-7.42824,41.80723],[-7.42584,41.83022],[-7.44374,41.83937],[-7.45249,41.86509],[-7.48526,41.8613],[-7.49129,41.87125],[-7.50222,41.86939],[-7.5133,41.86212],[-7.50548,41.85076],[-7.52128,41.84175],[-7.61143,41.82919],[-7.61158,41.84673],[-7.60176,41.86668],[-7.58408,41.87568],[-7.58586,41.88186],[-7.65386,41.8812],[-7.70084,41.90767],[-7.73335,41.89228],[-7.7635,41.89901],[-7.78692,41.8841],[-7.84518,41.88128],[-7.84151,41.86648],[-7.86631,41.85888],[-7.8728,41.84486],[-7.89221,41.85952],[-7.88348,41.91869],[-7.89267,41.92726],[-7.90897,41.92288],[-7.92097,41.87902],[-7.94824,41.87095],[-7.98086,41.87237],[-8.01326,41.82882],[-8.03701,41.83049],[-8.05754,41.81617],[-8.09387,41.80895],[-8.16511,41.81827],[-8.1617,41.86064],[-8.17061,41.87905],[-8.19972,41.87402],[-8.21702,41.91363],[-8.19835,41.93974],[-8.17524,41.95507],[-8.16348,41.98271],[-8.14059,41.98879],[-8.1276,42.00542],[-8.08546,42.01698],[-8.08429,42.04737],[-8.09689,42.07181],[-8.11852,42.08211],[-8.14911,42.07987],[-8.17634,42.06658],[-8.1873,42.07463],[-8.18889,42.14373],[-8.19904,42.15441],[-8.18166,42.15774],[-8.16117,42.17915],[-8.17605,42.1857],[-8.17969,42.20992],[-8.19226,42.20912],[-8.16461,42.22144],[-8.17267,42.23519],[-8.16184,42.24411],[-8.20345,42.24452],[-8.22946,42.23293],[-8.26458,42.25286],[-8.2729,42.28241],[-8.26195,42.31538],[-8.2848,42.31766],[-8.30523,42.33998],[-8.3247,42.34505],[-8.31746,42.3563],[-8.3245,42.36921],[-8.3147,42.38098],[-8.33826,42.43343],[-8.34202,42.4657],[-8.36634,42.48735],[-8.35262,42.48076],[-8.34049,42.4924],[-8.30273,42.49021],[-8.27476,42.50839],[-8.26373,42.52568],[-8.23886,42.53851],[-8.21758,42.53386],[-8.17386,42.57197],[-8.14684,42.54867],[-8.0905,42.55776],[-8.05938,42.54869],[-8.04844,42.55491],[-8.01863,42.54222],[-7.99249,42.5725],[-7.96701,42.5664],[-7.928,42.57853],[-7.91156,42.55607],[-7.89004,42.5502],[-7.88873,42.53813],[-7.92401,42.52504],[-7.9016,42.52136],[-7.91318,42.50839],[-7.87541,42.51095],[-7.87789,42.50262],[-7.8615,42.50411],[-7.84208,42.49051],[-7.81879,42.49166],[-7.80131,42.48003],[-7.76503,42.49396],[-7.74831,42.47999],[-7.78835,42.47348],[-7.7889,42.466],[-7.75273,42.45103],[-7.73917,42.45663],[-7.71318,42.45238],[-7.69787,42.42954],[-7.66214,42.42303],[-7.63141,42.40705],[-7.61907,42.38489],[-7.57612,42.40487],[-7.54196,42.38444],[-7.50758,42.38678],[-7.46583,42.40716],[-7.44693,42.40709],[-7.39925,42.43556],[-7.3699,42.42136],[-7.30694,42.42945],[-7.29083,42.41458],[-7.26943,42.41493],[-7.24781,42.38991],[-7.22007,42.38719],[-7.22965,42.37661],[-7.23093,42.35914],[-7.20267,42.3257],[-7.19052,42.36404],[-7.17185,42.37923],[-7.1662,42.40445],[-7.14688,42.42183],[-7.14927,42.43616],[-7.09974,42.45878],[-7.10027,42.46786],[-7.07619,42.49675],[-7.07707,42.508],[-7.04575,42.50778],[-7.02869,42.49786],[-7.00096,42.5057],[-6.97854,42.49325],[-6.96009,42.51776],[-6.9322,42.52054],[-6.86056,42.48909],[-6.84918,42.48672],[-6.83704,42.49549],[-6.82325,42.49128],[-6.80832,42.46861],[-6.82277,42.45291],[-6.82178,42.4333],[-6.81427,42.42735],[-6.82481,42.42589],[-6.82096,42.42141],[-6.83128,42.40835],[-6.84351,42.40585],[-6.8208,42.38564],[-6.77865,42.38099],[-6.76654,42.36505],[-6.73395,42.35911],[-6.74115,42.29866],[-6.76503,42.27274],[-6.767,42.25746],[-6.79078,42.25296],[-6.80308,42.23904],[-6.78699,42.21591],[-6.79664,42.20897],[-6.80249,42.21875],[-6.84364,42.22831],[-6.88656,42.21454],[-6.90085,42.18947],[-6.94385,42.17186],[-6.94865,42.13559],[-6.98948,42.12154],[-6.98973,42.10149],[-7.00252,42.09711],[-7.00212,42.0846],[-7.01972,42.08329],[-7.03404,42.07155]]]}},{"type":"Feature","id":"33","properties":{"code":"33","name":"Asturias","nationalCode":"34033300000"},"geometry":{"type":"MultiPolygon","coordinates":[[[[-4.57674,43.39575],[-4.53423,43.39991],[-4.51243,43.39328],[-4.5105,43.38138],[-4.52115,43.36615],[-4.53438,43.36768],[-4.53143,43.35912],[-4.53992,43.35607],[-4.53434,43.35322],[-4.5386,43.34347],[-4.523,43.33809],[-4.52243,43.27904],[-4.54737,43.26898],[-4.55176,43.28672],[-4.60756,43.29863],[-4.63654,43.2755],[-4.63157,43.26708],[-4.70604,43.26687],[-4.73094,43.25734],[-4.72101,43.22951],[-4.73078,43.2232],[-4.73362,43.19102],[-4.74297,43.18453],[-4.77899,43.19208],[-4.81897,43.17912],[-4.84102,43.18078],[-4.83955,43.18966],[-4.86082,43.20532],[-4.87101,43.22802],[-4.90855,43.23797],[-4.98035,43.20029],[-4.99641,43.18533],[-4.99762,43.17026],[-5.02146,43.18351],[-5.0409,43.18468],[-5.05947,43.17433],[-5.07663,43.17895],[-5.07536,43.1669],[-5.0939,43.14299],[-5.10174,43.10185],[-5.14068,43.10292],[-5.1478,43.11512],[-5.2166,43.08449],[-5.2685,43.08756],[-5.28212,43.07743],[-5.3115,43.08416],[-5.32694,43.07957],[-5.34145,43.08378],[-5.34369,43.09385],[-5.36914,43.09458],[-5.3831,43.08724],[-5.39045,43.04934],[-5.47852,43.05491],[-5.4938,43.02124],[-5.50629,43.02857],[-5.54019,43.01835],[-5.56978,43.02208],[-5.57477,43.0321],[-5.6367,43.03501],[-5.6931,43.05634],[-5.72826,43.04249],[-5.76641,42.98588],[-5.76028,42.97267],[-5.80401,42.96262],[-5.84298,42.96426],[-5.86173,42.98169],[-5.88849,42.97919],[-5.88719,42.99409],[-5.90792,42.9906],[-5.93345,43.01072],[-5.95653,43.01763],[-5.96966,43.04083],[-5.96216,43.05294],[-5.97384,43.06531],[-5.98895,43.06722],[-5.99633,43.05792],[-6.02093,43.05379],[-6.08129,43.0759],[-6.09185,43.06692],[-6.08982,43.03815],[-6.09596,43.03128],[-6.13667,43.02099],[-6.1784,43.0478],[-6.21556,43.0472],[-6.22984,43.02303],[-6.22681,43.00891],[-6.2637,43.01608],[-6.28519,43.03637],[-6.29517,43.02691],[-6.32649,43.03133],[-6.33316,43.04649],[-6.35909,43.05958],[-6.37355,43.04111],[-6.39705,43.03832],[-6.39435,43.01661],[-6.41111,43.01693],[-6.40737,42.99942],[-6.42413,42.98762],[-6.4371,42.99303],[-6.44644,42.98217],[-6.47814,42.9912],[-6.47301,42.96775],[-6.43364,42.96416],[-6.44161,42.94731],[-6.4331,42.93976],[-6.47859,42.93356],[-6.48977,42.92025],[-6.51058,42.92873],[-6.53564,42.92162],[-6.54123,42.91251],[-6.6065,42.9161],[-6.61293,42.92455],[-6.62858,42.91949],[-6.63878,42.92546],[-6.72266,42.91748],[-6.75667,42.88306],[-6.77285,42.88254],[-6.77067,42.89862],[-6.83576,42.91634],[-6.84183,42.92845],[-6.83578,42.95771],[-6.8711,42.98858],[-6.91,42.9899],[-6.94082,43.01152],[-6.94686,43.03256],[-6.95678,43.03656],[-6.96475,43.02666],[-6.95604,42.99603],[-6.96221,42.99051],[-6.9969,43.01957],[-6.98217,43.04141],[-6.97254,43.03038],[-6.96507,43.03477],[-6.96209,43.05225],[-6.96885,43.05688],[-6.93869,43.08651],[-6.91555,43.07326],[-6.89429,43.09173],[-6.87165,43.09102],[-6.82761,43.12315],[-6.82212,43.14333],[-6.83855,43.16578],[-6.86198,43.18204],[-6.8699,43.17998],[-6.86743,43.19009],[-6.88738,43.16617],[-6.88588,43.15683],[-6.93731,43.13966],[-6.94137,43.13172],[-6.95708,43.1349],[-6.98077,43.16655],[-6.9649,43.18754],[-6.97102,43.20425],[-7.00144,43.20728],[-7.00958,43.22288],[-7.02005,43.21324],[-7.06159,43.24405],[-7.07151,43.27122],[-7.05978,43.30533],[-7.10093,43.30381],[-7.11523,43.32617],[-7.13121,43.33135],[-7.12753,43.3726],[-7.13844,43.3834],[-7.15956,43.37472],[-7.18249,43.39246],[-7.16876,43.40478],[-7.17641,43.4142],[-7.17284,43.43023],[-7.10269,43.42701],[-7.10036,43.4409],[-7.08625,43.44358],[-7.09022,43.45527],[-7.04733,43.47744],[-7.04523,43.51482],[-7.03319,43.54473],[-7.02199,43.54889],[-7.02942,43.55648],[-7.02322,43.55958],[-6.97406,43.55675],[-6.95369,43.56853],[-6.94795,43.5636],[-6.94632,43.57493],[-6.93277,43.56964],[-6.92538,43.57499],[-6.87626,43.56241],[-6.86608,43.57051],[-6.85382,43.57048],[-6.85159,43.56266],[-6.82831,43.56638],[-6.81109,43.55446],[-6.78496,43.556],[-6.78282,43.56512],[-6.76695,43.56879],[-6.75856,43.56133],[-6.73347,43.56446],[-6.72205,43.55598],[-6.7095,43.56411],[-6.68476,43.55866],[-6.62631,43.5729],[-6.61414,43.56167],[-6.60347,43.56608],[-6.59848,43.55403],[-6.54249,43.55476],[-6.5333,43.54523],[-6.532,43.55072],[-6.4745,43.55026],[-6.47023,43.57116],[-6.42975,43.55276],[-6.39686,43.56045],[-6.35577,43.55115],[-6.25595,43.57779],[-6.24249,43.58882],[-6.24451,43.59518],[-6.21995,43.57937],[-6.20914,43.58514],[-6.20306,43.57291],[-6.18821,43.57954],[-6.192,43.56984],[-6.18571,43.5637],[-6.15447,43.57073],[-6.11299,43.55543],[-6.10587,43.56224],[-6.09251,43.55832],[-6.07737,43.57041],[-6.07793,43.5643],[-6.06603,43.56589],[-6.01727,43.58826],[-5.99665,43.57409],[-5.95633,43.57976],[-5.94186,43.58822],[-5.94633,43.59265],[-5.92955,43.58868],[-5.94803,43.59716],[-5.91801,43.60537],[-5.9138,43.6244],[-5.88774,43.62314],[-5.86667,43.63132],[-5.85917,43.63646],[-5.85885,43.65513],[-5.84101,43.66065],[-5.82987,43.64004],[-5.81134,43.64249],[-5.80992,43.63257],[-5.7831,43.6313],[-5.78287,43.61916],[-5.79097,43.6142],[-5.77093,43.60815],[-5.75558,43.58337],[-5.71197,43.56862],[-5.69798,43.57558],[-5.69593,43.56754],[-5.67611,43.57098],[-5.69135,43.56107],[-5.70126,43.56615],[-5.69556,43.55012],[-5.68372,43.55775],[-5.6933,43.54504],[-5.67916,43.54124],[-5.66481,43.54976],[-5.6477,43.54197],[-5.61757,43.55902],[-5.59708,43.54785],[-5.52888,43.54567],[-5.51824,43.55183],[-5.49378,43.54402],[-5.41325,43.55487],[-5.39741,43.54995],[-5.38822,43.52974],[-5.38798,43.53594],[-5.38556,43.53014],[-5.37181,43.5397],[-5.35332,43.53088],[-5.2954,43.53516],[-5.26536,43.51856],[-5.26825,43.50699],[-5.21623,43.4749],[-5.12352,43.48461],[-5.11512,43.47653],[-5.08644,43.47613],[-5.07339,43.46619],[-5.05716,43.46919],[-5.03704,43.46068],[-4.9851,43.46153],[-4.98279,43.45492],[-4.9751,43.46227],[-4.93653,43.45698],[-4.92607,43.46239],[-4.87474,43.44161],[-4.83929,43.44657],[-4.83684,43.43337],[-4.83322,43.43981],[-4.81293,43.43954],[-4.80819,43.43157],[-4.76609,43.4293],[-4.74021,43.41501],[-4.69838,43.41256],[-4.69931,43.40479],[-4.68087,43.40923],[-4.61895,43.39524],[-4.57674,43.39575]]],[[[-4.5561,43.39481],[-4.55674,43.3952],[-4.55611,43.39519],[-4.5561,43.39481]]],[[[-4.57074,43.3943],[-4.57099,43.3945],[-4.57053,43.39453],[-4.57074,43.3943]]],[[[-4.572,43.3945],[-4.57254,43.39469],[-4.57204,43.39478],[-4.572,43.3945]]],[[[-4.5686,43.39333],[-4.56894,43.3935],[-4.56817,43.39353],[-4.5686,43.39333]]],[[[-4.55999,43.3936],[-4.5604,43.39386],[-4.55986,43.39388],[-4.55999,43.3936]]],[[[-4.56189,43.39347],[-4.56219,43.39349],[-4.5622,43.3937],[-4.56189,43.39347]]],[[[-4.56528,43.39355],[-4.5656,43.39355],[-4.56584,43.39396],[-4.56528,43.39355]]],[[[-4.56304,43.39368],[-4.56313,43.39397],[-4.56254,43.39382],[-4.56304,43.39368]]],[[[-4.57571,43.39536],[-4.5758,43.39581],[-4.57549,43.39584],[-4.57571,43.39536]]],[[[-4.57597,43.39625],[-4.57633,43.39633],[-4.57583,43.3964],[-4.57597,43.39625]]],[[[-4.61534,43.39666],[-4.61536,43.39705],[-4.61477,43.39684],[-4.61534,43.39666]]],[[[-4.57569,43.39688],[-4.5759,43.39695],[-4.57508,43.39712],[-4.57569,43.39688]]],[[[-4.57509,43.39757],[-4.57652,43.39825],[-4.57528,43.40014],[-4.57509,43.39757]]],[[[-4.62336,43.40209],[-4.62464,43.4023],[-4.624,43.40251],[-4.62336,43.40209]]],[[[-4.62549,43.39897],[-4.62579,43.39916],[-4.62528,43.39922],[-4.62549,43.39897]]],[[[-4.62935,43.39896],[-4.62965,43.3993],[-4.62939,43.39933],[-4.62935,43.39896]]],[[[-4.62868,43.39918],[-4.6292,43.39925],[-4.62834,43.39938],[-4.62868,43.39918]]],[[[-4.62837,43.39954],[-4.6289,43.39968],[-4.62825,43.39977],[-4.62837,43.39954]]],[[[-4.64203,43.40433],[-4.64263,43.40464],[-4.64219,43.40466],[-4.64203,43.40433]]],[[[-4.7093,43.41482],[-4.71021,43.41502],[-4.70813,43.41576],[-4.7093,43.41482]]],[[[-4.73923,43.41659],[-4.73929,43.41688],[-4.73909,43.41685],[-4.73923,43.41659]]],[[[-4.72926,43.41654],[-4.72915,43.41709],[-4.72821,43.41703],[-4.72926,43.41654]]],[[[-4.73743,43.41673],[-4.73838,43.41783],[-4.73771,43.41795],[-4.73743,43.41673]]],[[[-4.72964,43.41729],[-4.73003,43.41739],[-4.72885,43.41772],[-4.72964,43.41729]]],[[[-4.73082,43.41706],[-4.73167,43.4184],[-4.7299,43.41854],[-4.73082,43.41706]]],[[[-4.74409,43.41778],[-4.74429,43.41808],[-4.74407,43.41808],[-4.74409,43.41778]]],[[[-4.76318,43.42577],[-4.76391,43.42594],[-4.76277,43.42586],[-4.76318,43.42577]]],[[[-4.78258,43.43312],[-4.78351,43.43329],[-4.78271,43.43336],[-4.78258,43.43312]]],[[[-4.77587,43.43272],[-4.77607,43.43377],[-4.77495,43.43369],[-4.77587,43.43272]]],[[[-4.77678,43.4327],[-4.77753,43.43284],[-4.77699,43.43308],[-4.77678,43.4327]]],[[[-4.77804,43.43293],[-4.77842,43.43306],[-4.77793,43.43305],[-4.77804,43.43293]]],[[[-4.77566,43.43406],[-4.77611,43.43448],[-4.77537,43.43433],[-4.77566,43.43406]]],[[[-4.8034,43.43545],[-4.80404,43.43605],[-4.80314,43.43596],[-4.8034,43.43545]]],[[[-4.79639,43.43343],[-4.79808,43.43453],[-4.79634,43.43432],[-4.79639,43.43343]]],[[[-4.78968,43.43288],[-4.79134,43.43536],[-4.78765,43.43502],[-4.78968,43.43288]]],[[[-4.80931,43.437],[-4.81151,43.4387],[-4.80839,43.4384],[-4.80931,43.437]]],[[[-4.81926,43.43926],[-4.81958,43.43975],[-4.81916,43.44002],[-4.81926,43.43926]]],[[[-4.8232,43.43714],[-4.82382,43.43839],[-4.82249,43.43874],[-4.8232,43.43714]]],[[[-4.83053,43.44008],[-4.83092,43.4406],[-4.83025,43.44051],[-4.83053,43.44008]]],[[[-4.82527,43.44035],[-4.82565,43.44065],[-4.82484,43.44076],[-4.82527,43.44035]]],[[[-4.83621,43.44247],[-4.83661,43.44262],[-4.83618,43.44265],[-4.83621,43.44247]]],[[[-4.86033,43.44473],[-4.86052,43.44498],[-4.86033,43.44515],[-4.86033,43.44473]]],[[[-4.85934,43.44585],[-4.86007,43.4464],[-4.85939,43.44657],[-4.85934,43.44585]]],[[[-4.84532,43.44627],[-4.84559,43.44645],[-4.84531,43.44668],[-4.84532,43.44627]]],[[[-4.8479,43.44573],[-4.84885,43.44583],[-4.84794,43.44613],[-4.8479,43.44573]]],[[[-4.84652,43.4458],[-4.84672,43.44612],[-4.84609,43.44598],[-4.84652,43.4458]]],[[[-4.89374,43.44924],[-4.89347,43.44968],[-4.89312,43.44966],[-4.89374,43.44924]]],[[[-4.89635,43.45085],[-4.89644,43.45111],[-4.89614,43.4512],[-4.89635,43.45085]]],[[[-4.91361,43.45454],[-4.91344,43.45479],[-4.9134,43.45456],[-4.91361,43.45454]]],[[[-4.82687,43.43759],[-4.82676,43.43889],[-4.82491,43.4384],[-4.82687,43.43759]]],[[[-7.02552,43.54757],[-7.026,43.54764],[-7.02553,43.54773],[-7.02552,43.54757]]],[[[-5.59073,43.54859],[-5.59167,43.54987],[-5.59043,43.54901],[-5.59073,43.54859]]],[[[-5.59767,43.54894],[-5.5985,43.54925],[-5.59815,43.54948],[-5.59767,43.54894]]],[[[-5.60244,43.54995],[-5.60261,43.55011],[-5.60233,43.55023],[-5.60244,43.54995]]],[[[-5.60553,43.55043],[-5.60569,43.5506],[-5.60533,43.55089],[-5.60553,43.55043]]],[[[-5.60749,43.55636],[-5.60772,43.5566],[-5.6071,43.55677],[-5.60749,43.55636]]],[[[-7.01348,43.55647],[-7.01395,43.55676],[-7.01373,43.55682],[-7.01348,43.55647]]],[[[-7.02389,43.55688],[-7.02415,43.55711],[-7.02382,43.55713],[-7.02389,43.55688]]],[[[-7.01,43.5565],[-7.01042,43.55674],[-7.00994,43.55674],[-7.01,43.5565]]],[[[-5.6158,43.55733],[-5.61594,43.55741],[-5.61572,43.55759],[-5.6158,43.55733]]],[[[-4.94969,43.46126],[-4.94965,43.46214],[-4.94906,43.46212],[-4.94969,43.46126]]],[[[-5.013,43.45961],[-5.01318,43.4597],[-5.01282,43.4598],[-5.013,43.45961]]],[[[-5.01316,43.46008],[-5.0133,43.46021],[-5.0131,43.46015],[-5.01316,43.46008]]],[[[-5.01295,43.46036],[-5.01302,43.46061],[-5.01265,43.46055],[-5.01295,43.46036]]],[[[-5.22226,43.48016],[-5.22261,43.48066],[-5.22194,43.4808],[-5.22226,43.48016]]],[[[-6.9886,43.55742],[-6.98866,43.55756],[-6.98837,43.55765],[-6.9886,43.55742]]],[[[-7.0086,43.55801],[-7.00882,43.55834],[-7.00838,43.55822],[-7.0086,43.55801]]],[[[-7.02025,43.55882],[-7.02052,43.55889],[-7.01995,43.55894],[-7.02025,43.55882]]],[[[-6.98806,43.55779],[-6.98916,43.55915],[-6.98656,43.5589],[-6.98806,43.55779]]],[[[-7.02244,43.56021],[-7.0225,43.56046],[-7.02206,43.56044],[-7.02244,43.56021]]],[[[-7.0218,43.56082],[-7.02205,43.56115],[-7.02159,43.56106],[-7.0218,43.56082]]],[[[-6.98822,43.56199],[-6.98862,43.56264],[-6.98782,43.56208],[-6.98822,43.56199]]],[[[-7.01857,43.55897],[-7.02013,43.55911],[-7.01912,43.55965],[-7.01857,43.55897]]],[[[-6.9869,43.55939],[-6.98718,43.56107],[-6.98467,43.56156],[-6.9869,43.55939]]],[[[-5.77067,43.60852],[-5.77101,43.60855],[-5.77097,43.60875],[-5.77067,43.60852]]],[[[-5.76516,43.60502],[-5.76678,43.6055],[-5.76774,43.60724],[-5.76516,43.60502]]],[[[-5.91545,43.60853],[-5.91529,43.60884],[-5.91516,43.60883],[-5.91545,43.60853]]],[[[-5.77576,43.60914],[-5.7759,43.60931],[-5.77561,43.60928],[-5.77576,43.60914]]],[[[-5.78421,43.61137],[-5.78435,43.61163],[-5.7834,43.61195],[-5.78421,43.61137]]],[[[-5.77945,43.6129],[-5.78079,43.61366],[-5.77983,43.61327],[-5.77945,43.6129]]],[[[-5.78667,43.61603],[-5.78663,43.61632],[-5.7861,43.61637],[-5.78667,43.61603]]],[[[-5.91551,43.62325],[-5.9152,43.6236],[-5.91527,43.62333],[-5.91551,43.62325]]],[[[-5.90467,43.62499],[-5.9047,43.62516],[-5.90449,43.62527],[-5.90467,43.62499]]],[[[-5.88995,43.62764],[-5.88999,43.62774],[-5.8897,43.62786],[-5.88995,43.62764]]],[[[-5.89692,43.62655],[-5.89709,43.62691],[-5.89693,43.62687],[-5.89692,43.62655]]],[[[-5.89747,43.62671],[-5.89744,43.6268],[-5.89719,43.62683],[-5.89747,43.62671]]],[[[-5.89654,43.6269],[-5.89672,43.62704],[-5.89663,43.62709],[-5.89654,43.6269]]],[[[-5.8903,43.6286],[-5.89035,43.62894],[-5.89014,43.62904],[-5.8903,43.6286]]],[[[-5.90028,43.62875],[-5.9004,43.62875],[-5.9004,43.62899],[-5.90028,43.62875]]],[[[-5.89008,43.62861],[-5.88998,43.62909],[-5.88945,43.62911],[-5.89008,43.62861]]],[[[-5.87852,43.62998],[-5.87875,43.63019],[-5.87861,43.63034],[-5.87852,43.62998]]],[[[-5.87942,43.63045],[-5.87943,43.63062],[-5.87905,43.63065],[-5.87942,43.63045]]],[[[-5.88083,43.6311],[-5.88081,43.63136],[-5.88051,43.63135],[-5.88083,43.6311]]],[[[-5.79307,43.63332],[-5.79301,43.63355],[-5.79292,43.63336],[-5.79307,43.63332]]],[[[-5.86259,43.64366],[-5.86273,43.64375],[-5.86252,43.64389],[-5.86259,43.64366]]],[[[-5.86644,43.64374],[-5.86649,43.64392],[-5.86626,43.64395],[-5.86644,43.64374]]],[[[-5.86881,43.63327],[-5.86874,43.63357],[-5.86853,43.63357],[-5.86881,43.63327]]],[[[-5.87204,43.63346],[-5.87219,43.63359],[-5.87208,43.63375],[-5.87204,43.63346]]],[[[-5.8803,43.63054],[-5.88034,43.63098],[-5.87979,43.63087],[-5.8803,43.63054]]],[[[-5.88063,43.6307],[-5.88075,43.63073],[-5.88065,43.63091],[-5.88063,43.6307]]],[[[-5.88114,43.63087],[-5.88127,43.63088],[-5.88098,43.63104],[-5.88114,43.63087]]],[[[-5.86202,43.64905],[-5.86211,43.6491],[-5.86188,43.64919],[-5.86202,43.64905]]],[[[-5.86369,43.64925],[-5.86383,43.64928],[-5.8637,43.64946],[-5.86369,43.64925]]],[[[-5.86242,43.64913],[-5.86198,43.64937],[-5.86211,43.64921],[-5.86242,43.64913]]],[[[-5.83456,43.6498],[-5.83472,43.64982],[-5.83461,43.65006],[-5.83456,43.6498]]],[[[-5.8344,43.65022],[-5.83437,43.65066],[-5.83424,43.65044],[-5.8344,43.65022]]],[[[-5.86324,43.65336],[-5.86333,43.65343],[-5.86313,43.65355],[-5.86324,43.65336]]],[[[-5.83465,43.64951],[-5.83484,43.6496],[-5.83464,43.64968],[-5.83465,43.64951]]],[[[-5.86346,43.64952],[-5.86351,43.64973],[-5.8633,43.64962],[-5.86346,43.64952]]],[[[-5.83348,43.65443],[-5.83368,43.65458],[-5.83348,43.65458],[-5.83348,43.65443]]],[[[-5.86033,43.65499],[-5.86056,43.65507],[-5.8603,43.65515],[-5.86033,43.65499]]],[[[-5.85854,43.65585],[-5.85862,43.65593],[-5.85831,43.65595],[-5.85854,43.65585]]],[[[-5.85899,43.65512],[-5.85913,43.65513],[-5.85905,43.65531],[-5.85899,43.65512]]],[[[-5.85814,43.65654],[-5.85826,43.65658],[-5.85797,43.65662],[-5.85814,43.65654]]],[[[-5.85946,43.65672],[-5.85959,43.65676],[-5.85925,43.6569],[-5.85946,43.65672]]],[[[-5.85554,43.65668],[-5.8563,43.65771],[-5.85579,43.65831],[-5.85554,43.65668]]],[[[-5.8547,43.658],[-5.85483,43.65801],[-5.85479,43.6582],[-5.8547,43.658]]],[[[-5.86356,43.66136],[-5.8638,43.66145],[-5.86365,43.66152],[-5.86356,43.66136]]],[[[-5.86717,43.66228],[-5.86715,43.66255],[-5.86706,43.66232],[-5.86717,43.66228]]],[[[-5.8669,43.66351],[-5.867,43.66357],[-5.86689,43.6637],[-5.8669,43.66351]]],[[[-5.86509,43.66382],[-5.86525,43.66397],[-5.86513,43.664],[-5.86509,43.66382]]],[[[-5.83826,43.66397],[-5.83791,43.66469],[-5.83757,43.66424],[-5.83826,43.66397]]],[[[-5.8656,43.66432],[-5.86551,43.6645],[-5.86543,43.66442],[-5.8656,43.66432]]],[[[-5.83753,43.66447],[-5.83729,43.66484],[-5.83726,43.66463],[-5.83753,43.66447]]],[[[-5.86498,43.66413],[-5.86531,43.66425],[-5.86476,43.66483],[-5.86498,43.66413]]],[[[-5.83944,43.66209],[-5.83957,43.6623],[-5.83909,43.66251],[-5.83944,43.66209]]],[[[-5.86286,43.66297],[-5.86286,43.66323],[-5.86271,43.66307],[-5.86286,43.66297]]],[[[-5.86274,43.66262],[-5.86285,43.66277],[-5.86272,43.66275],[-5.86274,43.66262]]],[[[-5.86714,43.66276],[-5.86697,43.66314],[-5.86693,43.66284],[-5.86714,43.66276]]],[[[-5.86405,43.66173],[-5.86598,43.66332],[-5.86343,43.66455],[-5.86405,43.66173]]],[[[-5.86134,43.66601],[-5.86151,43.66641],[-5.86099,43.66648],[-5.86134,43.66601]]],[[[-5.86448,43.66533],[-5.86474,43.6654],[-5.86455,43.66548],[-5.86448,43.66533]]],[[[-5.86522,43.6654],[-5.8654,43.66551],[-5.86518,43.66556],[-5.86522,43.6654]]],[[[-5.86141,43.66538],[-5.86156,43.66558],[-5.86142,43.66557],[-5.86141,43.66538]]],[[[-5.86187,43.66546],[-5.86192,43.66558],[-5.86174,43.66548],[-5.86187,43.66546]]],[[[-5.85952,43.65958],[-5.85966,43.65982],[-5.85941,43.6598],[-5.85952,43.65958]]],[[[-5.8606,43.66057],[-5.86077,43.6607],[-5.86052,43.66067],[-5.8606,43.66057]]],[[[-6.50922,43.54966],[-6.5091,43.54997],[-6.50832,43.55039],[-6.50922,43.54966]]],[[[-6.50813,43.55071],[-6.50771,43.55132],[-6.50699,43.55149],[-6.50813,43.55071]]],[[[-6.50034,43.5514],[-6.49992,43.55193],[-6.49928,43.55194],[-6.50034,43.5514]]],[[[-6.49174,43.5496],[-6.49163,43.55034],[-6.49119,43.54996],[-6.49174,43.5496]]],[[[-6.51385,43.55195],[-6.51403,43.55243],[-6.51282,43.55285],[-6.51385,43.55195]]],[[[-6.48607,43.55167],[-6.4866,43.55228],[-6.48584,43.55274],[-6.48607,43.55167]]],[[[-6.36728,43.55225],[-6.36746,43.55252],[-6.36716,43.55276],[-6.36728,43.55225]]],[[[-6.35009,43.55288],[-6.35029,43.55318],[-6.34997,43.55304],[-6.35009,43.55288]]],[[[-6.49937,43.55306],[-6.4997,43.55332],[-6.4994,43.55343],[-6.49937,43.55306]]],[[[-6.35925,43.55256],[-6.35948,43.55321],[-6.35882,43.55291],[-6.35925,43.55256]]],[[[-6.36406,43.55277],[-6.36422,43.55311],[-6.36412,43.55333],[-6.36406,43.55277]]],[[[-6.4304,43.5532],[-6.43056,43.55329],[-6.4302,43.55357],[-6.4304,43.5532]]],[[[-6.35962,43.55352],[-6.3596,43.55375],[-6.35938,43.55389],[-6.35962,43.55352]]],[[[-6.48343,43.55348],[-6.48326,43.5539],[-6.48272,43.55391],[-6.48343,43.55348]]],[[[-6.36169,43.55345],[-6.36182,43.55357],[-6.36153,43.55365],[-6.36169,43.55345]]],[[[-6.43123,43.55371],[-6.4314,43.55381],[-6.43116,43.55384],[-6.43123,43.55371]]],[[[-6.35879,43.55372],[-6.35891,43.55381],[-6.35869,43.55386],[-6.35879,43.55372]]],[[[-6.35896,43.55382],[-6.35908,43.55386],[-6.35898,43.55395],[-6.35896,43.55382]]],[[[-6.49786,43.55404],[-6.49824,43.55432],[-6.49776,43.55466],[-6.49786,43.55404]]],[[[-6.48269,43.55411],[-6.4831,43.55439],[-6.48256,43.55484],[-6.48269,43.55411]]],[[[-6.4299,43.55383],[-6.42997,43.5539],[-6.42985,43.55397],[-6.4299,43.55383]]],[[[-6.35986,43.55364],[-6.3605,43.55382],[-6.3598,43.55433],[-6.35986,43.55364]]],[[[-6.35928,43.55393],[-6.35916,43.55405],[-6.35915,43.55396],[-6.35928,43.55393]]],[[[-6.43344,43.5557],[-6.43366,43.55588],[-6.43336,43.55586],[-6.43344,43.5557]]],[[[-6.43258,43.55497],[-6.43275,43.55513],[-6.43248,43.55515],[-6.43258,43.55497]]],[[[-6.42497,43.5549],[-6.4249,43.55575],[-6.42448,43.55534],[-6.42497,43.5549]]],[[[-6.43299,43.55518],[-6.43259,43.5557],[-6.43258,43.55552],[-6.43299,43.55518]]],[[[-6.42435,43.55566],[-6.42449,43.55586],[-6.4243,43.55593],[-6.42435,43.55566]]],[[[-6.42021,43.55433],[-6.42039,43.55449],[-6.42023,43.55462],[-6.42021,43.55433]]],[[[-6.43231,43.55446],[-6.43231,43.55458],[-6.43207,43.55459],[-6.43231,43.55446]]],[[[-6.43234,43.55475],[-6.43211,43.55525],[-6.43177,43.55533],[-6.43234,43.55475]]],[[[-6.35796,43.55542],[-6.35794,43.55592],[-6.35739,43.55595],[-6.35796,43.55542]]],[[[-6.81103,43.55597],[-6.81117,43.55624],[-6.81101,43.55623],[-6.81103,43.55597]]],[[[-6.35806,43.55621],[-6.35826,43.55623],[-6.35815,43.55645],[-6.35806,43.55621]]],[[[-6.1197,43.55689],[-6.11982,43.5569],[-6.11988,43.557],[-6.1197,43.55689]]],[[[-6.80121,43.55691],[-6.80166,43.55709],[-6.80119,43.55717],[-6.80121,43.55691]]],[[[-6.43436,43.557],[-6.43442,43.55718],[-6.43427,43.55712],[-6.43436,43.557]]],[[[-6.47586,43.556],[-6.4759,43.55641],[-6.47507,43.55654],[-6.47586,43.556]]],[[[-6.43343,43.5563],[-6.43344,43.55666],[-6.43323,43.55645],[-6.43343,43.5563]]],[[[-6.41893,43.55644],[-6.41912,43.55664],[-6.41884,43.55663],[-6.41893,43.55644]]],[[[-6.36772,43.55657],[-6.36773,43.55672],[-6.36762,43.55666],[-6.36772,43.55657]]],[[[-6.81261,43.55675],[-6.81265,43.55685],[-6.81229,43.55703],[-6.81261,43.55675]]],[[[-6.40701,43.55715],[-6.40739,43.55726],[-6.40672,43.55729],[-6.40701,43.55715]]],[[[-6.43316,43.55675],[-6.43339,43.55691],[-6.43337,43.55728],[-6.43316,43.55675]]],[[[-6.43461,43.55719],[-6.43465,43.5574],[-6.43452,43.55739],[-6.43461,43.55719]]],[[[-6.43348,43.55728],[-6.43356,43.55729],[-6.4335,43.5574],[-6.43348,43.55728]]],[[[-6.81255,43.55736],[-6.81269,43.55745],[-6.81234,43.55753],[-6.81255,43.55736]]],[[[-6.80882,43.5573],[-6.80906,43.55737],[-6.80849,43.55754],[-6.80882,43.5573]]],[[[-6.38179,43.55722],[-6.38188,43.55741],[-6.38164,43.55748],[-6.38179,43.55722]]],[[[-6.11498,43.55733],[-6.11505,43.55741],[-6.11493,43.55746],[-6.11498,43.55733]]],[[[-6.38461,43.55725],[-6.38489,43.55759],[-6.38459,43.55784],[-6.38461,43.55725]]],[[[-6.43863,43.55748],[-6.43863,43.55761],[-6.43854,43.55756],[-6.43863,43.55748]]],[[[-6.11499,43.55756],[-6.11507,43.55767],[-6.11487,43.55759],[-6.11499,43.55756]]],[[[-6.37197,43.55756],[-6.37218,43.55769],[-6.37195,43.55773],[-6.37197,43.55756]]],[[[-6.78787,43.55748],[-6.78796,43.55768],[-6.78774,43.55776],[-6.78787,43.55748]]],[[[-6.10673,43.55849],[-6.10687,43.5585],[-6.10669,43.5586],[-6.10673,43.55849]]],[[[-6.11046,43.55773],[-6.11046,43.55783],[-6.11034,43.55782],[-6.11046,43.55773]]],[[[-6.3823,43.55821],[-6.38234,43.55845],[-6.38208,43.55849],[-6.3823,43.55821]]],[[[-6.37939,43.55834],[-6.37966,43.55853],[-6.37929,43.55857],[-6.37939,43.55834]]],[[[-6.11491,43.55773],[-6.11494,43.55782],[-6.11483,43.55779],[-6.11491,43.55773]]],[[[-6.38224,43.55743],[-6.38208,43.55793],[-6.3817,43.55774],[-6.38224,43.55743]]],[[[-6.8076,43.5577],[-6.80784,43.55799],[-6.80751,43.55809],[-6.8076,43.5577]]],[[[-6.38159,43.55787],[-6.38172,43.55789],[-6.38172,43.55803],[-6.38159,43.55787]]],[[[-6.4081,43.55761],[-6.40869,43.55786],[-6.40822,43.55792],[-6.4081,43.55761]]],[[[-6.43865,43.55772],[-6.43874,43.55779],[-6.43867,43.55787],[-6.43865,43.55772]]],[[[-6.38645,43.55778],[-6.38654,43.55804],[-6.38621,43.55815],[-6.38645,43.55778]]],[[[-6.11155,43.55794],[-6.1116,43.55809],[-6.11151,43.55805],[-6.11155,43.55794]]],[[[-6.80936,43.55786],[-6.80963,43.55801],[-6.80918,43.55817],[-6.80936,43.55786]]],[[[-6.38095,43.55782],[-6.38105,43.55817],[-6.3808,43.55811],[-6.38095,43.55782]]],[[[-6.37946,43.5579],[-6.37953,43.55799],[-6.37934,43.55813],[-6.37946,43.5579]]],[[[-6.11917,43.55796],[-6.11928,43.55802],[-6.11915,43.55806],[-6.11917,43.55796]]],[[[-6.11871,43.55806],[-6.11884,43.55805],[-6.11868,43.55817],[-6.11871,43.55806]]],[[[-6.38048,43.55757],[-6.38028,43.55867],[-6.37975,43.55799],[-6.38048,43.55757]]],[[[-6.37221,43.55804],[-6.37227,43.55816],[-6.37189,43.55828],[-6.37221,43.55804]]],[[[-6.11189,43.55814],[-6.11186,43.55832],[-6.11177,43.55815],[-6.11189,43.55814]]],[[[-6.11902,43.5581],[-6.11918,43.55829],[-6.11904,43.5583],[-6.11902,43.5581]]],[[[-6.40983,43.55808],[-6.41099,43.55824],[-6.40936,43.55837],[-6.40983,43.55808]]],[[[-6.78992,43.5581],[-6.79004,43.55833],[-6.78964,43.5584],[-6.78992,43.5581]]],[[[-6.80745,43.55817],[-6.80778,43.55827],[-6.80733,43.55839],[-6.80745,43.55817]]],[[[-6.34484,43.55832],[-6.34523,43.55859],[-6.34462,43.55862],[-6.34484,43.55832]]],[[[-6.1115,43.5584],[-6.11143,43.55865],[-6.11136,43.55842],[-6.1115,43.5584]]],[[[-6.41112,43.55847],[-6.41122,43.55865],[-6.41089,43.55866],[-6.41112,43.55847]]],[[[-6.42012,43.55858],[-6.42024,43.55869],[-6.42003,43.55872],[-6.42012,43.55858]]],[[[-6.10689,43.55863],[-6.10694,43.55884],[-6.10681,43.55884],[-6.10689,43.55863]]],[[[-6.41149,43.55875],[-6.41165,43.55889],[-6.41152,43.55889],[-6.41149,43.55875]]],[[[-6.80859,43.55869],[-6.80864,43.55893],[-6.80827,43.55898],[-6.80859,43.55869]]],[[[-6.41838,43.55878],[-6.41847,43.55887],[-6.41829,43.55889],[-6.41838,43.55878]]],[[[-6.41749,43.55875],[-6.4175,43.55887],[-6.41734,43.55895],[-6.41749,43.55875]]],[[[-6.41709,43.55873],[-6.41702,43.55893],[-6.41687,43.55893],[-6.41709,43.55873]]],[[[-6.41267,43.55881],[-6.41283,43.55888],[-6.41271,43.55896],[-6.41267,43.55881]]],[[[-6.41729,43.55878],[-6.41719,43.55892],[-6.41716,43.55883],[-6.41729,43.55878]]],[[[-6.36937,43.55881],[-6.36944,43.55899],[-6.36927,43.55894],[-6.36937,43.55881]]],[[[-6.40924,43.55874],[-6.40938,43.55897],[-6.40906,43.55905],[-6.40924,43.55874]]],[[[-6.37165,43.55879],[-6.37183,43.55895],[-6.37162,43.55912],[-6.37165,43.55879]]],[[[-6.43873,43.55894],[-6.43888,43.55906],[-6.43871,43.559],[-6.43873,43.55894]]],[[[-6.41981,43.55882],[-6.41989,43.559],[-6.41961,43.559],[-6.41981,43.55882]]],[[[-6.40831,43.55884],[-6.40832,43.55905],[-6.40809,43.55906],[-6.40831,43.55884]]],[[[-6.40077,43.55817],[-6.40101,43.55833],[-6.39992,43.55897],[-6.40077,43.55817]]],[[[-6.78993,43.55847],[-6.79012,43.55865],[-6.78971,43.55872],[-6.78993,43.55847]]],[[[-6.41216,43.55824],[-6.4125,43.55875],[-6.41207,43.55902],[-6.41216,43.55824]]],[[[-6.80848,43.5584],[-6.80864,43.55854],[-6.80779,43.55887],[-6.80848,43.5584]]],[[[-6.8005,43.55832],[-6.80077,43.55848],[-6.80079,43.55905],[-6.8005,43.55832]]],[[[-6.37224,43.55852],[-6.37237,43.55865],[-6.37221,43.55882],[-6.37224,43.55852]]],[[[-6.47625,43.55858],[-6.47626,43.5589],[-6.47593,43.55883],[-6.47625,43.55858]]],[[[-6.79619,43.55862],[-6.7962,43.55882],[-6.79556,43.55889],[-6.79619,43.55862]]],[[[-6.79473,43.55862],[-6.79512,43.55895],[-6.79465,43.55897],[-6.79473,43.55862]]],[[[-6.36766,43.55865],[-6.36777,43.55876],[-6.36762,43.55896],[-6.36766,43.55865]]],[[[-6.79231,43.55861],[-6.79263,43.55916],[-6.79178,43.55909],[-6.79231,43.55861]]],[[[-6.8162,43.55901],[-6.81635,43.55912],[-6.81584,43.55929],[-6.8162,43.55901]]],[[[-6.37087,43.55904],[-6.37101,43.55918],[-6.37084,43.55916],[-6.37087,43.55904]]],[[[-6.38885,43.55897],[-6.38864,43.55918],[-6.38864,43.55898],[-6.38885,43.55897]]],[[[-6.43867,43.55911],[-6.43888,43.55918],[-6.43876,43.55921],[-6.43867,43.55911]]],[[[-6.43908,43.55912],[-6.43943,43.55919],[-6.43927,43.55924],[-6.43908,43.55912]]],[[[-6.44293,43.5592],[-6.44296,43.5593],[-6.44288,43.55931],[-6.44293,43.5592]]],[[[-6.43997,43.55911],[-6.44012,43.55934],[-6.43988,43.55933],[-6.43997,43.55911]]],[[[-6.43865,43.55924],[-6.43877,43.55931],[-6.43858,43.5593],[-6.43865,43.55924]]],[[[-6.4375,43.55905],[-6.43762,43.5592],[-6.43741,43.55917],[-6.4375,43.55905]]],[[[-6.41342,43.55902],[-6.41329,43.55928],[-6.41325,43.55909],[-6.41342,43.55902]]],[[[-6.39963,43.5591],[-6.39985,43.55922],[-6.39964,43.55928],[-6.39963,43.5591]]],[[[-6.09236,43.56113],[-6.09236,43.56138],[-6.09225,43.56117],[-6.09236,43.56113]]],[[[-6.41913,43.56132],[-6.41916,43.56143],[-6.41898,43.56147],[-6.41913,43.56132]]],[[[-6.44398,43.56135],[-6.44397,43.56152],[-6.44376,43.5615],[-6.44398,43.56135]]],[[[-6.12502,43.56132],[-6.12538,43.56148],[-6.12521,43.56161],[-6.12502,43.56132]]],[[[-6.12805,43.56139],[-6.12803,43.56158],[-6.12794,43.56142],[-6.12805,43.56139]]],[[[-6.39636,43.56139],[-6.39649,43.56158],[-6.39611,43.5616],[-6.39636,43.56139]]],[[[-6.44035,43.56153],[-6.4405,43.56166],[-6.44029,43.56164],[-6.44035,43.56153]]],[[[-6.39771,43.56099],[-6.39793,43.56103],[-6.39778,43.56112],[-6.39771,43.56099]]],[[[-6.44017,43.56089],[-6.44025,43.56094],[-6.44017,43.56096],[-6.44017,43.56089]]],[[[-6.12812,43.56092],[-6.12809,43.56111],[-6.12798,43.56094],[-6.12812,43.56092]]],[[[-6.43927,43.56097],[-6.43935,43.5611],[-6.4392,43.56106],[-6.43927,43.56097]]],[[[-6.81814,43.56104],[-6.81831,43.56114],[-6.818,43.56133],[-6.81814,43.56104]]],[[[-6.12838,43.56117],[-6.1285,43.56119],[-6.12843,43.56127],[-6.12838,43.56117]]],[[[-6.39827,43.56101],[-6.39825,43.5612],[-6.39795,43.56118],[-6.39827,43.56101]]],[[[-6.4475,43.56109],[-6.44757,43.5613],[-6.44733,43.56156],[-6.4475,43.56109]]],[[[-6.44465,43.5611],[-6.44457,43.56128],[-6.44439,43.56134],[-6.44465,43.5611]]],[[[-6.0918,43.56192],[-6.09176,43.56218],[-6.09168,43.562],[-6.0918,43.56192]]],[[[-6.7838,43.56209],[-6.78412,43.56225],[-6.78348,43.5622],[-6.7838,43.56209]]],[[[-6.45212,43.56241],[-6.45223,43.56252],[-6.45201,43.56254],[-6.45212,43.56241]]],[[[-6.4517,43.56232],[-6.45177,43.5624],[-6.45158,43.56239],[-6.4517,43.56232]]],[[[-6.10739,43.56207],[-6.10752,43.56219],[-6.10739,43.56219],[-6.10739,43.56207]]],[[[-6.45175,43.56212],[-6.45177,43.56222],[-6.45159,43.56225],[-6.45175,43.56212]]],[[[-6.10509,43.56219],[-6.10508,43.5625],[-6.10496,43.56249],[-6.10509,43.56219]]],[[[-6.45124,43.56267],[-6.45134,43.56282],[-6.45117,43.56281],[-6.45124,43.56267]]],[[[-6.44747,43.56209],[-6.44758,43.56216],[-6.44739,43.5623],[-6.44747,43.56209]]],[[[-6.10653,43.56223],[-6.10655,43.56232],[-6.10641,43.56234],[-6.10653,43.56223]]],[[[-6.44498,43.56214],[-6.44537,43.56239],[-6.44479,43.5623],[-6.44498,43.56214]]],[[[-6.33187,43.56228],[-6.33171,43.5625],[-6.33152,43.56244],[-6.33187,43.56228]]],[[[-6.32832,43.56223],[-6.32866,43.56258],[-6.3281,43.56293],[-6.32832,43.56223]]],[[[-6.10629,43.56242],[-6.10642,43.56284],[-6.10624,43.56264],[-6.10629,43.56242]]],[[[-6.10761,43.56259],[-6.10766,43.56285],[-6.10749,43.56265],[-6.10761,43.56259]]],[[[-6.44818,43.56246],[-6.44773,43.56302],[-6.44785,43.56265],[-6.44818,43.56246]]],[[[-6.4464,43.56263],[-6.44663,43.56272],[-6.44654,43.56292],[-6.4464,43.56263]]],[[[-6.44484,43.56253],[-6.4449,43.56268],[-6.44478,43.56265],[-6.44484,43.56253]]],[[[-6.44515,43.56261],[-6.44506,43.5628],[-6.44491,43.56284],[-6.44515,43.56261]]],[[[-6.39588,43.56172],[-6.39611,43.56182],[-6.39588,43.5619],[-6.39588,43.56172]]],[[[-6.41561,43.56176],[-6.41573,43.56184],[-6.4156,43.56191],[-6.41561,43.56176]]],[[[-6.33802,43.56187],[-6.33836,43.56204],[-6.33813,43.56208],[-6.33802,43.56187]]],[[[-6.33259,43.56173],[-6.33272,43.56205],[-6.33186,43.56216],[-6.33259,43.56173]]],[[[-6.09607,43.55911],[-6.09695,43.55935],[-6.09599,43.56087],[-6.09607,43.55911]]],[[[-6.44228,43.55994],[-6.44241,43.56005],[-6.44227,43.56008],[-6.44228,43.55994]]],[[[-6.33923,43.55964],[-6.33849,43.56007],[-6.33889,43.55975],[-6.33923,43.55964]]],[[[-6.36982,43.55977],[-6.36988,43.55993],[-6.36975,43.55994],[-6.36982,43.55977]]],[[[-6.39132,43.5599],[-6.3915,43.56001],[-6.39134,43.56004],[-6.39132,43.5599]]],[[[-6.44381,43.55985],[-6.44387,43.55994],[-6.44365,43.56001],[-6.44381,43.55985]]],[[[-6.38974,43.55982],[-6.39001,43.56011],[-6.38976,43.56008],[-6.38974,43.55982]]],[[[-6.3943,43.5598],[-6.39447,43.56007],[-6.39423,43.56009],[-6.3943,43.5598]]],[[[-6.36977,43.55937],[-6.36969,43.5596],[-6.36964,43.55939],[-6.36977,43.55937]]],[[[-6.43887,43.55932],[-6.43893,43.55937],[-6.43887,43.55942],[-6.43887,43.55932]]],[[[-6.37121,43.55933],[-6.37136,43.55938],[-6.37123,43.55951],[-6.37121,43.55933]]],[[[-6.44051,43.55941],[-6.44058,43.55958],[-6.44036,43.55971],[-6.44051,43.55941]]],[[[-6.43852,43.55938],[-6.43866,43.55944],[-6.43842,43.55943],[-6.43852,43.55938]]],[[[-6.4375,43.55943],[-6.43768,43.55956],[-6.43743,43.55959],[-6.4375,43.55943]]],[[[-6.40783,43.55933],[-6.40811,43.5597],[-6.40776,43.55968],[-6.40783,43.55933]]],[[[-6.43826,43.55946],[-6.43833,43.55961],[-6.43818,43.55952],[-6.43826,43.55946]]],[[[-6.43876,43.55945],[-6.43887,43.55953],[-6.43865,43.55962],[-6.43876,43.55945]]],[[[-6.80676,43.55944],[-6.80748,43.55954],[-6.80682,43.55974],[-6.80676,43.55944]]],[[[-6.37027,43.55958],[-6.37044,43.55962],[-6.37023,43.55973],[-6.37027,43.55958]]],[[[-6.39197,43.55933],[-6.39218,43.55936],[-6.39152,43.55987],[-6.39197,43.55933]]],[[[-6.39059,43.55939],[-6.39068,43.5596],[-6.39019,43.55987],[-6.39059,43.55939]]],[[[-6.37196,43.55956],[-6.37206,43.55967],[-6.37179,43.55973],[-6.37196,43.55956]]],[[[-6.44077,43.55963],[-6.44094,43.55977],[-6.44073,43.5598],[-6.44077,43.55963]]],[[[-6.41899,43.55959],[-6.41905,43.55971],[-6.41877,43.55973],[-6.41899,43.55959]]],[[[-6.38018,43.55962],[-6.3803,43.55981],[-6.38011,43.55975],[-6.38018,43.55962]]],[[[-6.80597,43.55942],[-6.80646,43.55977],[-6.80589,43.56035],[-6.80597,43.55942]]],[[[-6.80396,43.55975],[-6.80437,43.55992],[-6.80389,43.56008],[-6.80396,43.55975]]],[[[-6.43792,43.55969],[-6.43806,43.5597],[-6.43804,43.55986],[-6.43792,43.55969]]],[[[-6.37057,43.55971],[-6.37072,43.55975],[-6.37058,43.55991],[-6.37057,43.55971]]],[[[-6.39915,43.55946],[-6.39921,43.55972],[-6.39841,43.56009],[-6.39915,43.55946]]],[[[-6.40996,43.55973],[-6.40965,43.55994],[-6.40975,43.55977],[-6.40996,43.55973]]],[[[-6.41097,43.55965],[-6.41088,43.56009],[-6.4107,43.55982],[-6.41097,43.55965]]],[[[-6.37002,43.55917],[-6.37001,43.55945],[-6.36989,43.55922],[-6.37002,43.55917]]],[[[-6.41911,43.55875],[-6.41879,43.55942],[-6.41817,43.5592],[-6.41911,43.55875]]],[[[-6.41124,43.55901],[-6.41139,43.55923],[-6.41105,43.55939],[-6.41124,43.55901]]],[[[-6.79665,43.55914],[-6.79687,43.55941],[-6.79653,43.55929],[-6.79665,43.55914]]],[[[-6.44301,43.5593],[-6.4431,43.55935],[-6.44306,43.55939],[-6.44301,43.5593]]],[[[-6.4406,43.55907],[-6.44044,43.55935],[-6.44013,43.55953],[-6.4406,43.55907]]],[[[-6.37904,43.55887],[-6.37961,43.55912],[-6.37913,43.55976],[-6.37904,43.55887]]],[[[-6.43906,43.5593],[-6.43906,43.55943],[-6.43898,43.55936],[-6.43906,43.5593]]],[[[-6.41786,43.55894],[-6.4187,43.55994],[-6.41662,43.56068],[-6.41786,43.55894]]],[[[-6.12334,43.56027],[-6.12334,43.56045],[-6.12323,43.56037],[-6.12334,43.56027]]],[[[-6.13056,43.56044],[-6.13069,43.56049],[-6.13059,43.56053],[-6.13056,43.56044]]],[[[-6.44427,43.56001],[-6.44432,43.56014],[-6.44422,43.56021],[-6.44427,43.56001]]],[[[-6.33954,43.55985],[-6.33946,43.56044],[-6.33881,43.56037],[-6.33954,43.55985]]],[[[-6.34113,43.55994],[-6.3416,43.56034],[-6.34115,43.56045],[-6.34113,43.55994]]],[[[-6.39241,43.55971],[-6.39245,43.56003],[-6.39214,43.56031],[-6.39241,43.55971]]],[[[-6.43822,43.55999],[-6.43832,43.56015],[-6.43814,43.56005],[-6.43822,43.55999]]],[[[-6.41007,43.55999],[-6.41029,43.56015],[-6.40999,43.56015],[-6.41007,43.55999]]],[[[-6.37047,43.56004],[-6.37062,43.5601],[-6.37044,43.56022],[-6.37047,43.56004]]],[[[-6.44269,43.56012],[-6.44283,43.56022],[-6.44265,43.56024],[-6.44269,43.56012]]],[[[-6.4375,43.56008],[-6.43764,43.56023],[-6.4374,43.56015],[-6.4375,43.56008]]],[[[-6.44034,43.5602],[-6.44025,43.56043],[-6.4402,43.56032],[-6.44034,43.5602]]],[[[-6.398,43.56022],[-6.39813,43.5603],[-6.39764,43.56046],[-6.398,43.56022]]],[[[-6.41893,43.56006],[-6.41932,43.56038],[-6.41908,43.56041],[-6.41893,43.56006]]],[[[-6.39953,43.56014],[-6.39978,43.5604],[-6.39937,43.56044],[-6.39953,43.56014]]],[[[-6.44433,43.56032],[-6.44444,43.56039],[-6.44436,43.56041],[-6.44433,43.56032]]],[[[-6.39438,43.56029],[-6.39479,43.56047],[-6.39439,43.56049],[-6.39438,43.56029]]],[[[-6.44029,43.56048],[-6.44035,43.56054],[-6.44025,43.56057],[-6.44029,43.56048]]],[[[-6.09965,43.56045],[-6.0998,43.56045],[-6.09974,43.56065],[-6.09965,43.56045]]],[[[-6.12725,43.56015],[-6.12736,43.56032],[-6.12718,43.56069],[-6.12725,43.56015]]],[[[-6.79441,43.56002],[-6.79494,43.56074],[-6.7942,43.56052],[-6.79441,43.56002]]],[[[-6.79273,43.56037],[-6.79297,43.56079],[-6.7923,43.56101],[-6.79273,43.56037]]],[[[-6.4402,43.56063],[-6.44025,43.56072],[-6.44015,43.56076],[-6.4402,43.56063]]],[[[-6.39788,43.5606],[-6.39813,43.56075],[-6.39771,43.56077],[-6.39788,43.5606]]],[[[-6.39868,43.56023],[-6.39888,43.56056],[-6.3985,43.5607],[-6.39868,43.56023]]],[[[-6.43999,43.56036],[-6.43988,43.5606],[-6.4398,43.56047],[-6.43999,43.56036]]],[[[-6.39567,43.5604],[-6.39576,43.56072],[-6.39546,43.5608],[-6.39567,43.5604]]],[[[-6.12633,43.56065],[-6.12645,43.56078],[-6.12633,43.56075],[-6.12633,43.56065]]],[[[-6.1281,43.5606],[-6.12811,43.56079],[-6.12801,43.56072],[-6.1281,43.5606]]],[[[-6.10025,43.56065],[-6.10017,43.56084],[-6.10008,43.56078],[-6.10025,43.56065]]],[[[-6.10083,43.56069],[-6.10086,43.56087],[-6.10075,43.56078],[-6.10083,43.56069]]],[[[-6.81705,43.56074],[-6.81708,43.56089],[-6.81679,43.56093],[-6.81705,43.56074]]],[[[-6.44185,43.56066],[-6.44205,43.5608],[-6.44184,43.56085],[-6.44185,43.56066]]],[[[-6.41838,43.5607],[-6.41865,43.56092],[-6.4183,43.56084],[-6.41838,43.5607]]],[[[-6.44025,43.56081],[-6.44029,43.56086],[-6.44021,43.56086],[-6.44025,43.56081]]],[[[-6.44434,43.56078],[-6.44439,43.56086],[-6.44413,43.56101],[-6.44434,43.56078]]],[[[-6.33987,43.56086],[-6.34017,43.56111],[-6.33991,43.56111],[-6.33987,43.56086]]],[[[-6.397,43.56079],[-6.39729,43.56097],[-6.39673,43.56114],[-6.397,43.56079]]],[[[-6.44075,43.56081],[-6.44071,43.56125],[-6.44034,43.56134],[-6.44075,43.56081]]],[[[-6.95806,43.56438],[-6.95848,43.56478],[-6.95738,43.56516],[-6.95806,43.56438]]],[[[-6.95652,43.56433],[-6.95669,43.56453],[-6.95627,43.56447],[-6.95652,43.56433]]],[[[-6.95812,43.56752],[-6.9584,43.56821],[-6.95798,43.56795],[-6.95812,43.56752]]],[[[-5.69706,43.57385],[-5.6972,43.57392],[-5.69692,43.57394],[-5.69706,43.57385]]],[[[-5.70119,43.57414],[-5.70137,43.57415],[-5.70114,43.57429],[-5.70119,43.57414]]],[[[-5.70087,43.57355],[-5.70096,43.57363],[-5.70073,43.5737],[-5.70087,43.57355]]],[[[-5.74367,43.58097],[-5.74376,43.58147],[-5.74291,43.58156],[-5.74367,43.58097]]],[[[-5.76689,43.59898],[-5.76733,43.59936],[-5.76688,43.59914],[-5.76689,43.59898]]],[[[-6.10506,43.56272],[-6.10518,43.56276],[-6.10508,43.56292],[-6.10506,43.56272]]],[[[-6.78377,43.56277],[-6.78416,43.5629],[-6.78362,43.56293],[-6.78377,43.56277]]],[[[-6.44391,43.56288],[-6.44403,43.56294],[-6.44388,43.56297],[-6.44391,43.56288]]],[[[-6.44861,43.56285],[-6.44874,43.56292],[-6.44861,43.56307],[-6.44861,43.56285]]],[[[-6.44579,43.56291],[-6.44605,43.56308],[-6.44556,43.56312],[-6.44579,43.56291]]],[[[-6.45284,43.56276],[-6.4529,43.56326],[-6.4527,43.56315],[-6.45284,43.56276]]],[[[-6.10562,43.56305],[-6.10586,43.56313],[-6.10565,43.5632],[-6.10562,43.56305]]],[[[-6.32731,43.5628],[-6.32763,43.56306],[-6.32711,43.56318],[-6.32731,43.5628]]],[[[-6.32537,43.5629],[-6.32588,43.56314],[-6.32494,43.56335],[-6.32537,43.5629]]],[[[-6.45133,43.56316],[-6.45145,43.56327],[-6.45122,43.56338],[-6.45133,43.56316]]],[[[-6.444,43.56316],[-6.44411,43.56338],[-6.44396,43.56333],[-6.444,43.56316]]],[[[-6.08628,43.56317],[-6.08603,43.56386],[-6.08585,43.5636],[-6.08628,43.56317]]],[[[-6.4524,43.56337],[-6.45249,43.56345],[-6.4524,43.56349],[-6.4524,43.56337]]],[[[-6.87763,43.56418],[-6.87823,43.56446],[-6.8778,43.56444],[-6.87763,43.56418]]],[[[-6.87763,43.56461],[-6.87781,43.56475],[-6.87751,43.56472],[-6.87763,43.56461]]],[[[-6.87668,43.56334],[-6.87699,43.56396],[-6.87652,43.56378],[-6.87668,43.56334]]],[[[-6.78451,43.56325],[-6.78464,43.56336],[-6.78445,43.56355],[-6.78451,43.56325]]],[[[-6.08977,43.56329],[-6.08994,43.56341],[-6.08971,43.56354],[-6.08977,43.56329]]],[[[-6.10699,43.56304],[-6.10712,43.56307],[-6.10698,43.56355],[-6.10699,43.56304]]],[[[-6.44352,43.56322],[-6.44375,43.5634],[-6.44353,43.56357],[-6.44352,43.56322]]],[[[-6.32407,43.56317],[-6.32422,43.56395],[-6.32391,43.56365],[-6.32407,43.56317]]],[[[-6.45413,43.56341],[-6.45435,43.5635],[-6.45423,43.5637],[-6.45413,43.56341]]],[[[-6.45092,43.56349],[-6.45105,43.56359],[-6.45083,43.56363],[-6.45092,43.56349]]],[[[-6.44527,43.56347],[-6.44514,43.56361],[-6.4449,43.56366],[-6.44527,43.56347]]],[[[-6.45348,43.56359],[-6.45359,43.56372],[-6.45343,43.56366],[-6.45348,43.56359]]],[[[-6.70474,43.56342],[-6.70523,43.56361],[-6.70449,43.56389],[-6.70474,43.56342]]],[[[-6.78408,43.56351],[-6.78451,43.56381],[-6.78433,43.56381],[-6.78408,43.56351]]],[[[-6.08951,43.56359],[-6.08973,43.56367],[-6.08948,43.56375],[-6.08951,43.56359]]],[[[-6.44484,43.56332],[-6.44408,43.56407],[-6.44376,43.56414],[-6.44484,43.56332]]],[[[-6.40004,43.56366],[-6.4001,43.56395],[-6.39983,43.56373],[-6.40004,43.56366]]],[[[-6.08741,43.56403],[-6.08764,43.5643],[-6.08753,43.56436],[-6.08741,43.56403]]],[[[-6.09,43.56375],[-6.09013,43.564],[-6.08991,43.56393],[-6.09,43.56375]]],[[[-6.08939,43.56385],[-6.08961,43.56413],[-6.0894,43.56407],[-6.08939,43.56385]]],[[[-6.45352,43.5638],[-6.45359,43.56393],[-6.45343,43.56393],[-6.45352,43.5638]]],[[[-6.87625,43.5638],[-6.87698,43.5642],[-6.87641,43.56446],[-6.87625,43.5638]]],[[[-6.78431,43.56392],[-6.78454,43.56419],[-6.78438,43.56419],[-6.78431,43.56392]]],[[[-6.45438,43.56396],[-6.45444,43.56412],[-6.45408,43.56433],[-6.45438,43.56396]]],[[[-6.45196,43.56364],[-6.45221,43.5639],[-6.4517,43.56406],[-6.45196,43.56364]]],[[[-6.31685,43.5638],[-6.31744,43.56429],[-6.31694,43.56431],[-6.31685,43.5638]]],[[[-6.87472,43.56428],[-6.87488,43.56437],[-6.87466,43.56441],[-6.87472,43.56428]]],[[[-6.81954,43.56416],[-6.81992,43.56444],[-6.81954,43.5643],[-6.81954,43.56416]]],[[[-6.45605,43.56445],[-6.45619,43.56453],[-6.45616,43.56466],[-6.45605,43.56445]]],[[[-6.81903,43.56434],[-6.81929,43.56461],[-6.81897,43.5645],[-6.81903,43.56434]]],[[[-6.32079,43.56353],[-6.32149,43.56423],[-6.32076,43.56488],[-6.32079,43.56353]]],[[[-6.81656,43.56397],[-6.81681,43.56424],[-6.81592,43.56464],[-6.81656,43.56397]]],[[[-6.47565,43.56409],[-6.47627,43.56448],[-6.47565,43.56463],[-6.47565,43.56409]]],[[[-6.30503,43.56445],[-6.30533,43.56472],[-6.30503,43.56492],[-6.30503,43.56445]]],[[[-6.32207,43.56459],[-6.32234,43.56478],[-6.32212,43.56482],[-6.32207,43.56459]]],[[[-6.87494,43.56473],[-6.8751,43.56483],[-6.87498,43.56485],[-6.87494,43.56473]]],[[[-6.8748,43.5645],[-6.8748,43.56468],[-6.8747,43.56455],[-6.8748,43.5645]]],[[[-6.45556,43.56453],[-6.4556,43.56466],[-6.45541,43.56473],[-6.45556,43.56453]]],[[[-6.45584,43.56458],[-6.45597,43.56464],[-6.45589,43.56469],[-6.45584,43.56458]]],[[[-6.75544,43.56407],[-6.75585,43.56437],[-6.75526,43.56486],[-6.75544,43.56407]]],[[[-6.8745,43.56453],[-6.87465,43.56465],[-6.87438,43.56474],[-6.8745,43.56453]]],[[[-6.75633,43.56445],[-6.75625,43.5648],[-6.75612,43.56455],[-6.75633,43.56445]]],[[[-6.45574,43.56465],[-6.45584,43.56469],[-6.45577,43.5648],[-6.45574,43.56465]]],[[[-6.78423,43.56463],[-6.78448,43.56494],[-6.78419,43.56493],[-6.78423,43.56463]]],[[[-6.75663,43.56475],[-6.75671,43.5649],[-6.75655,43.56503],[-6.75663,43.56475]]],[[[-6.87558,43.56478],[-6.87572,43.56484],[-6.87559,43.56502],[-6.87558,43.56478]]],[[[-6.13562,43.56491],[-6.13545,43.56506],[-6.13536,43.565],[-6.13562,43.56491]]],[[[-6.13812,43.56478],[-6.1384,43.56511],[-6.13758,43.56505],[-6.13812,43.56478]]],[[[-6.13538,43.56512],[-6.13552,43.56513],[-6.13545,43.56522],[-6.13538,43.56512]]],[[[-6.87257,43.56559],[-6.87265,43.56579],[-6.87239,43.56569],[-6.87257,43.56559]]],[[[-6.13875,43.56555],[-6.13886,43.56566],[-6.13873,43.56567],[-6.13875,43.56555]]],[[[-6.13918,43.56553],[-6.13926,43.56566],[-6.13907,43.56558],[-6.13918,43.56553]]],[[[-6.60555,43.56557],[-6.60607,43.56582],[-6.60541,43.56559],[-6.60555,43.56557]]],[[[-6.45635,43.56554],[-6.4564,43.56563],[-6.45623,43.56563],[-6.45635,43.56554]]],[[[-6.13988,43.56562],[-6.13997,43.56573],[-6.13976,43.56578],[-6.13988,43.56562]]],[[[-6.84777,43.56492],[-6.84789,43.56501],[-6.84769,43.56518],[-6.84777,43.56492]]],[[[-6.45581,43.56481],[-6.45608,43.56494],[-6.45569,43.56491],[-6.45581,43.56481]]],[[[-6.183,43.56478],[-6.18283,43.56507],[-6.1828,43.56492],[-6.183,43.56478]]],[[[-6.14561,43.56476],[-6.1457,43.56502],[-6.1454,43.56514],[-6.14561,43.56476]]],[[[-6.32175,43.56483],[-6.32221,43.56512],[-6.32171,43.5652],[-6.32175,43.56483]]],[[[-6.45631,43.56513],[-6.45633,43.56521],[-6.4562,43.56522],[-6.45631,43.56513]]],[[[-6.30304,43.56508],[-6.3031,43.56524],[-6.30275,43.56532],[-6.30304,43.56508]]],[[[-6.45421,43.56495],[-6.45433,43.56508],[-6.45396,43.56518],[-6.45421,43.56495]]],[[[-6.39915,43.56468],[-6.39935,43.56513],[-6.39858,43.5655],[-6.39915,43.56468]]],[[[-6.45613,43.56506],[-6.45614,43.56514],[-6.45604,43.56511],[-6.45613,43.56506]]],[[[-6.45514,43.56502],[-6.45529,43.56514],[-6.45509,43.56521],[-6.45514,43.56502]]],[[[-6.4547,43.56508],[-6.45489,43.56529],[-6.45459,43.56552],[-6.4547,43.56508]]],[[[-6.13914,43.56532],[-6.13911,43.56543],[-6.13885,43.56544],[-6.13914,43.56532]]],[[[-6.84703,43.56536],[-6.84705,43.56563],[-6.84683,43.56569],[-6.84703,43.56536]]],[[[-6.40002,43.56492],[-6.40003,43.56535],[-6.39936,43.56569],[-6.40002,43.56492]]],[[[-6.45618,43.5653],[-6.4562,43.56537],[-6.45605,43.56539],[-6.45618,43.5653]]],[[[-6.14911,43.56536],[-6.14916,43.56565],[-6.14904,43.56574],[-6.14911,43.56536]]],[[[-6.45576,43.56552],[-6.45585,43.56552],[-6.45582,43.56561],[-6.45576,43.56552]]],[[[-6.0807,43.56623],[-6.0808,43.56636],[-6.0806,43.56629],[-6.0807,43.56623]]],[[[-6.08098,43.56638],[-6.08108,43.56644],[-6.08083,43.5665],[-6.08098,43.56638]]],[[[-6.87272,43.56614],[-6.87282,43.56672],[-6.87247,43.56644],[-6.87272,43.56614]]],[[[-6.87204,43.56609],[-6.87188,43.56634],[-6.8718,43.56622],[-6.87204,43.56609]]],[[[-6.85241,43.56612],[-6.85249,43.56628],[-6.85235,43.56635],[-6.85241,43.56612]]],[[[-6.8716,43.56619],[-6.87168,43.56639],[-6.87157,43.56644],[-6.8716,43.56619]]],[[[-6.40042,43.56532],[-6.40101,43.56596],[-6.40007,43.56577],[-6.40042,43.56532]]],[[[-6.8733,43.56541],[-6.87389,43.5656],[-6.87302,43.56647],[-6.8733,43.56541]]],[[[-6.87266,43.56586],[-6.87246,43.56613],[-6.87226,43.56609],[-6.87266,43.56586]]],[[[-6.13761,43.5658],[-6.13772,43.56582],[-6.13778,43.56595],[-6.13761,43.5658]]],[[[-6.85169,43.56543],[-6.85194,43.56563],[-6.85098,43.56634],[-6.85169,43.56543]]],[[[-6.3015,43.56569],[-6.30176,43.5659],[-6.30147,43.56596],[-6.3015,43.56569]]],[[[-6.7835,43.56561],[-6.78426,43.56586],[-6.78359,43.56607],[-6.7835,43.56561]]],[[[-6.74936,43.56563],[-6.74961,43.56577],[-6.74921,43.5659],[-6.74936,43.56563]]],[[[-6.32072,43.5657],[-6.32092,43.56594],[-6.32069,43.56596],[-6.32072,43.5657]]],[[[-6.78247,43.56563],[-6.78312,43.56584],[-6.78203,43.56578],[-6.78247,43.56563]]],[[[-6.78149,43.56573],[-6.7818,43.56593],[-6.78135,43.56597],[-6.78149,43.56573]]],[[[-6.13976,43.56593],[-6.13958,43.56635],[-6.13942,43.56619],[-6.13976,43.56593]]],[[[-6.14205,43.56572],[-6.14219,43.56575],[-6.14198,43.56637],[-6.14205,43.56572]]],[[[-6.18099,43.56588],[-6.18074,43.56624],[-6.18077,43.56602],[-6.18099,43.56588]]],[[[-6.30255,43.56578],[-6.30252,43.56609],[-6.30169,43.5663],[-6.30255,43.56578]]],[[[-6.75238,43.56468],[-6.75351,43.56756],[-6.75136,43.56722],[-6.75238,43.56468]]],[[[-6.39902,43.56582],[-6.39927,43.56601],[-6.39889,43.56632],[-6.39902,43.56582]]],[[[-6.32228,43.56592],[-6.32261,43.56621],[-6.32225,43.56612],[-6.32228,43.56592]]],[[[-6.74879,43.56605],[-6.74879,43.5667],[-6.74859,43.56679],[-6.74879,43.56605]]],[[[-6.08013,43.5664],[-6.08027,43.56641],[-6.08016,43.56667],[-6.08013,43.5664]]],[[[-6.87217,43.5664],[-6.87219,43.56655],[-6.87205,43.56647],[-6.87217,43.5664]]],[[[-6.83188,43.5664],[-6.832,43.56666],[-6.83175,43.56656],[-6.83188,43.5664]]],[[[-6.08292,43.5667],[-6.08298,43.56684],[-6.08285,43.56681],[-6.08292,43.5667]]],[[[-6.08306,43.56698],[-6.08321,43.56713],[-6.0831,43.56718],[-6.08306,43.56698]]],[[[-6.87427,43.56586],[-6.87447,43.5673],[-6.87313,43.56711],[-6.87427,43.56586]]],[[[-6.78745,43.56641],[-6.78787,43.56673],[-6.78727,43.56684],[-6.78745,43.56641]]],[[[-6.76263,43.56647],[-6.76267,43.56671],[-6.76243,43.56686],[-6.76263,43.56647]]],[[[-6.75881,43.56648],[-6.75884,43.56676],[-6.75852,43.56692],[-6.75881,43.56648]]],[[[-6.45978,43.56658],[-6.46005,43.56668],[-6.45946,43.56688],[-6.45978,43.56658]]],[[[-6.87139,43.56657],[-6.8715,43.56708],[-6.87112,43.56722],[-6.87139,43.56657]]],[[[-6.74733,43.56669],[-6.74763,43.56702],[-6.74742,43.56696],[-6.74733,43.56669]]],[[[-6.3083,43.56684],[-6.30861,43.56705],[-6.30822,43.56708],[-6.3083,43.56684]]],[[[-6.78145,43.56685],[-6.78164,43.56735],[-6.78139,43.56722],[-6.78145,43.56685]]],[[[-6.74506,43.56691],[-6.74523,43.56697],[-6.74496,43.56738],[-6.74506,43.56691]]],[[[-6.46015,43.56704],[-6.46014,43.5673],[-6.4598,43.56744],[-6.46015,43.56704]]],[[[-6.06881,43.56751],[-6.07436,43.56904],[-6.0696,43.56794],[-6.06881,43.56751]]],[[[-6.90916,43.5682],[-6.90886,43.56848],[-6.90888,43.56826],[-6.90916,43.5682]]],[[[-6.88624,43.568],[-6.88642,43.56815],[-6.88601,43.56843],[-6.88624,43.568]]],[[[-6.86087,43.56825],[-6.86092,43.56835],[-6.86045,43.56845],[-6.86087,43.56825]]],[[[-6.77738,43.56819],[-6.77757,43.56827],[-6.77746,43.56878],[-6.77738,43.56819]]],[[[-6.15343,43.5689],[-6.15361,43.569],[-6.15346,43.56928],[-6.15343,43.5689]]],[[[-6.17569,43.56845],[-6.17555,43.56869],[-6.17556,43.56848],[-6.17569,43.56845]]],[[[-6.76297,43.56833],[-6.76306,43.56851],[-6.763,43.56867],[-6.76297,43.56833]]],[[[-6.77607,43.56831],[-6.7766,43.56871],[-6.77599,43.56855],[-6.77607,43.56831]]],[[[-6.17744,43.56862],[-6.17759,43.56863],[-6.1772,43.56876],[-6.17744,43.56862]]],[[[-6.77391,43.56829],[-6.77423,43.56891],[-6.77365,43.5686],[-6.77391,43.56829]]],[[[-6.17791,43.56852],[-6.17803,43.56854],[-6.17789,43.56871],[-6.17791,43.56852]]],[[[-6.17947,43.56747],[-6.1796,43.56749],[-6.17947,43.56775],[-6.17947,43.56747]]],[[[-6.88492,43.56762],[-6.88526,43.56778],[-6.8849,43.56782],[-6.88492,43.56762]]],[[[-6.85343,43.56761],[-6.85367,43.56771],[-6.85345,43.56779],[-6.85343,43.56761]]],[[[-6.83367,43.56752],[-6.83387,43.56774],[-6.83359,43.56799],[-6.83367,43.56752]]],[[[-6.30086,43.56736],[-6.30098,43.56761],[-6.3005,43.56778],[-6.30086,43.56736]]],[[[-6.74693,43.56692],[-6.747,43.56763],[-6.7467,43.56734],[-6.74693,43.56692]]],[[[-6.87535,43.56673],[-6.87575,43.56705],[-6.87448,43.56787],[-6.87535,43.56673]]],[[[-6.30151,43.56718],[-6.30161,43.56743],[-6.30123,43.56747],[-6.30151,43.56718]]],[[[-6.66335,43.56717],[-6.66367,43.56755],[-6.66328,43.56769],[-6.66335,43.56717]]],[[[-6.3087,43.56737],[-6.30893,43.56751],[-6.30866,43.56769],[-6.3087,43.56737]]],[[[-6.85271,43.56737],[-6.85309,43.56763],[-6.85255,43.56785],[-6.85271,43.56737]]],[[[-6.65914,43.5673],[-6.65946,43.56767],[-6.6588,43.56771],[-6.65914,43.5673]]],[[[-6.30759,43.56741],[-6.3079,43.56801],[-6.30742,43.56786],[-6.30759,43.56741]]],[[[-6.88582,43.5678],[-6.88615,43.56795],[-6.88522,43.56836],[-6.88582,43.5678]]],[[[-6.17328,43.56799],[-6.17335,43.5681],[-6.17301,43.56826],[-6.17328,43.56799]]],[[[-6.31076,43.56763],[-6.31093,43.56783],[-6.31058,43.56788],[-6.31076,43.56763]]],[[[-6.30919,43.56772],[-6.30929,43.56799],[-6.30899,43.56791],[-6.30919,43.56772]]],[[[-6.77097,43.56774],[-6.77119,43.56789],[-6.77068,43.56789],[-6.77097,43.56774]]],[[[-6.87057,43.56763],[-6.87008,43.56819],[-6.87029,43.56776],[-6.87057,43.56763]]],[[[-6.751,43.56771],[-6.75109,43.56804],[-6.75083,43.5682],[-6.751,43.56771]]],[[[-6.75138,43.56753],[-6.75175,43.56795],[-6.75164,43.56845],[-6.75138,43.56753]]],[[[-6.85425,43.56789],[-6.85405,43.56823],[-6.85392,43.56817],[-6.85425,43.56789]]],[[[-6.77156,43.56793],[-6.77243,43.56825],[-6.77182,43.56826],[-6.77156,43.56793]]],[[[-6.86714,43.5704],[-6.8672,43.57055],[-6.867,43.57054],[-6.86714,43.5704]]],[[[-6.93269,43.57035],[-6.93298,43.57064],[-6.93253,43.57053],[-6.93269,43.57035]]],[[[-6.16723,43.56998],[-6.16706,43.57021],[-6.16709,43.57001],[-6.16723,43.56998]]],[[[-6.17535,43.56912],[-6.17518,43.56937],[-6.17516,43.56925],[-6.17535,43.56912]]],[[[-6.85621,43.56909],[-6.85603,43.5694],[-6.85596,43.56922],[-6.85621,43.56909]]],[[[-6.87073,43.56808],[-6.87101,43.56949],[-6.87019,43.56917],[-6.87073,43.56808]]],[[[-6.17504,43.56895],[-6.17488,43.56921],[-6.17491,43.56897],[-6.17504,43.56895]]],[[[-6.85639,43.56859],[-6.85689,43.56871],[-6.85637,43.56906],[-6.85639,43.56859]]],[[[-6.77122,43.56879],[-6.77161,43.56907],[-6.77131,43.56902],[-6.77122,43.56879]]],[[[-6.17586,43.56894],[-6.17593,43.56916],[-6.17581,43.56914],[-6.17586,43.56894]]],[[[-6.30769,43.56858],[-6.30846,43.56974],[-6.3076,43.56917],[-6.30769,43.56858]]],[[[-6.65964,43.56766],[-6.66127,43.56894],[-6.65866,43.56908],[-6.65964,43.56766]]],[[[-6.1606,43.5695],[-6.16103,43.5698],[-6.16052,43.56977],[-6.1606,43.5695]]],[[[-6.16767,43.56916],[-6.16776,43.5693],[-6.16752,43.56938],[-6.16767,43.56916]]],[[[-6.78052,43.56915],[-6.78118,43.56945],[-6.78052,43.56943],[-6.78052,43.56915]]],[[[-6.17175,43.56924],[-6.17193,43.56958],[-6.1717,43.56942],[-6.17175,43.56924]]],[[[-6.94966,43.56959],[-6.95055,43.57075],[-6.9492,43.57011],[-6.94966,43.56959]]],[[[-6.89102,43.56927],[-6.89146,43.56984],[-6.89049,43.57017],[-6.89102,43.56927]]],[[[-6.87028,43.56948],[-6.87029,43.56974],[-6.87011,43.56962],[-6.87028,43.56948]]],[[[-6.85584,43.56933],[-6.856,43.56948],[-6.85576,43.56966],[-6.85584,43.56933]]],[[[-6.16744,43.56948],[-6.16779,43.56956],[-6.16754,43.56962],[-6.16744,43.56948]]],[[[-6.76496,43.56897],[-6.76573,43.5701],[-6.76483,43.56989],[-6.76496,43.56897]]],[[[-6.17095,43.5695],[-6.17103,43.56958],[-6.17088,43.56978],[-6.17095,43.5695]]],[[[-6.16873,43.5694],[-6.16941,43.56988],[-6.16862,43.56996],[-6.16873,43.5694]]],[[[-6.17122,43.56948],[-6.17147,43.56955],[-6.17132,43.56993],[-6.17122,43.56948]]],[[[-6.4624,43.5696],[-6.46252,43.56972],[-6.46219,43.56979],[-6.4624,43.5696]]],[[[-6.1624,43.5696],[-6.1624,43.56989],[-6.16219,43.56998],[-6.1624,43.5696]]],[[[-6.16727,43.56969],[-6.16753,43.56979],[-6.16716,43.5698],[-6.16727,43.56969]]],[[[-6.86801,43.56967],[-6.86802,43.56981],[-6.86768,43.57],[-6.86801,43.56967]]],[[[-6.4618,43.56973],[-6.46241,43.57025],[-6.46148,43.57065],[-6.4618,43.56973]]],[[[-6.95108,43.57091],[-6.95138,43.571],[-6.95113,43.57111],[-6.95108,43.57091]]],[[[-6.86527,43.57062],[-6.86529,43.57086],[-6.86513,43.57067],[-6.86527,43.57062]]],[[[-6.93583,43.57068],[-6.93597,43.57078],[-6.93562,43.57081],[-6.93583,43.57068]]],[[[-6.78304,43.5704],[-6.78325,43.57087],[-6.78284,43.5708],[-6.78304,43.5704]]],[[[-6.29592,43.57044],[-6.29622,43.57081],[-6.29591,43.57074],[-6.29592,43.57044]]],[[[-6.29555,43.57045],[-6.29532,43.57084],[-6.29507,43.57081],[-6.29555,43.57045]]],[[[-6.47319,43.5705],[-6.47375,43.57093],[-6.47284,43.57078],[-6.47319,43.5705]]],[[[-6.89104,43.57006],[-6.89094,43.57084],[-6.88987,43.57172],[-6.89104,43.57006]]],[[[-6.85333,43.57061],[-6.85328,43.57092],[-6.85318,43.57083],[-6.85333,43.57061]]],[[[-6.47212,43.57071],[-6.47291,43.57109],[-6.47191,43.57107],[-6.47212,43.57071]]],[[[-6.85475,43.57086],[-6.85477,43.57101],[-6.85458,43.57105],[-6.85475,43.57086]]],[[[-6.29628,43.57091],[-6.29632,43.57106],[-6.29606,43.57106],[-6.29628,43.57091]]],[[[-6.9357,43.57153],[-6.93607,43.57178],[-6.93563,43.57214],[-6.9357,43.57153]]],[[[-6.93257,43.57106],[-6.9331,43.57159],[-6.9321,43.57158],[-6.93257,43.57106]]],[[[-6.86682,43.57076],[-6.86683,43.57116],[-6.86642,43.57137],[-6.86682,43.57076]]],[[[-6.76463,43.57091],[-6.76472,43.57129],[-6.76421,43.57151],[-6.76463,43.57091]]],[[[-6.2913,43.57113],[-6.2915,43.57125],[-6.29135,43.57144],[-6.2913,43.57113]]],[[[-6.47579,43.57121],[-6.4765,43.5715],[-6.47622,43.57163],[-6.47579,43.57121]]],[[[-6.62356,43.57141],[-6.6236,43.57156],[-6.62336,43.57159],[-6.62356,43.57141]]],[[[-6.29568,43.57137],[-6.29588,43.57158],[-6.29543,43.57163],[-6.29568,43.57137]]],[[[-6.29096,43.57316],[-6.29108,43.5733],[-6.29084,43.57342],[-6.29096,43.57316]]],[[[-6.6265,43.57307],[-6.62671,43.57336],[-6.62653,43.57337],[-6.6265,43.57307]]],[[[-6.6268,43.57385],[-6.62721,43.57428],[-6.62686,43.57429],[-6.6268,43.57385]]],[[[-6.94297,43.57383],[-6.94322,43.57414],[-6.94291,43.57436],[-6.94297,43.57383]]],[[[-6.29201,43.57392],[-6.29225,43.57424],[-6.29168,43.57443],[-6.29201,43.57392]]],[[[-6.94768,43.57492],[-6.94789,43.57498],[-6.94768,43.5751],[-6.94768,43.57492]]],[[[-6.94721,43.57377],[-6.94769,43.57414],[-6.94686,43.57486],[-6.94721,43.57377]]],[[[-6.94785,43.57449],[-6.94783,43.57467],[-6.94751,43.57479],[-6.94785,43.57449]]],[[[-6.94296,43.57452],[-6.94269,43.57496],[-6.94278,43.5746],[-6.94296,43.57452]]],[[[-6.27754,43.57465],[-6.27778,43.57478],[-6.27756,43.5748],[-6.27754,43.57465]]],[[[-6.62568,43.5746],[-6.62642,43.57518],[-6.6258,43.57516],[-6.62568,43.5746]]],[[[-6.94261,43.57335],[-6.94293,43.57372],[-6.94226,43.57373],[-6.94261,43.57335]]],[[[-6.29145,43.5735],[-6.29156,43.57367],[-6.29139,43.57363],[-6.29145,43.5735]]],[[[-6.29108,43.57372],[-6.29118,43.57389],[-6.291,43.57385],[-6.29108,43.57372]]],[[[-6.76667,43.57363],[-6.76822,43.57471],[-6.76615,43.57382],[-6.76667,43.57363]]],[[[-6.2913,43.57222],[-6.29148,43.57257],[-6.29118,43.57242],[-6.2913,43.57222]]],[[[-6.93865,43.57174],[-6.93892,43.57202],[-6.93809,43.57221],[-6.93865,43.57174]]],[[[-6.91335,43.57169],[-6.91378,43.57194],[-6.91327,43.57235],[-6.91335,43.57169]]],[[[-6.29338,43.57132],[-6.29503,43.57187],[-6.29269,43.57286],[-6.29338,43.57132]]],[[[-6.62809,43.57249],[-6.62822,43.57259],[-6.62783,43.57263],[-6.62809,43.57249]]],[[[-6.89194,43.5723],[-6.892,43.57249],[-6.89145,43.57288],[-6.89194,43.5723]]],[[[-6.28515,43.57281],[-6.28548,43.57291],[-6.28499,43.57292],[-6.28515,43.57281]]],[[[-6.28779,43.5724],[-6.28809,43.57268],[-6.28777,43.5729],[-6.28779,43.5724]]],[[[-6.29509,43.57243],[-6.2954,43.57281],[-6.29476,43.57296],[-6.29509,43.57243]]],[[[-6.62775,43.57272],[-6.62776,43.57289],[-6.62745,43.57294],[-6.62775,43.57272]]],[[[-6.28438,43.57273],[-6.2842,43.57353],[-6.2837,43.57348],[-6.28438,43.57273]]],[[[-6.27595,43.57624],[-6.2761,43.57646],[-6.27585,43.57643],[-6.27595,43.57624]]],[[[-6.94838,43.57698],[-6.94838,43.5772],[-6.94812,43.57736],[-6.94838,43.57698]]],[[[-6.94853,43.57738],[-6.94852,43.57772],[-6.94814,43.57788],[-6.94853,43.57738]]],[[[-6.94879,43.57645],[-6.94881,43.57675],[-6.94847,43.57675],[-6.94879,43.57645]]],[[[-6.26707,43.57907],[-6.2679,43.57987],[-6.26735,43.57976],[-6.26707,43.57907]]],[[[-6.27579,43.57779],[-6.27594,43.57797],[-6.27567,43.57798],[-6.27579,43.57779]]],[[[-6.26854,43.58214],[-6.26893,43.58225],[-6.26863,43.58237],[-6.26854,43.58214]]],[[[-6.26681,43.58123],[-6.26694,43.58171],[-6.26661,43.58176],[-6.26681,43.58123]]],[[[-6.27117,43.58418],[-6.27134,43.58465],[-6.27046,43.58478],[-6.27117,43.58418]]],[[[-6.27235,43.58331],[-6.27243,43.58397],[-6.27115,43.58381],[-6.27235,43.58331]]],[[[-6.2511,43.584],[-6.25142,43.58428],[-6.25086,43.58435],[-6.2511,43.584]]],[[[-6.25142,43.58296],[-6.25154,43.58315],[-6.2511,43.58329],[-6.25142,43.58296]]],[[[-6.27734,43.57507],[-6.27754,43.5752],[-6.27717,43.57518],[-6.27734,43.57507]]],[[[-6.29265,43.57483],[-6.29286,43.57519],[-6.2924,43.57534],[-6.29265,43.57483]]],[[[-6.28088,43.57482],[-6.28131,43.57529],[-6.28047,43.57565],[-6.28088,43.57482]]],[[[-6.94956,43.57549],[-6.9498,43.576],[-6.94891,43.5761],[-6.94956,43.57549]]],[[[-6.01861,43.58824],[-6.01863,43.58843],[-6.01839,43.58841],[-6.01861,43.58824]]],[[[-6.03378,43.58836],[-6.03388,43.58841],[-6.03365,43.58851],[-6.03378,43.58836]]],[[[-6.01973,43.58834],[-6.01981,43.5885],[-6.01956,43.58854],[-6.01973,43.58834]]],[[[-6.01906,43.58784],[-6.01916,43.58795],[-6.01896,43.58802],[-6.01906,43.58784]]],[[[-6.0233,43.58787],[-6.02342,43.58811],[-6.0232,43.58793],[-6.0233,43.58787]]],[[[-6.02082,43.58786],[-6.02098,43.58803],[-6.02075,43.58794],[-6.02082,43.58786]]],[[[-6.02023,43.58799],[-6.02034,43.58812],[-6.01999,43.58829],[-6.02023,43.58799]]],[[[-6.03343,43.58858],[-6.03339,43.58873],[-6.03332,43.58867],[-6.03343,43.58858]]],[[[-6.0305,43.58978],[-6.03047,43.58995],[-6.03036,43.58992],[-6.0305,43.58978]]],[[[-6.2431,43.5952],[-6.2444,43.59623],[-6.24273,43.5962],[-6.2431,43.5952]]],[[[-6.23407,43.59108],[-6.23403,43.59194],[-6.23351,43.59204],[-6.23407,43.59108]]],[[[-6.23186,43.59127],[-6.23205,43.59274],[-6.23136,43.59239],[-6.23186,43.59127]]],[[[-6.22674,43.58993],[-6.22706,43.59158],[-6.2263,43.59088],[-6.22674,43.58993]]],[[[-6.03369,43.58881],[-6.03353,43.59144],[-6.03054,43.59191],[-6.03369,43.58881]]],[[[-6.03285,43.59162],[-6.03326,43.59182],[-6.03223,43.59277],[-6.03285,43.59162]]],[[[-6.14954,43.57137],[-6.14969,43.57161],[-6.14947,43.57156],[-6.14954,43.57137]]],[[[-6.15005,43.5703],[-6.15012,43.57097],[-6.14986,43.5709],[-6.15005,43.5703]]],[[[-6.16211,43.57054],[-6.16224,43.57056],[-6.16213,43.57083],[-6.16211,43.57054]]],[[[-6.15391,43.57086],[-6.15392,43.57119],[-6.15377,43.57091],[-6.15391,43.57086]]],[[[-6.16642,43.57056],[-6.16668,43.5708],[-6.16632,43.57099],[-6.16642,43.57056]]],[[[-6.16687,43.57125],[-6.16701,43.57129],[-6.16698,43.57149],[-6.16687,43.57125]]],[[[-6.14992,43.57202],[-6.14986,43.57233],[-6.14974,43.57238],[-6.14992,43.57202]]],[[[-6.16697,43.57221],[-6.16707,43.57234],[-6.16683,43.57241],[-6.16697,43.57221]]],[[[-6.16637,43.57272],[-6.16652,43.57297],[-6.16631,43.57306],[-6.16637,43.57272]]],[[[-5.99308,43.57674],[-5.99352,43.57694],[-5.99317,43.57713],[-5.99308,43.57674]]],[[[-6.19455,43.57682],[-6.19475,43.57726],[-6.19447,43.57704],[-6.19455,43.57682]]],[[[-6.19463,43.5785],[-6.19457,43.57872],[-6.19434,43.57867],[-6.19463,43.5785]]],[[[-5.9684,43.58104],[-5.96837,43.58135],[-5.9681,43.58137],[-5.9684,43.58104]]],[[[-5.9703,43.58074],[-5.9704,43.5808],[-5.9702,43.58077],[-5.9703,43.58074]]],[[[-6.00904,43.58096],[-6.00919,43.58116],[-6.00891,43.58102],[-6.00904,43.58096]]],[[[-6.01272,43.58292],[-6.01256,43.58325],[-6.01244,43.58309],[-6.01272,43.58292]]],[[[-6.19263,43.58231],[-6.19251,43.58252],[-6.19232,43.58252],[-6.19263,43.58231]]],[[[-6.19217,43.58052],[-6.19304,43.58194],[-6.19175,43.58209],[-6.19217,43.58052]]],[[[-6.03717,43.58095],[-6.03758,43.58124],[-6.03719,43.58116],[-6.03717,43.58095]]],[[[-6.03795,43.58171],[-6.03821,43.58188],[-6.03796,43.58191],[-6.03795,43.58171]]],[[[-6.19118,43.58115],[-6.19115,43.58198],[-6.19089,43.5815],[-6.19118,43.58115]]],[[[-6.19088,43.58215],[-6.19147,43.58216],[-6.19127,43.5825],[-6.19088,43.58215]]],[[[-6.00287,43.57958],[-6.00307,43.57984],[-6.00287,43.5801],[-6.00287,43.57958]]],[[[-6.03679,43.57986],[-6.03687,43.57998],[-6.03646,43.5801],[-6.03679,43.57986]]],[[[-6.19113,43.57998],[-6.19127,43.57998],[-6.19119,43.58019],[-6.19113,43.57998]]],[[[-6.19079,43.57996],[-6.19092,43.57996],[-6.19083,43.58014],[-6.19079,43.57996]]],[[[-6.03752,43.57976],[-6.03764,43.58039],[-6.03738,43.58008],[-6.03752,43.57976]]],[[[-6.18877,43.57994],[-6.18893,43.58003],[-6.18877,43.58031],[-6.18877,43.57994]]],[[[-6.03625,43.5802],[-6.0363,43.58035],[-6.03605,43.58041],[-6.03625,43.5802]]],[[[-6.03491,43.58349],[-6.03492,43.58381],[-6.03477,43.5835],[-6.03491,43.58349]]],[[[-6.03543,43.58357],[-6.03573,43.58393],[-6.03526,43.5838],[-6.03543,43.58357]]],[[[-6.03263,43.58452],[-6.03283,43.58465],[-6.03263,43.58469],[-6.03263,43.58452]]],[[[-6.03684,43.58405],[-6.03699,43.58438],[-6.03677,43.58441],[-6.03684,43.58405]]],[[[-6.20862,43.58487],[-6.20897,43.58519],[-6.20884,43.58574],[-6.20862,43.58487]]],[[[-6.01656,43.58539],[-6.01665,43.5855],[-6.01643,43.58556],[-6.01656,43.58539]]],[[[-6.03452,43.58476],[-6.0346,43.585],[-6.03447,43.58494],[-6.03452,43.58476]]],[[[-6.02871,43.58667],[-6.02902,43.58669],[-6.02844,43.58673],[-6.02871,43.58667]]],[[[-6.02798,43.58672],[-6.02812,43.58689],[-6.02768,43.58685],[-6.02798,43.58672]]],[[[-6.0195,43.58755],[-6.01962,43.58761],[-6.0194,43.5877],[-6.0195,43.58755]]],[[[-6.02778,43.58758],[-6.02829,43.58764],[-6.02792,43.58771],[-6.02778,43.58758]]],[[[-6.02501,43.58753],[-6.02515,43.58768],[-6.02495,43.58778],[-6.02501,43.58753]]],[[[-6.02481,43.587],[-6.02439,43.58737],[-6.02434,43.5871],[-6.02481,43.587]]],[[[-6.02374,43.58712],[-6.02382,43.58722],[-6.02355,43.58722],[-6.02374,43.58712]]],[[[-6.02472,43.58643],[-6.02487,43.58643],[-6.02468,43.58657],[-6.02472,43.58643]]],[[[-6.02245,43.58656],[-6.02265,43.58667],[-6.02252,43.58696],[-6.02245,43.58656]]],[[[-6.19077,43.58263],[-6.19082,43.58289],[-6.19059,43.58293],[-6.19077,43.58263]]],[[[-6.03709,43.58286],[-6.03705,43.58332],[-6.03679,43.5831],[-6.03709,43.58286]]],[[[-6.05315,43.57525],[-6.05355,43.57558],[-6.05324,43.57558],[-6.05315,43.57525]]],[[[-6.02096,43.58752],[-6.02094,43.58765],[-6.02045,43.58788],[-6.02096,43.58752]]]]}},{"type":"Feature","id":"34","properties":{"code":"34","name":"Palencia","nationalCode":"34073400000"},"geometry":{"type":"MultiPolygon","coordinates":[[[[-4.02909,41.97656],[-4.03298,41.95408],[-4.02422,41.95412],[-3.9907,41.95975],[-3.9102,41.99697],[-3.89147,41.99665],[-3.88975,41.99091],[-3.89198,41.95794],[-3.92914,41.95937],[-3.95218,41.93531],[-3.98134,41.9307],[-3.9807,41.90062],[-4.03757,41.87277],[-4.06277,41.87712],[-4.08883,41.87065],[-4.07932,41.84845],[-4.08805,41.84466],[-4.09007,41.83086],[-4.038,41.78985],[-4.04088,41.76835],[-4.08909,41.77963],[-4.10027,41.77471],[-4.1232,41.80731],[-4.15386,41.79621],[-4.17883,41.80352],[-4.21395,41.79941],[-4.23603,41.81397],[-4.24744,41.80293],[-4.26023,41.80526],[-4.28658,41.77488],[-4.30679,41.77592],[-4.31764,41.76344],[-4.3893,41.78777],[-4.43398,41.76178],[-4.45424,41.75917],[-4.50118,41.77141],[-4.4924,41.77865],[-4.48734,41.8201],[-4.46115,41.82036],[-4.47831,41.82859],[-4.4733,41.84303],[-4.50859,41.83231],[-4.51212,41.8233],[-4.54915,41.83102],[-4.54807,41.81899],[-4.56608,41.81257],[-4.6319,41.86173],[-4.6373,41.88811],[-4.66968,41.90051],[-4.72825,41.86883],[-4.72644,41.85452],[-4.75842,41.82579],[-4.78925,41.81802],[-4.83827,41.89853],[-4.8677,41.9176],[-4.86909,41.93173],[-4.88978,41.93278],[-4.9118,41.91566],[-4.92794,41.91503],[-4.93245,41.92665],[-4.94959,41.93383],[-4.98368,41.91003],[-5.00485,41.93795],[-4.99407,41.96257],[-4.97611,41.97361],[-4.97549,41.99355],[-4.96554,42.00706],[-4.93601,42.01792],[-4.94763,42.05431],[-4.92775,42.0735],[-4.90418,42.07839],[-4.91782,42.09079],[-4.91213,42.09129],[-4.92871,42.11831],[-4.9275,42.15022],[-4.96244,42.1496],[-4.9664,42.15576],[-4.99431,42.1449],[-5.01503,42.1568],[-5.02697,42.15391],[-5.03189,42.17363],[-5.01239,42.18976],[-5.02467,42.21989],[-5.00916,42.23103],[-5.01881,42.25386],[-5.00866,42.26146],[-5.00214,42.28913],[-4.9735,42.28869],[-4.95345,42.29716],[-4.94243,42.3275],[-4.9425,42.34655],[-4.98421,42.33787],[-4.97255,42.37439],[-4.90324,42.38653],[-4.91432,42.40119],[-4.91483,42.41445],[-4.90498,42.42456],[-4.90992,42.43391],[-4.92399,42.43614],[-4.9,42.45068],[-4.88799,42.53703],[-4.91045,42.54144],[-4.91595,42.55475],[-4.90251,42.57796],[-4.9048,42.60314],[-4.89466,42.62386],[-4.9003,42.67012],[-4.89057,42.69283],[-4.87167,42.70799],[-4.89056,42.72326],[-4.91589,42.72056],[-4.91846,42.73423],[-4.93636,42.74447],[-4.93556,42.75646],[-4.92062,42.75747],[-4.90909,42.77943],[-4.89588,42.78517],[-4.90286,42.80997],[-4.88856,42.84113],[-4.90081,42.85159],[-4.89837,42.86313],[-4.86558,42.86055],[-4.8555,42.89171],[-4.83839,42.89532],[-4.83786,42.90673],[-4.80923,42.93034],[-4.80265,42.94951],[-4.80725,42.96771],[-4.79567,42.97387],[-4.79482,42.98665],[-4.76693,43.00156],[-4.75699,43.0155],[-4.69047,43.02647],[-4.63951,43.01636],[-4.60644,43.03543],[-4.55937,43.01923],[-4.52125,43.04753],[-4.47535,43.03868],[-4.46207,43.06099],[-4.44756,43.05837],[-4.3981,43.03501],[-4.37336,42.99504],[-4.34798,42.97239],[-4.26259,42.96534],[-4.23832,42.95416],[-4.237,42.91812],[-4.22245,42.91075],[-4.23076,42.90475],[-4.22561,42.8587],[-4.21398,42.84731],[-4.19923,42.84434],[-4.15012,42.87144],[-4.1451,42.86232],[-4.12602,42.85668],[-4.14068,42.8291],[-4.15807,42.83748],[-4.18587,42.81718],[-4.15054,42.78941],[-4.09854,42.79129],[-4.0943,42.77339],[-4.08518,42.77228],[-4.08146,42.76162],[-4.10955,42.73388],[-4.12399,42.73617],[-4.12478,42.75165],[-4.14497,42.75252],[-4.18539,42.73618],[-4.21857,42.70468],[-4.24892,42.69838],[-4.25704,42.68811],[-4.26764,42.69427],[-4.26669,42.7053],[-4.29317,42.6909],[-4.2894,42.67831],[-4.27603,42.67307],[-4.27719,42.64327],[-4.26387,42.61796],[-4.2939,42.60526],[-4.28544,42.58198],[-4.27081,42.58139],[-4.30535,42.57081],[-4.29764,42.56037],[-4.30333,42.55536],[-4.27769,42.54469],[-4.27215,42.51998],[-4.2862,42.51197],[-4.26265,42.51184],[-4.24704,42.49472],[-4.25082,42.48023],[-4.24485,42.47211],[-4.25439,42.46792],[-4.24259,42.45624],[-4.30703,42.45335],[-4.31709,42.45893],[-4.33502,42.42004],[-4.31641,42.41016],[-4.32983,42.40552],[-4.33093,42.39099],[-4.32159,42.3799],[-4.27595,42.39192],[-4.27273,42.38572],[-4.28052,42.36379],[-4.26482,42.35251],[-4.2697,42.33923],[-4.25678,42.32285],[-4.26494,42.32365],[-4.26423,42.31304],[-4.25189,42.31],[-4.24411,42.2594],[-4.22876,42.25037],[-4.2374,42.2363],[-4.22693,42.22956],[-4.23144,42.20845],[-4.21529,42.20689],[-4.18864,42.17638],[-4.19148,42.16302],[-4.2061,42.15399],[-4.20078,42.15025],[-4.20501,42.13361],[-4.17677,42.12586],[-4.15111,42.13131],[-4.14208,42.11963],[-4.12022,42.12813],[-4.10378,42.10969],[-4.05621,42.10091],[-4.07749,42.08268],[-4.10304,42.08704],[-4.10411,42.06163],[-4.07989,42.03678],[-4.06368,42.04364],[-4.04788,42.03905],[-4.03925,42.05335],[-3.99631,42.04497],[-3.98168,42.05105],[-3.97107,42.03322],[-3.99478,42.00541],[-4.01478,41.99859],[-4.02909,41.97656]],[[-4.25133,42.72655],[-4.26315,42.73048],[-4.26063,42.73889],[-4.24506,42.73597],[-4.25133,42.72655]]],[[[-4.10273,42.13724],[-4.11184,42.15858],[-4.09423,42.15772],[-4.07629,42.16786],[-4.06564,42.1635],[-4.07448,42.15612],[-4.06214,42.13158],[-4.08348,42.14127],[-4.10273,42.13724]]],[[[-4.03769,42.10259],[-4.03344,42.10698],[-4.02432,42.08107],[-4.03194,42.07864],[-4.0276,42.08785],[-4.03769,42.10259]]],[[[-4.04611,42.7668],[-4.04936,42.78122],[-4.04375,42.78879],[-4.02987,42.78834],[-4.03292,42.80126],[-4.01418,42.80638],[-4.02078,42.81935],[-4.0023,42.83091],[-3.99594,42.78622],[-4.00309,42.76336],[-4.04611,42.7668]]],[[[-4.10157,42.79373],[-4.11322,42.81621],[-4.1073,42.8277],[-4.08887,42.81853],[-4.08949,42.80032],[-4.10157,42.79373]]],[[[-4.16863,42.81158],[-4.18298,42.8205],[-4.16159,42.82033],[-4.16863,42.81158]]]]}},{"type":"Feature","id":"35","properties":{"code":"35","name":"Las Palmas","nationalCode":"34053500000"},"geometry":{"type":"MultiPolygon","coordinates":[[[[-14.36468,28.04952],[-14.35848,28.04951],[-14.47763,28.07784],[-14.51004,28.06822],[-14.49247,28.08419],[-14.49913,28.10073],[-14.49124,28.11101],[-14.48121,28.10024],[-14.45577,28.10545],[-14.45029,28.10012],[-14.37349,28.11667],[-14.30689,28.14992],[-14.22291,28.21525],[-14.20836,28.26007],[-14.21438,28.2872],[-14.20392,28.32809],[-14.1774,28.34587],[-14.16226,28.36873],[-14.14702,28.43846],[-14.09808,28.47886],[-14.06372,28.5432],[-14.06677,28.5504],[-14.03334,28.59306],[-14.03864,28.61524],[-14.00889,28.67727],[-14.02036,28.69608],[-14.01743,28.71478],[-14.00528,28.71112],[-13.99881,28.7246],[-13.94156,28.74624],[-13.93777,28.73916],[-13.92659,28.75141],[-13.9157,28.74475],[-13.89075,28.757],[-13.87434,28.74267],[-13.86528,28.74529],[-13.86062,28.74039],[-13.86622,28.73344],[-13.84244,28.72626],[-13.83089,28.69386],[-13.8255,28.55527],[-13.83763,28.54222],[-13.84272,28.50377],[-13.85471,28.49931],[-13.85499,28.49103],[-13.85784,28.49852],[-13.86757,28.48067],[-13.8571,28.4616],[-13.86235,28.43267],[-13.85014,28.42142],[-13.84988,28.4006],[-13.86002,28.39291],[-13.88603,28.32544],[-13.89535,28.32357],[-13.90331,28.30055],[-13.89731,28.2853],[-13.90128,28.27462],[-13.9103,28.27337],[-13.91725,28.25196],[-13.94504,28.2288],[-13.98664,28.22818],[-14.01267,28.20768],[-14.07345,28.20158],[-14.21864,28.16499],[-14.25225,28.11614],[-14.32566,28.04688],[-14.36468,28.04952]]],[[[-15.69643,27.77113],[-15.69754,27.77184],[-15.69569,27.77167],[-15.69643,27.77113]]],[[[-15.8227,27.99436],[-15.82236,27.99412],[-15.82261,27.99417],[-15.8227,27.99436]]],[[[-15.82126,27.99601],[-15.82153,27.9962],[-15.82126,27.99611],[-15.82126,27.99601]]],[[[-15.3595,27.93919],[-15.35934,27.93983],[-15.35881,27.93917],[-15.3595,27.93919]]],[[[-15.3821,27.86163],[-15.38125,27.86183],[-15.38116,27.86105],[-15.3821,27.86163]]],[[[-15.36495,27.99313],[-15.36289,27.99295],[-15.36352,27.9922],[-15.36495,27.99313]]],[[[-15.79384,28.019],[-15.79425,28.01872],[-15.7943,28.01926],[-15.79384,28.019]]],[[[-15.77794,28.02868],[-15.77831,28.02853],[-15.77824,28.02894],[-15.77794,28.02868]]],[[[-15.38549,28.02798],[-15.3848,28.02793],[-15.38571,28.02754],[-15.38549,28.02798]]],[[[-15.38677,28.02978],[-15.38654,28.0299],[-15.38689,28.0293],[-15.38677,28.02978]]],[[[-15.70898,28.09812],[-15.70904,28.09775],[-15.70928,28.09775],[-15.70898,28.09812]]],[[[-15.70936,28.09805],[-15.70981,28.09804],[-15.70934,28.09827],[-15.70936,28.09805]]],[[[-14.2098,28.25804],[-14.20974,28.2579],[-14.21004,28.25766],[-14.2098,28.25804]]],[[[-14.20935,28.25962],[-14.2093,28.25912],[-14.20963,28.25925],[-14.20935,28.25962]]],[[[-14.21167,28.26805],[-14.21155,28.26777],[-14.21187,28.26775],[-14.21167,28.26805]]],[[[-14.15861,28.40759],[-14.15874,28.40742],[-14.15873,28.40768],[-14.15861,28.40759]]],[[[-14.15892,28.4085],[-14.15888,28.40827],[-14.15905,28.40827],[-14.15892,28.4085]]],[[[-14.1612,28.39271],[-14.16181,28.39242],[-14.16133,28.39292],[-14.1612,28.39271]]],[[[-14.08685,28.50633],[-14.08736,28.50617],[-14.08696,28.50647],[-14.08685,28.50633]]],[[[-14.07415,28.52727],[-14.07442,28.52809],[-14.07412,28.52855],[-14.07415,28.52727]]],[[[-14.07323,28.52867],[-14.07322,28.52849],[-14.07336,28.52849],[-14.07323,28.52867]]],[[[-14.07114,28.53228],[-14.07115,28.5321],[-14.07123,28.53219],[-14.07114,28.53228]]],[[[-14.0699,28.53691],[-14.07027,28.53701],[-14.06978,28.53708],[-14.0699,28.53691]]],[[[-14.07013,28.54016],[-14.06954,28.54098],[-14.07023,28.53996],[-14.07013,28.54016]]],[[[-14.08977,28.49836],[-14.08997,28.49827],[-14.08982,28.4985],[-14.08977,28.49836]]],[[[-14.08958,28.49841],[-14.08975,28.49837],[-14.08957,28.49854],[-14.08958,28.49841]]],[[[-14.15852,28.41116],[-14.15901,28.41093],[-14.15881,28.4113],[-14.15852,28.41116]]],[[[-14.15811,28.41138],[-14.15798,28.41106],[-14.15824,28.41091],[-14.15811,28.41138]]],[[[-14.15821,28.41192],[-14.15855,28.41172],[-14.15825,28.4122],[-14.15821,28.41192]]],[[[-14.43499,28.10212],[-14.43538,28.10235],[-14.43463,28.1023],[-14.43499,28.10212]]],[[[-14.4768,28.104],[-14.477,28.10417],[-14.47655,28.10385],[-14.4768,28.104]]],[[[-14.47494,28.10497],[-14.47462,28.10502],[-14.47503,28.10469],[-14.47494,28.10497]]],[[[-15.43418,28.15388],[-15.43448,28.15423],[-15.43409,28.15418],[-15.43418,28.15388]]],[[[-14.50104,28.09024],[-14.50134,28.09018],[-14.50108,28.09047],[-14.50104,28.09024]]],[[[-14.51205,28.06841],[-14.51281,28.06798],[-14.51256,28.06868],[-14.51205,28.06841]]],[[[-14.51146,28.06927],[-14.51168,28.06908],[-14.51153,28.06953],[-14.51146,28.06927]]],[[[-14.51139,28.07003],[-14.51144,28.06975],[-14.51155,28.07019],[-14.51139,28.07003]]],[[[-15.3799,27.93142],[-15.39392,27.89094],[-15.38078,27.87594],[-15.38543,27.85748],[-15.39841,27.85622],[-15.39939,27.84202],[-15.4142,27.84663],[-15.42257,27.8106],[-15.4327,27.79982],[-15.51836,27.78123],[-15.56346,27.76061],[-15.57011,27.73771],[-15.59902,27.7345],[-15.61982,27.74899],[-15.62857,27.74505],[-15.65791,27.75644],[-15.67456,27.74917],[-15.6858,27.75643],[-15.68999,27.77131],[-15.70063,27.77095],[-15.78731,27.83415],[-15.83309,27.9099],[-15.82793,27.94696],[-15.83452,27.97034],[-15.81739,28.00491],[-15.82279,28.01366],[-15.78631,28.02113],[-15.7657,28.04599],[-15.73784,28.05457],[-15.71082,28.08309],[-15.70919,28.12102],[-15.69928,28.133],[-15.70476,28.14248],[-15.69623,28.15165],[-15.70881,28.16598],[-15.6832,28.17061],[-15.68134,28.16226],[-15.6663,28.15814],[-15.63725,28.17196],[-15.61372,28.14771],[-15.59991,28.14434],[-15.54599,28.14644],[-15.52681,28.15507],[-15.46749,28.12613],[-15.43749,28.13799],[-15.43149,28.15126],[-15.44247,28.16618],[-15.42012,28.18159],[-15.40701,28.17802],[-15.39814,28.16174],[-15.39847,28.15233],[-15.40501,28.16191],[-15.40456,28.12131],[-15.40691,28.15819],[-15.4156,28.14757],[-15.41198,28.12813],[-15.41771,28.12833],[-15.41728,28.14625],[-15.4277,28.14678],[-15.42119,28.13746],[-15.42769,28.14081],[-15.42797,28.12739],[-15.41115,28.1008],[-15.41944,28.05965],[-15.41444,28.04504],[-15.38724,28.02933],[-15.36712,27.99202],[-15.3844,27.96737],[-15.37817,27.96289],[-15.38001,27.9479],[-15.35854,27.93106],[-15.3799,27.93142]]],[[[-14.50073,28.09122],[-14.50088,28.09076],[-14.50107,28.0912],[-14.50073,28.09122]]],[[[-15.46377,28.12838],[-15.46366,28.12826],[-15.46379,28.12826],[-15.46377,28.12838]]],[[[-15.46006,28.12838],[-15.4603,28.12834],[-15.46019,28.12845],[-15.46006,28.12838]]],[[[-15.46444,28.12854],[-15.46469,28.12833],[-15.46466,28.12857],[-15.46444,28.12854]]],[[[-15.46365,28.1291],[-15.46379,28.129],[-15.46384,28.12911],[-15.46365,28.1291]]],[[[-15.46282,28.12915],[-15.46301,28.12919],[-15.46279,28.12926],[-15.46282,28.12915]]],[[[-15.45707,28.12981],[-15.45755,28.12949],[-15.45691,28.13006],[-15.45707,28.12981]]],[[[-15.44947,28.13233],[-15.44983,28.1323],[-15.44954,28.13262],[-15.44947,28.13233]]],[[[-15.44135,28.13753],[-15.44241,28.13687],[-15.44137,28.13787],[-15.44135,28.13753]]],[[[-15.44093,28.13807],[-15.44109,28.13831],[-15.44042,28.13826],[-15.44093,28.13807]]],[[[-15.43945,28.13909],[-15.43985,28.13884],[-15.43976,28.13918],[-15.43945,28.13909]]],[[[-15.4964,28.14539],[-15.49663,28.14541],[-15.4965,28.14547],[-15.4964,28.14539]]],[[[-15.49661,28.14681],[-15.4967,28.1466],[-15.49709,28.14676],[-15.49661,28.14681]]],[[[-15.49613,28.14664],[-15.49637,28.14647],[-15.49622,28.14707],[-15.49613,28.14664]]],[[[-15.43765,28.14162],[-15.43901,28.14014],[-15.43457,28.14627],[-15.43765,28.14162]]],[[[-15.66892,28.1592],[-15.66907,28.15944],[-15.66885,28.15942],[-15.66892,28.1592]]],[[[-15.40263,28.17077],[-15.40347,28.17053],[-15.4029,28.171],[-15.40263,28.17077]]],[[[-15.40215,28.17225],[-15.40236,28.17228],[-15.40199,28.17233],[-15.40215,28.17225]]],[[[-15.41243,28.1794],[-15.41246,28.17927],[-15.41267,28.17937],[-15.41243,28.1794]]],[[[-14.03345,28.63157],[-14.03389,28.63141],[-14.03354,28.63175],[-14.03345,28.63157]]],[[[-14.03206,28.62551],[-14.03244,28.62508],[-14.03239,28.62541],[-14.03206,28.62551]]],[[[-14.0328,28.63157],[-14.03302,28.63135],[-14.03318,28.63174],[-14.0328,28.63157]]],[[[-13.81687,28.73523],[-13.81688,28.73487],[-13.8171,28.73517],[-13.81687,28.73523]]],[[[-14.0355,28.62042],[-14.03519,28.6204],[-14.03554,28.62006],[-14.0355,28.62042]]],[[[-14.03596,28.62053],[-14.03584,28.62055],[-14.03611,28.62023],[-14.03596,28.62053]]],[[[-14.03577,28.62052],[-14.03558,28.62039],[-14.03588,28.62017],[-14.03577,28.62052]]],[[[-13.83484,28.94177],[-13.83454,28.9417],[-13.83467,28.94163],[-13.83484,28.94177]]],[[[-13.54974,28.95257],[-13.54747,28.9581],[-13.54368,28.95402],[-13.54974,28.95257]]],[[[-13.5535,28.95481],[-13.55195,28.95468],[-13.55508,28.95491],[-13.5535,28.95481]]],[[[-13.83409,28.94279],[-13.83417,28.9429],[-13.83402,28.94287],[-13.83409,28.94279]]],[[[-13.83476,28.97034],[-13.83487,28.97086],[-13.83422,28.97026],[-13.83476,28.97034]]],[[[-13.81472,28.73653],[-13.81413,28.73669],[-13.8148,28.73629],[-13.81472,28.73653]]],[[[-13.81777,28.73636],[-13.81825,28.73668],[-13.81815,28.73728],[-13.81777,28.73636]]],[[[-13.81744,28.73725],[-13.8159,28.73754],[-13.81607,28.7371],[-13.81744,28.73725]]],[[[-13.82209,28.73701],[-13.83572,28.75239],[-13.81428,28.7653],[-13.81445,28.73937],[-13.82209,28.73701]]],[[[-13.82944,28.75689],[-13.82926,28.75636],[-13.82985,28.75719],[-13.82944,28.75689]]],[[[-13.42681,29.16291],[-13.42684,29.16296],[-13.42675,29.16296],[-13.42681,29.16291]]],[[[-13.52248,29.1552],[-13.5234,29.15575],[-13.52233,29.15574],[-13.52248,29.1552]]],[[[-13.52299,29.15799],[-13.52376,29.15835],[-13.52374,29.15804],[-13.52299,29.15799]],[[-13.33772,29.27574],[-13.33496,29.27741],[-13.33934,29.27431],[-13.33772,29.27574]]],[[[-13.42646,29.16419],[-13.42641,29.16422],[-13.42638,29.16418],[-13.42646,29.16419]]],[[[-13.4399,29.21955],[-13.4407,29.22264],[-13.4395,29.22142],[-13.4399,29.21955]]],[[[-13.52719,29.31018],[-13.5278,29.3108],[-13.52678,29.31192],[-13.52719,29.31018]]],[[[-13.5315,29.40057],[-13.53162,29.4005],[-13.53169,29.40074],[-13.5315,29.40057]]],[[[-13.48599,29.40363],[-13.48599,29.40375],[-13.48586,29.40366],[-13.48599,29.40363]]],[[[-13.52917,29.40305],[-13.52918,29.40284],[-13.52961,29.40281],[-13.52917,29.40305]]],[[[-13.48876,29.25],[-13.50147,29.22659],[-13.53403,29.2168],[-13.54763,29.2225],[-13.54576,29.23253],[-13.52641,29.24259],[-13.51121,29.29072],[-13.47335,29.27076],[-13.48876,29.25]]],[[[-13.52962,29.30389],[-13.5313,29.29029],[-13.54029,29.28947],[-13.53977,29.30295],[-13.52962,29.30389]]],[[[-13.53985,29.13667],[-13.5402,29.13674],[-13.53981,29.13674],[-13.53985,29.13667]]],[[[-13.53833,29.1369],[-13.5385,29.13685],[-13.53826,29.13695],[-13.53833,29.1369]]],[[[-13.5388,29.13699],[-13.53885,29.13693],[-13.53887,29.13701],[-13.5388,29.13699]]],[[[-13.53956,29.1371],[-13.53959,29.13715],[-13.53954,29.13716],[-13.53956,29.1371]]],[[[-13.53872,29.13712],[-13.53886,29.13713],[-13.53864,29.13717],[-13.53872,29.13712]]],[[[-13.53806,29.13727],[-13.5382,29.13715],[-13.53814,29.13736],[-13.53806,29.13727]]],[[[-13.53913,29.13838],[-13.53923,29.13839],[-13.53921,29.13849],[-13.53913,29.13838]]],[[[-13.52453,29.1447],[-13.52462,29.14461],[-13.52469,29.14467],[-13.52453,29.1447]]],[[[-13.52425,29.14648],[-13.52452,29.14647],[-13.5242,29.14659],[-13.52425,29.14648]]],[[[-13.53764,29.13743],[-13.5378,29.13743],[-13.53751,29.13762],[-13.53764,29.13743]]],[[[-13.53907,29.13754],[-13.53918,29.13767],[-13.53907,29.13766],[-13.53907,29.13754]]],[[[-13.75973,29.07212],[-13.75959,29.07188],[-13.75997,29.07198],[-13.75973,29.07212]]],[[[-13.60494,28.94183],[-13.64355,28.9192],[-13.68996,28.91995],[-13.73661,28.90645],[-13.74907,28.8746],[-13.7872,28.8384],[-13.8007,28.85833],[-13.87689,28.85964],[-13.88177,28.88606],[-13.85784,28.89744],[-13.82917,28.93035],[-13.83386,28.98994],[-13.81518,29.03331],[-13.77928,29.06193],[-13.76081,29.06738],[-13.75619,29.07761],[-13.72302,29.08502],[-13.70689,29.08],[-13.68093,29.10365],[-13.65198,29.1139],[-13.65238,29.12015],[-13.66199,29.11635],[-13.6578,29.1238],[-13.64154,29.12446],[-13.63294,29.11611],[-13.60175,29.13628],[-13.55948,29.11592],[-13.54355,29.12092],[-13.52467,29.14125],[-13.52212,29.16875],[-13.49703,29.21826],[-13.46984,29.24088],[-13.46588,29.22662],[-13.42384,29.20863],[-13.41915,29.19751],[-13.42891,29.15448],[-13.46422,29.12791],[-13.44743,29.09125],[-13.46641,29.05534],[-13.46479,29.01913],[-13.47615,29.01379],[-13.48592,28.99231],[-13.52505,28.97565],[-13.52812,28.96416],[-13.53137,28.97323],[-13.54305,28.9569],[-13.58193,28.95339],[-13.60494,28.94183]]],[[[-13.7594,29.07237],[-13.75912,29.07215],[-13.75969,29.07247],[-13.7594,29.07237]]],[[[-13.50464,29.41616],[-13.50502,29.4164],[-13.5047,29.41642],[-13.50464,29.41616]]],[[[-13.5238,29.41036],[-13.50573,29.41601],[-13.48621,29.40339],[-13.5068,29.38448],[-13.52322,29.38268],[-13.53192,29.39481],[-13.5238,29.41036]]],[[[-13.52665,29.4055],[-13.52665,29.4053],[-13.52691,29.4053],[-13.52665,29.4055]]],[[[-13.5245,29.41023],[-13.52473,29.41022],[-13.5246,29.41035],[-13.5245,29.41023]]],[[[-13.52415,29.41029],[-13.52431,29.41028],[-13.52431,29.41037],[-13.52415,29.41029]]],[[[-13.51896,29.41204],[-13.51911,29.41224],[-13.51891,29.41219],[-13.51896,29.41204]]],[[[-13.51604,29.41238],[-13.51599,29.4123],[-13.51623,29.41236],[-13.51604,29.41238]]],[[[-13.5157,29.4126],[-13.51643,29.41346],[-13.51486,29.41284],[-13.5157,29.4126]]],[[[-13.51836,29.41168],[-13.51898,29.41139],[-13.51855,29.41183],[-13.51836,29.41168]]],[[[-13.52232,29.4116],[-13.52258,29.41141],[-13.52262,29.41185],[-13.52232,29.4116]]],[[[-13.49784,29.41365],[-13.49787,29.41403],[-13.49709,29.41366],[-13.49784,29.41365]]],[[[-13.50129,29.41431],[-13.50133,29.41377],[-13.50161,29.4143],[-13.50129,29.41431]]],[[[-13.51177,29.41505],[-13.51189,29.41511],[-13.51174,29.41515],[-13.51177,29.41505]]],[[[-13.5114,29.4154],[-13.51158,29.4152],[-13.51181,29.41568],[-13.5114,29.4154]]],[[[-13.50342,29.41608],[-13.50366,29.41606],[-13.5034,29.41624],[-13.50342,29.41608]]],[[[-14.06883,28.54156],[-14.06877,28.54124],[-14.06887,28.54115],[-14.06883,28.54156]]],[[[-14.06927,28.54165],[-14.06938,28.54137],[-14.06938,28.54161],[-14.06927,28.54165]]],[[[-14.06575,28.54732],[-14.06608,28.547],[-14.06606,28.54739],[-14.06575,28.54732]]]]}},{"type":"Feature","id":"36","properties":{"code":"36","name":"Pontevedra","nationalCode":"34123600000"},"geometry":{"type":"MultiPolygon","coordinates":[[[[-8.83048,41.90068],[-8.83915,41.88634],[-8.86915,41.86683],[-8.88187,41.88109],[-8.88058,41.89982],[-8.87416,41.89905],[-8.88191,41.90064],[-8.87649,41.90994],[-8.88542,41.91687],[-8.88856,41.97748],[-8.87682,42.00234],[-8.88978,42.02616],[-8.88396,42.03829],[-8.89675,42.06681],[-8.89159,42.08225],[-8.90068,42.11229],[-8.88061,42.11022],[-8.85164,42.12828],[-8.84113,42.11464],[-8.82604,42.11508],[-8.82013,42.14138],[-8.84747,42.14871],[-8.8502,42.15651],[-8.82251,42.15708],[-8.81204,42.18034],[-8.81595,42.18746],[-8.77942,42.20362],[-8.77523,42.22213],[-8.75675,42.22416],[-8.76323,42.23073],[-8.75139,42.23491],[-8.73982,42.23263],[-8.7531,42.23066],[-8.75096,42.22525],[-8.74046,42.2263],[-8.73363,42.24064],[-8.71274,42.24105],[-8.70695,42.25652],[-8.67679,42.26437],[-8.66119,42.28488],[-8.61087,42.28751],[-8.62098,42.2905],[-8.61426,42.29916],[-8.62373,42.30987],[-8.61153,42.32643],[-8.61187,42.34521],[-8.63678,42.34749],[-8.64528,42.33727],[-8.63625,42.32651],[-8.65525,42.32171],[-8.66227,42.31113],[-8.65186,42.2977],[-8.68967,42.28],[-8.71247,42.27573],[-8.7172,42.28855],[-8.71901,42.2813],[-8.73148,42.28669],[-8.73741,42.27111],[-8.7659,42.25835],[-8.78413,42.26288],[-8.79256,42.24635],[-8.81385,42.25944],[-8.82893,42.25087],[-8.85519,42.26141],[-8.86382,42.24652],[-8.87302,42.24998],[-8.85585,42.3098],[-8.8316,42.27809],[-8.81687,42.27869],[-8.82323,42.28667],[-8.81844,42.31352],[-8.82694,42.33372],[-8.83916,42.33912],[-8.80033,42.33855],[-8.79113,42.32704],[-8.75501,42.33992],[-8.73686,42.37661],[-8.70517,42.39902],[-8.69681,42.3936],[-8.69092,42.40037],[-8.69835,42.40269],[-8.68471,42.40447],[-8.65281,42.43269],[-8.67665,42.42048],[-8.68538,42.42419],[-8.68742,42.43771],[-8.69518,42.43768],[-8.77471,42.38766],[-8.78174,42.39564],[-8.81332,42.40117],[-8.8389,42.38427],[-8.86477,42.41124],[-8.88094,42.41485],[-8.87119,42.43526],[-8.88257,42.45481],[-8.91227,42.46243],[-8.9333,42.45299],[-8.94167,42.46343],[-8.93747,42.4792],[-8.90877,42.47538],[-8.89083,42.48654],[-8.88984,42.48099],[-8.88293,42.48872],[-8.89179,42.48872],[-8.89111,42.49481],[-8.87162,42.50121],[-8.87173,42.4958],[-8.85855,42.49807],[-8.85551,42.47275],[-8.87274,42.46161],[-8.86943,42.44805],[-8.8481,42.46033],[-8.81964,42.45177],[-8.83089,42.48433],[-8.82477,42.49454],[-8.81866,42.48977],[-8.80532,42.5008],[-8.81833,42.50219],[-8.81827,42.51947],[-8.82629,42.51533],[-8.81347,42.52894],[-8.82892,42.51845],[-8.8255,42.53884],[-8.83635,42.55867],[-8.82576,42.55277],[-8.8186,42.55927],[-8.83487,42.56479],[-8.82584,42.57794],[-8.79518,42.58007],[-8.78529,42.59959],[-8.77222,42.59324],[-8.76859,42.60658],[-8.779,42.61415],[-8.72827,42.66767],[-8.72504,42.69904],[-8.71737,42.70636],[-8.67818,42.71163],[-8.65499,42.7205],[-8.65094,42.72915],[-8.62396,42.71425],[-8.60664,42.71515],[-8.59993,42.74312],[-8.55628,42.74599],[-8.55978,42.75711],[-8.55345,42.7613],[-8.53377,42.7518],[-8.4937,42.7566],[-8.47036,42.74368],[-8.40733,42.75402],[-8.41466,42.7666],[-8.39963,42.78068],[-8.39144,42.77668],[-8.39208,42.78936],[-8.35472,42.77882],[-8.33163,42.79443],[-8.33044,42.82732],[-8.34266,42.82846],[-8.34563,42.83594],[-8.33017,42.8423],[-8.32457,42.83141],[-8.31613,42.84585],[-8.31032,42.83044],[-8.29345,42.82961],[-8.29959,42.8189],[-8.28058,42.81087],[-8.27416,42.813],[-8.27688,42.82164],[-8.25457,42.8367],[-8.24575,42.8276],[-8.23518,42.83285],[-8.20727,42.82516],[-8.206,42.83222],[-8.2208,42.84429],[-8.20551,42.84329],[-8.18327,42.86014],[-8.13906,42.84311],[-8.12061,42.85049],[-8.11685,42.84119],[-8.07508,42.85331],[-8.06044,42.8433],[-8.06415,42.83684],[-8.04682,42.83148],[-8.01359,42.85021],[-7.9831,42.84233],[-7.96888,42.84967],[-7.95641,42.83975],[-7.98048,42.81134],[-7.97841,42.7787],[-7.93537,42.73974],[-7.86639,42.72064],[-7.86143,42.7062],[-7.89261,42.67766],[-7.88752,42.66088],[-7.89255,42.62963],[-7.91927,42.58433],[-7.96489,42.56662],[-7.99249,42.5725],[-8.01863,42.54222],[-8.04844,42.55491],[-8.05938,42.54869],[-8.0905,42.55776],[-8.14684,42.54867],[-8.17386,42.57197],[-8.21758,42.53386],[-8.23886,42.53851],[-8.26373,42.52568],[-8.27476,42.50839],[-8.30273,42.49021],[-8.34049,42.4924],[-8.35262,42.48076],[-8.36634,42.48735],[-8.34202,42.4657],[-8.33826,42.43343],[-8.3147,42.38098],[-8.3245,42.36921],[-8.31746,42.3563],[-8.3247,42.34505],[-8.30523,42.33998],[-8.2848,42.31766],[-8.26195,42.31538],[-8.2729,42.28241],[-8.26458,42.25286],[-8.22946,42.23293],[-8.20345,42.24452],[-8.16213,42.24447],[-8.17267,42.23519],[-8.16461,42.22144],[-8.19226,42.20912],[-8.17478,42.20379],[-8.17684,42.18744],[-8.16167,42.18134],[-8.16537,42.17367],[-8.22314,42.13336],[-8.24631,42.13918],[-8.25627,42.13514],[-8.25922,42.12102],[-8.27437,42.1233],[-8.30024,42.10554],[-8.32242,42.10195],[-8.3319,42.0842],[-8.36349,42.09024],[-8.38104,42.07728],[-8.4044,42.08044],[-8.42829,42.07223],[-8.44336,42.08293],[-8.52355,42.07845],[-8.5255,42.06448],[-8.55674,42.0514],[-8.63017,42.04998],[-8.65774,42.03066],[-8.6635,42.00221],[-8.73728,41.96963],[-8.74719,41.96194],[-8.7459,41.94817],[-8.75536,41.93482],[-8.83048,41.90068]]],[[[-8.87175,42.52414],[-8.8818,42.53019],[-8.87108,42.53208],[-8.87986,42.54027],[-8.87167,42.54494],[-8.87001,42.56091],[-8.88074,42.55768],[-8.89192,42.56847],[-8.87665,42.57489],[-8.87082,42.56408],[-8.85588,42.56599],[-8.86291,42.55169],[-8.85603,42.5468],[-8.868,42.54338],[-8.86381,42.52636],[-8.87175,42.52414]]],[[[-8.93896,42.35515],[-8.9483,42.36126],[-8.93818,42.37066],[-8.94511,42.38032],[-8.93212,42.39824],[-8.9211,42.39966],[-8.93896,42.35515]]],[[[-8.9138,42.21135],[-8.90351,42.22434],[-8.91413,42.25153],[-8.89547,42.2274],[-8.90193,42.2248],[-8.89922,42.21711],[-8.9138,42.21135]]],[[[-8.89249,42.19065],[-8.91268,42.19555],[-8.91249,42.20593],[-8.89249,42.19065]]],[[[-8.84704,42.48187],[-8.85314,42.48877],[-8.84195,42.50083],[-8.84704,42.48187]]],[[[-8.78678,42.614],[-8.78869,42.62017],[-8.78029,42.62234],[-8.78678,42.614]]],[[[-8.70817,42.40764],[-8.71257,42.4115],[-8.70861,42.41478],[-8.70817,42.40764]]],[[[-8.93779,42.34291],[-8.93752,42.34877],[-8.93314,42.34879],[-8.93779,42.34291]]],[[[-8.90125,42.53728],[-8.90445,42.54078],[-8.89724,42.54348],[-8.90125,42.53728]]],[[[-8.83403,42.48935],[-8.83696,42.48989],[-8.83372,42.4972],[-8.83403,42.48935]]],[[[-8.85526,42.14439],[-8.85709,42.14836],[-8.85369,42.14674],[-8.85526,42.14439]]],[[[-8.80251,42.19917],[-8.80484,42.2003],[-8.79905,42.2027],[-8.80251,42.19917]]],[[[-8.91406,42.54357],[-8.91664,42.54752],[-8.91335,42.54565],[-8.91406,42.54357]]],[[[-8.86592,42.14495],[-8.86642,42.14705],[-8.86235,42.14654],[-8.86592,42.14495]]],[[[-8.85684,42.46167],[-8.86059,42.46597],[-8.85696,42.46414],[-8.85684,42.46167]]],[[[-8.90699,42.54363],[-8.9079,42.54682],[-8.90611,42.54589],[-8.90699,42.54363]]],[[[-8.83792,42.55017],[-8.83951,42.55087],[-8.83795,42.5527],[-8.83792,42.55017]]],[[[-8.90903,42.5324],[-8.90949,42.53378],[-8.90709,42.53461],[-8.90903,42.5324]]],[[[-8.8545,42.45544],[-8.85511,42.45717],[-8.85078,42.4578],[-8.8545,42.45544]]],[[[-8.83679,42.48057],[-8.83871,42.48291],[-8.83574,42.48283],[-8.83679,42.48057]]],[[[-8.62863,42.30603],[-8.62872,42.30857],[-8.62769,42.30772],[-8.62863,42.30603]]],[[[-8.82031,42.49656],[-8.81876,42.49855],[-8.81872,42.49724],[-8.82031,42.49656]]],[[[-8.81591,42.4959],[-8.81581,42.49764],[-8.81417,42.49696],[-8.81591,42.4959]]],[[[-8.79738,42.60951],[-8.79642,42.61141],[-8.79573,42.61017],[-8.79738,42.60951]]],[[[-8.82375,42.5542],[-8.82467,42.55586],[-8.82268,42.55468],[-8.82375,42.5542]]],[[[-8.94855,42.36628],[-8.9493,42.36765],[-8.94776,42.36752],[-8.94855,42.36628]]],[[[-8.73324,42.6659],[-8.73068,42.66883],[-8.73102,42.66701],[-8.73324,42.6659]]],[[[-8.90578,42.53993],[-8.90693,42.54153],[-8.90585,42.5422],[-8.90578,42.53993]]],[[[-8.94288,42.46265],[-8.94397,42.46446],[-8.94217,42.46413],[-8.94288,42.46265]]],[[[-8.9448,42.4763],[-8.94455,42.47851],[-8.94385,42.47757],[-8.9448,42.4763]]],[[[-8.83159,42.54118],[-8.83232,42.54257],[-8.83132,42.54241],[-8.83159,42.54118]]],[[[-8.89022,42.04202],[-8.89137,42.04245],[-8.88825,42.0427],[-8.89022,42.04202]]],[[[-8.91208,42.54379],[-8.91262,42.54558],[-8.9118,42.54533],[-8.91208,42.54379]]],[[[-8.75431,42.34895],[-8.75431,42.35052],[-8.75335,42.35059],[-8.75431,42.34895]]],[[[-8.79259,42.61134],[-8.79383,42.61275],[-8.79246,42.61242],[-8.79259,42.61134]]],[[[-8.87703,42.1461],[-8.87805,42.14741],[-8.87593,42.14706],[-8.87703,42.1461]]],[[[-8.85063,42.46365],[-8.85128,42.46609],[-8.84947,42.46496],[-8.85063,42.46365]]],[[[-8.82331,42.55729],[-8.82303,42.55905],[-8.82259,42.55785],[-8.82331,42.55729]]],[[[-8.82937,42.53661],[-8.83007,42.53701],[-8.82949,42.53854],[-8.82937,42.53661]]],[[[-8.91598,42.21615],[-8.91732,42.21702],[-8.91612,42.21724],[-8.91598,42.21615]]],[[[-8.87474,42.53488],[-8.87528,42.53585],[-8.87424,42.53626],[-8.87474,42.53488]]],[[[-8.87344,42.55394],[-8.8747,42.55454],[-8.87457,42.55563],[-8.87344,42.55394]]],[[[-8.89857,42.11363],[-8.89946,42.11427],[-8.89818,42.11477],[-8.89857,42.11363]]],[[[-8.84839,42.46524],[-8.85188,42.46697],[-8.84915,42.46701],[-8.84839,42.46524]]],[[[-8.89822,42.21362],[-8.89886,42.21534],[-8.89767,42.21485],[-8.89822,42.21362]]],[[[-8.82768,42.53349],[-8.828,42.53451],[-8.82721,42.53524],[-8.82768,42.53349]]],[[[-8.88754,42.49649],[-8.88654,42.49819],[-8.88665,42.49712],[-8.88754,42.49649]]],[[[-8.62938,42.30892],[-8.63007,42.30999],[-8.62915,42.3098],[-8.62938,42.30892]]],[[[-8.8276,42.53044],[-8.82794,42.53185],[-8.82727,42.53208],[-8.8276,42.53044]]],[[[-8.7379,42.6633],[-8.73715,42.6643],[-8.73613,42.66445],[-8.7379,42.6633]]],[[[-8.87998,42.42937],[-8.88039,42.43008],[-8.87903,42.43004],[-8.87998,42.42937]]],[[[-8.82848,42.12273],[-8.82969,42.12355],[-8.82844,42.12348],[-8.82848,42.12273]]],[[[-8.87207,42.55981],[-8.87277,42.56065],[-8.87224,42.56104],[-8.87207,42.55981]]],[[[-8.90178,42.11624],[-8.90334,42.11742],[-8.90222,42.11712],[-8.90178,42.11624]]],[[[-8.81826,42.51172],[-8.81854,42.51238],[-8.8177,42.51295],[-8.81826,42.51172]]],[[[-8.83754,42.49305],[-8.83769,42.49443],[-8.83692,42.49347],[-8.83754,42.49305]]],[[[-8.87729,42.53588],[-8.87721,42.53748],[-8.87684,42.53681],[-8.87729,42.53588]]],[[[-8.89734,42.08771],[-8.8981,42.088],[-8.89757,42.0888],[-8.89734,42.08771]]],[[[-8.87751,42.52715],[-8.87815,42.52762],[-8.87776,42.52822],[-8.87751,42.52715]]],[[[-8.93757,42.34231],[-8.9371,42.34297],[-8.93617,42.34323],[-8.93757,42.34231]]],[[[-8.83125,42.46995],[-8.8322,42.47038],[-8.83069,42.47048],[-8.83125,42.46995]]],[[[-8.8598,42.40292],[-8.8602,42.404],[-8.85942,42.40324],[-8.8598,42.40292]]],[[[-8.92094,42.40016],[-8.92116,42.40111],[-8.9204,42.40048],[-8.92094,42.40016]]],[[[-8.77784,42.22328],[-8.77798,42.22415],[-8.77722,42.2239],[-8.77784,42.22328]]],[[[-8.62504,42.34026],[-8.62548,42.34057],[-8.62512,42.34144],[-8.62504,42.34026]]],[[[-8.82814,42.32278],[-8.82857,42.32297],[-8.82765,42.32391],[-8.82814,42.32278]]],[[[-8.94557,42.37934],[-8.94579,42.38042],[-8.9449,42.38094],[-8.94557,42.37934]]],[[[-8.87551,41.86885],[-8.87592,41.86907],[-8.8752,41.87019],[-8.87551,41.86885]]],[[[-8.9039,42.11609],[-8.90433,42.11663],[-8.90371,42.11768],[-8.9039,42.11609]]],[[[-8.82508,42.49476],[-8.82565,42.49533],[-8.82492,42.4958],[-8.82508,42.49476]]],[[[-8.75115,42.35129],[-8.7515,42.35222],[-8.75091,42.35211],[-8.75115,42.35129]]],[[[-8.82835,42.24976],[-8.82796,42.2507],[-8.82768,42.25011],[-8.82835,42.24976]]],[[[-8.62313,42.33922],[-8.62374,42.33994],[-8.62342,42.34031],[-8.62313,42.33922]]],[[[-8.89554,42.49013],[-8.89581,42.49059],[-8.89503,42.49121],[-8.89554,42.49013]]],[[[-8.88754,42.54427],[-8.88793,42.5446],[-8.88734,42.5454],[-8.88754,42.54427]]],[[[-8.8659,42.51843],[-8.86612,42.51919],[-8.86494,42.51946],[-8.8659,42.51843]]],[[[-8.90984,42.17812],[-8.90987,42.17913],[-8.90928,42.17884],[-8.90984,42.17812]]],[[[-8.87474,42.14723],[-8.8758,42.14753],[-8.87508,42.14794],[-8.87474,42.14723]]],[[[-8.83331,42.54384],[-8.83381,42.54458],[-8.83299,42.54479],[-8.83331,42.54384]]],[[[-8.8941,42.05897],[-8.89505,42.05971],[-8.8938,42.05927],[-8.8941,42.05897]]],[[[-8.88985,42.02657],[-8.89077,42.02712],[-8.88996,42.02719],[-8.88985,42.02657]]],[[[-8.90036,42.11472],[-8.90101,42.11478],[-8.90097,42.11598],[-8.90036,42.11472]]],[[[-8.86853,42.14584],[-8.86889,42.14605],[-8.86804,42.14664],[-8.86853,42.14584]]],[[[-8.90333,42.45896],[-8.90398,42.45972],[-8.90322,42.45955],[-8.90333,42.45896]]],[[[-8.90574,42.46048],[-8.90718,42.46085],[-8.90623,42.46103],[-8.90574,42.46048]]],[[[-8.61463,42.34593],[-8.6149,42.34633],[-8.61389,42.34637],[-8.61463,42.34593]]],[[[-8.83626,42.54987],[-8.83655,42.55063],[-8.83598,42.55028],[-8.83626,42.54987]]],[[[-8.90445,42.1175],[-8.90547,42.1183],[-8.90477,42.11812],[-8.90445,42.1175]]],[[[-8.87164,42.53488],[-8.87161,42.53566],[-8.87111,42.53526],[-8.87164,42.53488]]],[[[-8.83987,42.54695],[-8.84043,42.54742],[-8.83947,42.54739],[-8.83987,42.54695]]],[[[-8.8848,41.88241],[-8.88545,41.88263],[-8.88524,41.8833],[-8.8848,41.88241]]],[[[-8.85194,42.47116],[-8.85256,42.47136],[-8.85203,42.47205],[-8.85194,42.47116]]],[[[-8.93431,42.38998],[-8.93466,42.39074],[-8.93412,42.39045],[-8.93431,42.38998]]],[[[-8.90494,42.1169],[-8.90562,42.11691],[-8.90581,42.11743],[-8.90494,42.1169]]],[[[-8.87036,42.52123],[-8.87033,42.52182],[-8.8696,42.52151],[-8.87036,42.52123]]],[[[-8.84462,42.48295],[-8.84461,42.48374],[-8.84409,42.48327],[-8.84462,42.48295]]],[[[-8.64767,42.31695],[-8.64796,42.31749],[-8.64706,42.31772],[-8.64767,42.31695]]],[[[-8.91487,42.54369],[-8.91544,42.54416],[-8.91475,42.54437],[-8.91487,42.54369]]],[[[-8.77751,42.22097],[-8.77798,42.22169],[-8.77728,42.22156],[-8.77751,42.22097]]],[[[-8.7909,42.6108],[-8.79164,42.61133],[-8.79097,42.61138],[-8.7909,42.6108]]],[[[-8.8859,42.03551],[-8.88609,42.03578],[-8.88547,42.03624],[-8.8859,42.03551]]],[[[-8.92643,42.47901],[-8.92714,42.47983],[-8.92611,42.4794],[-8.92643,42.47901]]],[[[-8.76631,42.22635],[-8.76646,42.22692],[-8.76609,42.22721],[-8.76631,42.22635]]],[[[-8.92964,42.4493],[-8.92924,42.44992],[-8.92906,42.44943],[-8.92964,42.4493]]],[[[-8.87787,42.43674],[-8.87818,42.43706],[-8.87752,42.43731],[-8.87787,42.43674]]],[[[-8.89238,42.48976],[-8.89295,42.48991],[-8.89195,42.4901],[-8.89238,42.48976]]],[[[-8.89942,42.11471],[-8.89976,42.11534],[-8.89935,42.11527],[-8.89942,42.11471]]],[[[-8.80272,42.61415],[-8.80304,42.61479],[-8.80244,42.61458],[-8.80272,42.61415]]],[[[-8.87599,42.50067],[-8.87622,42.50088],[-8.87581,42.50165],[-8.87599,42.50067]]],[[[-8.80852,42.58314],[-8.80864,42.5835],[-8.8079,42.58366],[-8.80852,42.58314]]],[[[-8.89988,42.09445],[-8.90004,42.09489],[-8.8993,42.09506],[-8.89988,42.09445]]],[[[-8.92318,42.45136],[-8.92357,42.45217],[-8.92301,42.45204],[-8.92318,42.45136]]],[[[-8.91294,42.20205],[-8.91319,42.20241],[-8.91279,42.20347],[-8.91294,42.20205]]],[[[-8.87396,42.54768],[-8.87439,42.54839],[-8.87399,42.54853],[-8.87396,42.54768]]],[[[-8.87736,41.87411],[-8.8781,41.87494],[-8.87752,41.87487],[-8.87736,41.87411]]],[[[-8.87992,41.87568],[-8.87983,41.87632],[-8.87924,41.8762],[-8.87992,41.87568]]],[[[-8.62631,42.30437],[-8.62662,42.30446],[-8.62641,42.30497],[-8.62631,42.30437]]],[[[-8.93527,42.47999],[-8.93592,42.48036],[-8.93564,42.48078],[-8.93527,42.47999]]],[[[-8.86351,42.24604],[-8.8638,42.2463],[-8.86311,42.24682],[-8.86351,42.24604]]],[[[-8.84247,42.25824],[-8.84277,42.25873],[-8.84236,42.25894],[-8.84247,42.25824]]],[[[-8.76021,42.25816],[-8.76031,42.25883],[-8.75993,42.25854],[-8.76021,42.25816]]],[[[-8.68871,42.43313],[-8.68891,42.43341],[-8.6883,42.43378],[-8.68871,42.43313]]],[[[-8.8131,42.2582],[-8.81345,42.25882],[-8.81317,42.259],[-8.8131,42.2582]]],[[[-8.90061,42.10428],[-8.90123,42.1048],[-8.9008,42.10478],[-8.90061,42.10428]]],[[[-8.77759,42.21369],[-8.77772,42.21413],[-8.77713,42.21424],[-8.77759,42.21369]]],[[[-8.73859,42.37538],[-8.73854,42.37598],[-8.73823,42.37565],[-8.73859,42.37538]]],[[[-8.81653,42.49476],[-8.81696,42.49516],[-8.81649,42.49522],[-8.81653,42.49476]]],[[[-8.934,42.45214],[-8.93431,42.4524],[-8.93356,42.45257],[-8.934,42.45214]]],[[[-8.83996,42.46523],[-8.84019,42.46555],[-8.83967,42.46584],[-8.83996,42.46523]]],[[[-8.89114,42.02577],[-8.89126,42.02623],[-8.89077,42.02637],[-8.89114,42.02577]]],[[[-8.94554,42.35482],[-8.9459,42.35524],[-8.94533,42.35528],[-8.94554,42.35482]]],[[[-8.88116,42.42322],[-8.88182,42.42352],[-8.88123,42.42383],[-8.88116,42.42322]]],[[[-8.93052,42.45065],[-8.93083,42.45095],[-8.93058,42.45134],[-8.93052,42.45065]]],[[[-8.89147,42.05698],[-8.89226,42.05718],[-8.89183,42.05741],[-8.89147,42.05698]]],[[[-8.8775,41.87498],[-8.87789,41.87525],[-8.87776,41.87566],[-8.8775,41.87498]]],[[[-8.88951,42.56425],[-8.88999,42.56481],[-8.88953,42.56477],[-8.88951,42.56425]]],[[[-8.87785,42.55439],[-8.87787,42.55508],[-8.87743,42.55467],[-8.87785,42.55439]]],[[[-8.81746,42.18901],[-8.81774,42.1896],[-8.81711,42.18926],[-8.81746,42.18901]]],[[[-8.83319,42.47007],[-8.83358,42.47022],[-8.83306,42.47054],[-8.83319,42.47007]]],[[[-8.94207,42.46156],[-8.94199,42.46224],[-8.94178,42.46179],[-8.94207,42.46156]]],[[[-8.8747,42.54759],[-8.87502,42.54778],[-8.87485,42.54815],[-8.8747,42.54759]]],[[[-8.81769,42.49312],[-8.81793,42.49353],[-8.81771,42.49379],[-8.81769,42.49312]]],[[[-8.89157,42.49178],[-8.89158,42.49227],[-8.89123,42.49199],[-8.89157,42.49178]]],[[[-8.91891,42.25026],[-8.91916,42.25074],[-8.91864,42.25052],[-8.91891,42.25026]]],[[[-8.9381,42.34161],[-8.93833,42.34196],[-8.93803,42.34216],[-8.9381,42.34161]]],[[[-8.82635,42.58066],[-8.8269,42.58122],[-8.82617,42.58102],[-8.82635,42.58066]]],[[[-8.92587,42.44798],[-8.92596,42.44856],[-8.9257,42.44865],[-8.92587,42.44798]]],[[[-8.90292,42.53598],[-8.90312,42.53638],[-8.90258,42.53653],[-8.90292,42.53598]]],[[[-8.87331,42.43782],[-8.87369,42.43821],[-8.87309,42.43803],[-8.87331,42.43782]]],[[[-8.87293,42.5553],[-8.87319,42.5557],[-8.87287,42.55584],[-8.87293,42.5553]]],[[[-8.7804,42.21907],[-8.78042,42.21947],[-8.77987,42.21941],[-8.7804,42.21907]]],[[[-8.87392,42.14746],[-8.87395,42.14791],[-8.87348,42.14796],[-8.87392,42.14746]]],[[[-8.83372,42.28621],[-8.83434,42.28638],[-8.83356,42.2864],[-8.83372,42.28621]]],[[[-8.90137,42.11099],[-8.9018,42.11134],[-8.90129,42.11135],[-8.90137,42.11099]]],[[[-8.8885,42.48718],[-8.88799,42.48672],[-8.88865,42.48693],[-8.8885,42.48718]]],[[[-8.82721,42.38583],[-8.82751,42.38638],[-8.82721,42.38637],[-8.82721,42.38583]]],[[[-8.9018,42.11196],[-8.90247,42.11228],[-8.90172,42.11215],[-8.9018,42.11196]]],[[[-8.94489,42.35474],[-8.94481,42.35561],[-8.94467,42.35509],[-8.94489,42.35474]]],[[[-8.88978,41.97076],[-8.88982,41.97115],[-8.88927,41.97102],[-8.88978,41.97076]]],[[[-8.88233,42.55746],[-8.88277,42.55768],[-8.88284,42.55801],[-8.88233,42.55746]]],[[[-8.89179,42.04355],[-8.89229,42.04385],[-8.89174,42.04384],[-8.89179,42.04355]]],[[[-8.86408,42.30668],[-8.86453,42.30683],[-8.86378,42.30692],[-8.86408,42.30668]]],[[[-8.88988,42.04572],[-8.89034,42.0461],[-8.88976,42.04591],[-8.88988,42.04572]]],[[[-8.88487,42.00985],[-8.88508,42.01003],[-8.88466,42.01026],[-8.88487,42.00985]]],[[[-8.88826,42.54417],[-8.88857,42.54447],[-8.88842,42.54477],[-8.88826,42.54417]]],[[[-8.94634,42.37953],[-8.94669,42.37982],[-8.94654,42.38015],[-8.94634,42.37953]]],[[[-8.76753,42.33668],[-8.76794,42.3372],[-8.76738,42.33713],[-8.76753,42.33668]]],[[[-8.82523,42.46124],[-8.82556,42.46144],[-8.82505,42.46164],[-8.82523,42.46124]]],[[[-8.91176,42.24328],[-8.91199,42.24364],[-8.91144,42.24359],[-8.91176,42.24328]]],[[[-8.82788,42.3241],[-8.82794,42.32451],[-8.82747,42.32429],[-8.82788,42.3241]]],[[[-8.9223,42.45063],[-8.9227,42.45086],[-8.92262,42.45141],[-8.9223,42.45063]]],[[[-8.91368,42.47602],[-8.91407,42.47659],[-8.91373,42.47646],[-8.91368,42.47602]]],[[[-8.70871,42.27461],[-8.70891,42.27484],[-8.70871,42.2753],[-8.70871,42.27461]]],[[[-8.89221,42.49043],[-8.8926,42.49074],[-8.89217,42.4907],[-8.89221,42.49043]]],[[[-8.94285,42.46524],[-8.94281,42.4657],[-8.94243,42.46569],[-8.94285,42.46524]]],[[[-8.80768,42.50067],[-8.80771,42.5008],[-8.80678,42.50133],[-8.80768,42.50067]]],[[[-8.79826,42.33773],[-8.79847,42.33803],[-8.7981,42.33817],[-8.79826,42.33773]]],[[[-8.94342,42.46546],[-8.94346,42.46597],[-8.94322,42.46565],[-8.94342,42.46546]]],[[[-8.86851,42.52014],[-8.86858,42.52062],[-8.8683,42.5203],[-8.86851,42.52014]]],[[[-8.88781,42.54533],[-8.8882,42.54564],[-8.8878,42.54561],[-8.88781,42.54533]]],[[[-8.76438,42.25731],[-8.7644,42.2577],[-8.76394,42.25788],[-8.76438,42.25731]]],[[[-8.90201,42.10414],[-8.90248,42.10442],[-8.9021,42.10449],[-8.90201,42.10414]]],[[[-8.76342,42.25789],[-8.76325,42.25851],[-8.7631,42.2582],[-8.76342,42.25789]]],[[[-8.76532,42.22569],[-8.7653,42.22614],[-8.765,42.22605],[-8.76532,42.22569]]],[[[-8.88533,42.00662],[-8.88582,42.00699],[-8.88527,42.00696],[-8.88533,42.00662]]],[[[-8.93103,42.37331],[-8.93135,42.37368],[-8.93078,42.37346],[-8.93103,42.37331]]],[[[-8.94001,42.47644],[-8.94041,42.47684],[-8.93983,42.4767],[-8.94001,42.47644]]],[[[-8.86525,42.54374],[-8.86538,42.54404],[-8.86481,42.54393],[-8.86525,42.54374]]],[[[-8.82135,42.28014],[-8.82113,42.28075],[-8.821,42.28045],[-8.82135,42.28014]]],[[[-8.72637,42.67857],[-8.7268,42.67888],[-8.72631,42.6788],[-8.72637,42.67857]]],[[[-8.91328,42.20412],[-8.91379,42.20463],[-8.91354,42.20462],[-8.91328,42.20412]]],[[[-8.90662,42.54263],[-8.90686,42.54287],[-8.90659,42.54315],[-8.90662,42.54263]]],[[[-8.89109,42.56673],[-8.89152,42.56696],[-8.89119,42.56709],[-8.89109,42.56673]]],[[[-8.91823,42.24804],[-8.91863,42.24837],[-8.91816,42.24837],[-8.91823,42.24804]]],[[[-8.8744,42.11552],[-8.87436,42.11573],[-8.8738,42.11591],[-8.8744,42.11552]]],[[[-8.82258,42.30223],[-8.82297,42.30227],[-8.82297,42.30256],[-8.82258,42.30223]]],[[[-8.89866,42.11513],[-8.89885,42.11533],[-8.89833,42.1155],[-8.89866,42.11513]]],[[[-8.90376,42.11811],[-8.90407,42.11821],[-8.90408,42.11857],[-8.90376,42.11811]]],[[[-8.81997,42.52305],[-8.82005,42.52329],[-8.8197,42.52355],[-8.81997,42.52305]]],[[[-8.86795,42.11869],[-8.86842,42.11897],[-8.86786,42.11885],[-8.86795,42.11869]]],[[[-8.87492,42.11511],[-8.87527,42.11544],[-8.87475,42.11526],[-8.87492,42.11511]]],[[[-8.8492,42.4948],[-8.84936,42.49515],[-8.84901,42.49531],[-8.8492,42.4948]]],[[[-8.91228,42.19645],[-8.91248,42.19676],[-8.9121,42.19672],[-8.91228,42.19645]]],[[[-8.86784,42.14569],[-8.86804,42.14585],[-8.86767,42.14605],[-8.86784,42.14569]]],[[[-8.94034,42.4675],[-8.9406,42.46793],[-8.94022,42.4679],[-8.94034,42.4675]]],[[[-8.89997,42.09977],[-8.90018,42.10005],[-8.89984,42.10012],[-8.89997,42.09977]]],[[[-8.91216,42.47561],[-8.91233,42.47582],[-8.91179,42.47588],[-8.91216,42.47561]]],[[[-8.81294,42.49598],[-8.81279,42.49648],[-8.81249,42.49657],[-8.81294,42.49598]]],[[[-8.87529,42.11454],[-8.87534,42.11482],[-8.87491,42.11468],[-8.87529,42.11454]]],[[[-8.93993,42.36937],[-8.94023,42.36949],[-8.93997,42.36985],[-8.93993,42.36937]]],[[[-8.92162,42.45292],[-8.92183,42.45311],[-8.92145,42.45325],[-8.92162,42.45292]]],[[[-8.92132,42.39979],[-8.92138,42.40008],[-8.9209,42.39997],[-8.92132,42.39979]]],[[[-8.90642,42.17787],[-8.90658,42.17816],[-8.9062,42.17812],[-8.90642,42.17787]]],[[[-8.93944,42.45954],[-8.93971,42.45969],[-8.93959,42.46014],[-8.93944,42.45954]]],[[[-8.85809,42.56724],[-8.85826,42.56754],[-8.85798,42.56766],[-8.85809,42.56724]]],[[[-8.91175,42.20635],[-8.91195,42.2068],[-8.91162,42.20662],[-8.91175,42.20635]]],[[[-8.86139,42.3058],[-8.8616,42.3062],[-8.8613,42.3061],[-8.86139,42.3058]]],[[[-8.90457,42.10984],[-8.90486,42.1101],[-8.9044,42.11003],[-8.90457,42.10984]]],[[[-8.87591,42.55845],[-8.87616,42.55866],[-8.87593,42.55886],[-8.87591,42.55845]]],[[[-8.68849,42.43233],[-8.68869,42.43272],[-8.68823,42.43265],[-8.68849,42.43233]]],[[[-8.82646,42.34179],[-8.8268,42.34193],[-8.82595,42.34198],[-8.82646,42.34179]]],[[[-8.86855,42.49925],[-8.86893,42.49937],[-8.86844,42.49949],[-8.86855,42.49925]]],[[[-8.89755,42.09488],[-8.89756,42.09513],[-8.89722,42.09531],[-8.89755,42.09488]]],[[[-8.85652,42.30944],[-8.85687,42.30956],[-8.85641,42.30969],[-8.85652,42.30944]]],[[[-8.85608,42.12253],[-8.85632,42.12268],[-8.85588,42.12286],[-8.85608,42.12253]]],[[[-8.91288,42.19397],[-8.91312,42.19412],[-8.91276,42.19431],[-8.91288,42.19397]]],[[[-8.94555,42.38147],[-8.94596,42.38152],[-8.94532,42.3817],[-8.94555,42.38147]]],[[[-8.77161,42.22431],[-8.77217,42.22466],[-8.77195,42.22467],[-8.77161,42.22431]]],[[[-8.93627,42.48021],[-8.93653,42.4804],[-8.93635,42.48067],[-8.93627,42.48021]]],[[[-8.91446,42.47852],[-8.91458,42.47873],[-8.91407,42.47872],[-8.91446,42.47852]]],[[[-8.9034,42.11544],[-8.90336,42.11589],[-8.90316,42.11567],[-8.9034,42.11544]]],[[[-8.92599,42.44951],[-8.92606,42.44998],[-8.92584,42.44971],[-8.92599,42.44951]]],[[[-8.93944,42.45562],[-8.93956,42.45582],[-8.93917,42.45597],[-8.93944,42.45562]]],[[[-8.90167,42.11269],[-8.90194,42.11291],[-8.90145,42.1129],[-8.90167,42.11269]]],[[[-8.90903,42.2394],[-8.90941,42.23962],[-8.90886,42.23952],[-8.90903,42.2394]]],[[[-8.92996,42.37647],[-8.93024,42.37676],[-8.92987,42.37674],[-8.92996,42.37647]]],[[[-8.90285,42.45815],[-8.90295,42.45843],[-8.90268,42.45854],[-8.90285,42.45815]]],[[[-8.94709,42.38154],[-8.94724,42.38158],[-8.94705,42.38207],[-8.94709,42.38154]]],[[[-8.76185,42.25631],[-8.76156,42.25608],[-8.76211,42.25624],[-8.76185,42.25631]]],[[[-8.93597,42.45159],[-8.93618,42.45174],[-8.93559,42.45174],[-8.93597,42.45159]]],[[[-8.80916,42.19302],[-8.80956,42.19327],[-8.80915,42.19333],[-8.80916,42.19302]]],[[[-8.90189,42.11449],[-8.90202,42.11472],[-8.90156,42.11471],[-8.90189,42.11449]]],[[[-8.77465,42.22259],[-8.77502,42.22274],[-8.77456,42.22288],[-8.77465,42.22259]]],[[[-8.88216,41.87981],[-8.88216,41.88006],[-8.88179,41.88008],[-8.88216,41.87981]]],[[[-8.8237,42.29725],[-8.82386,42.29763],[-8.82365,42.29759],[-8.8237,42.29725]]],[[[-8.87705,42.11267],[-8.87735,42.11288],[-8.87696,42.11289],[-8.87705,42.11267]]],[[[-8.80626,42.19131],[-8.8062,42.19179],[-8.80607,42.19141],[-8.80626,42.19131]]],[[[-8.79872,42.33593],[-8.79908,42.33612],[-8.7986,42.33614],[-8.79872,42.33593]]],[[[-8.88595,42.11314],[-8.88627,42.11351],[-8.88598,42.11358],[-8.88595,42.11314]]],[[[-8.89123,42.49553],[-8.89131,42.49573],[-8.89095,42.49587],[-8.89123,42.49553]]],[[[-8.817,42.18742],[-8.81696,42.18781],[-8.81679,42.1877],[-8.817,42.18742]]],[[[-8.943,42.47571],[-8.94314,42.47589],[-8.94287,42.47608],[-8.943,42.47571]]],[[[-8.86221,42.30543],[-8.86243,42.30572],[-8.86211,42.30569],[-8.86221,42.30543]]],[[[-8.9328,42.36788],[-8.93301,42.36801],[-8.93268,42.36823],[-8.9328,42.36788]]],[[[-8.88438,42.00371],[-8.88491,42.00399],[-8.88436,42.00385],[-8.88438,42.00371]]],[[[-8.91014,42.17933],[-8.91054,42.17952],[-8.90992,42.17944],[-8.91014,42.17933]]],[[[-8.88048,41.99835],[-8.8807,41.99877],[-8.88036,41.99868],[-8.88048,41.99835]]],[[[-8.84148,42.49825],[-8.8416,42.49843],[-8.84123,42.49854],[-8.84148,42.49825]]],[[[-8.75227,42.34782],[-8.75246,42.34793],[-8.7523,42.34817],[-8.75227,42.34782]]],[[[-8.84186,42.15815],[-8.84207,42.15822],[-8.84202,42.1585],[-8.84186,42.15815]]],[[[-8.89885,42.10218],[-8.89891,42.10263],[-8.89874,42.10249],[-8.89885,42.10218]]],[[[-8.92577,42.45008],[-8.92595,42.45023],[-8.92566,42.45037],[-8.92577,42.45008]]],[[[-8.80702,42.19078],[-8.8071,42.19117],[-8.80689,42.19086],[-8.80702,42.19078]]],[[[-8.88712,42.0487],[-8.8874,42.04887],[-8.887,42.04892],[-8.88712,42.0487]]],[[[-8.91561,42.47648],[-8.91583,42.47676],[-8.91559,42.47677],[-8.91561,42.47648]]],[[[-8.89601,42.49293],[-8.8962,42.49299],[-8.8962,42.4933],[-8.89601,42.49293]]],[[[-8.89358,42.49197],[-8.89378,42.49212],[-8.89341,42.49222],[-8.89358,42.49197]]],[[[-8.88918,41.97999],[-8.88941,41.9802],[-8.88906,41.98022],[-8.88918,41.97999]]],[[[-8.88906,42.4877],[-8.88913,42.48786],[-8.88877,42.48801],[-8.88906,42.4877]]],[[[-8.83952,42.33799],[-8.83968,42.33825],[-8.83936,42.33817],[-8.83952,42.33799]]],[[[-8.8745,42.43786],[-8.87483,42.43806],[-8.87457,42.43815],[-8.8745,42.43786]]],[[[-8.93388,42.48089],[-8.93395,42.48101],[-8.93352,42.48124],[-8.93388,42.48089]]],[[[-8.92457,42.47984],[-8.92468,42.48007],[-8.92444,42.4801],[-8.92457,42.47984]]],[[[-8.91693,42.45043],[-8.91714,42.45066],[-8.91669,42.45055],[-8.91693,42.45043]]],[[[-8.94309,42.46607],[-8.94337,42.46633],[-8.94316,42.46638],[-8.94309,42.46607]]],[[[-8.87577,42.11577],[-8.87576,42.11604],[-8.87541,42.11594],[-8.87577,42.11577]]],[[[-8.89998,42.48098],[-8.9001,42.48134],[-8.89982,42.48114],[-8.89998,42.48098]]],[[[-8.82415,42.31379],[-8.82429,42.31414],[-8.82408,42.31411],[-8.82415,42.31379]]],[[[-8.87529,41.86508],[-8.87571,41.86533],[-8.8754,41.8653],[-8.87529,41.86508]]],[[[-8.89597,42.09335],[-8.89624,42.09355],[-8.89578,42.09347],[-8.89597,42.09335]]],[[[-8.90151,42.11412],[-8.90166,42.11435],[-8.90128,42.11436],[-8.90151,42.11412]]],[[[-8.87576,42.11537],[-8.87593,42.11569],[-8.87575,42.11568],[-8.87576,42.11537]]],[[[-8.9206,42.40128],[-8.92066,42.40161],[-8.92046,42.40149],[-8.9206,42.40128]]],[[[-8.779,42.21854],[-8.7791,42.21867],[-8.77874,42.21892],[-8.779,42.21854]]],[[[-8.88793,42.02169],[-8.88801,42.02196],[-8.88771,42.02179],[-8.88793,42.02169]]],[[[-8.9384,42.45645],[-8.93814,42.45677],[-8.93812,42.45654],[-8.9384,42.45645]]],[[[-8.88868,41.96575],[-8.88899,41.96595],[-8.88866,41.96595],[-8.88868,41.96575]]],[[[-8.93354,42.47914],[-8.93379,42.47932],[-8.93344,42.47934],[-8.93354,42.47914]]],[[[-8.89033,42.5659],[-8.89065,42.56606],[-8.8903,42.56609],[-8.89033,42.5659]]],[[[-8.80829,42.33949],[-8.80845,42.33965],[-8.80816,42.33974],[-8.80829,42.33949]]],[[[-8.88942,42.11359],[-8.88963,42.11366],[-8.88961,42.11397],[-8.88942,42.11359]]],[[[-8.92583,42.48052],[-8.9263,42.48053],[-8.92593,42.48068],[-8.92583,42.48052]]],[[[-8.86418,42.49898],[-8.86417,42.49932],[-8.864,42.49913],[-8.86418,42.49898]]],[[[-8.86654,42.14612],[-8.86689,42.14628],[-8.86658,42.14633],[-8.86654,42.14612]]],[[[-8.74009,42.26984],[-8.74033,42.27005],[-8.74008,42.27014],[-8.74009,42.26984]]],[[[-8.9439,42.37435],[-8.94398,42.37468],[-8.9438,42.37473],[-8.9439,42.37435]]],[[[-8.76567,42.2579],[-8.76588,42.258],[-8.76579,42.25823],[-8.76567,42.2579]]],[[[-8.94273,42.47688],[-8.94293,42.47707],[-8.94269,42.47718],[-8.94273,42.47688]]],[[[-8.92551,42.44707],[-8.9256,42.44732],[-8.9253,42.44723],[-8.92551,42.44707]]],[[[-8.9009,42.4797],[-8.9011,42.47979],[-8.90096,42.48002],[-8.9009,42.4797]]],[[[-8.90033,42.10987],[-8.90058,42.11007],[-8.90019,42.10999],[-8.90033,42.10987]]],[[[-8.88837,42.49836],[-8.88853,42.4984],[-8.8882,42.49873],[-8.88837,42.49836]]],[[[-8.82411,42.3143],[-8.82429,42.31465],[-8.82407,42.31464],[-8.82411,42.3143]]],[[[-8.93074,42.4523],[-8.93093,42.45248],[-8.9306,42.45256],[-8.93074,42.4523]]],[[[-8.86585,42.26428],[-8.86604,42.26439],[-8.86585,42.26455],[-8.86585,42.26428]]],[[[-8.90725,42.17905],[-8.90741,42.17915],[-8.90698,42.17922],[-8.90725,42.17905]]],[[[-8.8908,42.40436],[-8.89107,42.40452],[-8.89072,42.40458],[-8.8908,42.40436]]],[[[-8.88497,41.88163],[-8.88539,41.88193],[-8.88505,41.88184],[-8.88497,41.88163]]],[[[-8.8246,42.29994],[-8.82481,42.3],[-8.82482,42.30023],[-8.8246,42.29994]]],[[[-8.82697,42.32531],[-8.82711,42.32547],[-8.8268,42.32553],[-8.82697,42.32531]]],[[[-8.90086,42.11],[-8.90114,42.11024],[-8.90076,42.1101],[-8.90086,42.11]]],[[[-8.92358,42.45116],[-8.92383,42.45137],[-8.92353,42.45134],[-8.92358,42.45116]]],[[[-8.83381,42.55037],[-8.83391,42.5506],[-8.83361,42.55063],[-8.83381,42.55037]]],[[[-8.8385,42.34072],[-8.83903,42.34086],[-8.83861,42.34086],[-8.8385,42.34072]]],[[[-8.93624,42.45132],[-8.93654,42.45141],[-8.93608,42.45145],[-8.93624,42.45132]]],[[[-8.85909,42.29712],[-8.85934,42.29714],[-8.85932,42.29735],[-8.85909,42.29712]]],[[[-8.91781,42.45016],[-8.91783,42.45038],[-8.91761,42.45047],[-8.91781,42.45016]]],[[[-8.77414,42.38808],[-8.7743,42.3882],[-8.77411,42.38839],[-8.77414,42.38808]]],[[[-8.85821,42.3068],[-8.8585,42.30691],[-8.85807,42.30695],[-8.85821,42.3068]]],[[[-8.87832,42.50055],[-8.87852,42.50059],[-8.87831,42.50091],[-8.87832,42.50055]]],[[[-8.82715,42.34057],[-8.82722,42.34082],[-8.82695,42.34067],[-8.82715,42.34057]]],[[[-8.94193,42.46029],[-8.94202,42.46049],[-8.94181,42.46057],[-8.94193,42.46029]]],[[[-8.90153,42.10979],[-8.9018,42.11004],[-8.90152,42.11],[-8.90153,42.10979]]],[[[-8.91809,42.45437],[-8.91825,42.45464],[-8.91791,42.45453],[-8.91809,42.45437]]],[[[-8.86068,42.29357],[-8.86073,42.29377],[-8.86045,42.29379],[-8.86068,42.29357]]],[[[-8.91526,42.47652],[-8.91538,42.4767],[-8.91506,42.47678],[-8.91526,42.47652]]],[[[-8.91872,42.45792],[-8.91877,42.45812],[-8.9185,42.45825],[-8.91872,42.45792]]],[[[-8.87798,42.14595],[-8.8782,42.1462],[-8.87798,42.14616],[-8.87798,42.14595]]],[[[-8.89798,42.23822],[-8.89812,42.23841],[-8.89792,42.23848],[-8.89798,42.23822]]],[[[-8.91123,42.19647],[-8.91157,42.1965],[-8.91125,42.19666],[-8.91123,42.19647]]],[[[-8.83695,42.25702],[-8.83713,42.2571],[-8.8368,42.25727],[-8.83695,42.25702]]],[[[-8.91518,42.46003],[-8.91532,42.46024],[-8.91508,42.46022],[-8.91518,42.46003]]],[[[-8.76516,42.2252],[-8.76518,42.22543],[-8.76495,42.2255],[-8.76516,42.2252]]],[[[-8.94126,42.46079],[-8.9416,42.46089],[-8.94121,42.46094],[-8.94126,42.46079]]],[[[-8.80235,42.60968],[-8.80249,42.6099],[-8.80224,42.60988],[-8.80235,42.60968]]],[[[-8.81081,42.19665],[-8.81086,42.19687],[-8.81057,42.19699],[-8.81081,42.19665]]],[[[-8.82623,42.34137],[-8.82665,42.34155],[-8.82635,42.34158],[-8.82623,42.34137]]],[[[-8.93679,42.3413],[-8.93684,42.34159],[-8.93663,42.34144],[-8.93679,42.3413]]],[[[-8.7684,42.33627],[-8.76857,42.33631],[-8.76853,42.33657],[-8.7684,42.33627]]],[[[-8.92901,42.45104],[-8.92916,42.45122],[-8.92888,42.45128],[-8.92901,42.45104]]],[[[-8.83897,42.34027],[-8.83913,42.34049],[-8.83886,42.34045],[-8.83897,42.34027]]],[[[-8.92647,42.4481],[-8.92665,42.4482],[-8.92631,42.44828],[-8.92647,42.4481]]],[[[-8.82833,42.32752],[-8.82855,42.32765],[-8.82815,42.32765],[-8.82833,42.32752]]],[[[-8.91921,42.45097],[-8.91893,42.45122],[-8.91893,42.45106],[-8.91921,42.45097]]],[[[-8.88774,41.98571],[-8.88796,41.98594],[-8.88767,41.98584],[-8.88774,41.98571]]],[[[-8.86246,42.12176],[-8.86276,42.12197],[-8.86242,42.12188],[-8.86246,42.12176]]],[[[-8.94281,42.4605],[-8.94291,42.46065],[-8.94256,42.4607],[-8.94281,42.4605]]],[[[-8.91964,42.452],[-8.9198,42.45221],[-8.91953,42.45216],[-8.91964,42.452]]],[[[-8.86103,42.40372],[-8.86116,42.4038],[-8.86083,42.40395],[-8.86103,42.40372]]],[[[-8.81022,42.19124],[-8.81019,42.19161],[-8.81003,42.19144],[-8.81022,42.19124]]],[[[-8.8646,42.4989],[-8.8649,42.49899],[-8.86469,42.49909],[-8.8646,42.4989]]],[[[-8.91979,42.45565],[-8.91986,42.4559],[-8.9197,42.45581],[-8.91979,42.45565]]],[[[-8.85901,42.30766],[-8.85916,42.30778],[-8.85879,42.30783],[-8.85901,42.30766]]],[[[-8.87615,41.87241],[-8.87626,41.87256],[-8.87604,41.87265],[-8.87615,41.87241]]],[[[-8.93695,42.45217],[-8.93705,42.45235],[-8.93681,42.45238],[-8.93695,42.45217]]],[[[-8.76012,42.2578],[-8.76027,42.25795],[-8.76015,42.25814],[-8.76012,42.2578]]],[[[-8.79235,42.24102],[-8.79242,42.2412],[-8.79212,42.24118],[-8.79235,42.24102]]],[[[-8.91434,42.47637],[-8.91474,42.47653],[-8.91441,42.47655],[-8.91434,42.47637]]],[[[-8.90222,42.53601],[-8.90234,42.53623],[-8.9021,42.53614],[-8.90222,42.53601]]],[[[-8.94017,42.46],[-8.94028,42.46011],[-8.9399,42.46019],[-8.94017,42.46]]],[[[-8.8741,42.4373],[-8.87427,42.43744],[-8.87408,42.43756],[-8.8741,42.4373]]],[[[-8.90217,42.11498],[-8.90239,42.11505],[-8.90209,42.11517],[-8.90217,42.11498]]],[[[-8.81663,42.17284],[-8.81633,42.17305],[-8.81632,42.17291],[-8.81663,42.17284]]],[[[-8.83449,42.57067],[-8.8345,42.57086],[-8.83423,42.57084],[-8.83449,42.57067]]],[[[-8.92095,42.45123],[-8.92112,42.45135],[-8.92071,42.45129],[-8.92095,42.45123]]],[[[-8.84011,42.33878],[-8.84048,42.33882],[-8.8402,42.33893],[-8.84011,42.33878]]],[[[-8.93767,42.45669],[-8.9379,42.45669],[-8.93791,42.45689],[-8.93767,42.45669]]],[[[-8.83167,42.25105],[-8.83176,42.25125],[-8.83149,42.25115],[-8.83167,42.25105]]],[[[-8.88753,42.04765],[-8.8876,42.04785],[-8.8874,42.04789],[-8.88753,42.04765]]],[[[-8.88782,42.04697],[-8.88801,42.0472],[-8.88777,42.04718],[-8.88782,42.04697]]],[[[-8.86138,42.40429],[-8.8615,42.40444],[-8.86126,42.40451],[-8.86138,42.40429]]],[[[-8.93954,42.46817],[-8.93971,42.46835],[-8.93938,42.46832],[-8.93954,42.46817]]],[[[-8.90156,42.45815],[-8.90168,42.45837],[-8.90146,42.45835],[-8.90156,42.45815]]],[[[-8.9389,42.45504],[-8.93901,42.45519],[-8.93884,42.4553],[-8.9389,42.45504]]],[[[-8.86519,42.4997],[-8.86544,42.49978],[-8.86503,42.4998],[-8.86519,42.4997]]],[[[-8.85028,42.15394],[-8.85044,42.15398],[-8.85038,42.15426],[-8.85028,42.15394]]],[[[-8.91613,42.45899],[-8.91628,42.4592],[-8.91605,42.45921],[-8.91613,42.45899]]],[[[-8.82578,42.14184],[-8.82605,42.14204],[-8.82583,42.14207],[-8.82578,42.14184]]],[[[-8.93418,42.38942],[-8.93436,42.38959],[-8.93409,42.38962],[-8.93418,42.38942]]],[[[-8.74639,42.26393],[-8.74656,42.26402],[-8.74628,42.26413],[-8.74639,42.26393]]],[[[-8.85939,42.29457],[-8.85956,42.29475],[-8.85941,42.29481],[-8.85939,42.29457]]],[[[-8.93523,42.45351],[-8.9354,42.45364],[-8.93535,42.45381],[-8.93523,42.45351]]],[[[-8.91124,42.20057],[-8.9113,42.20076],[-8.91102,42.20074],[-8.91124,42.20057]]],[[[-8.89192,42.45623],[-8.89213,42.4564],[-8.89189,42.45644],[-8.89192,42.45623]]],[[[-8.91039,42.17895],[-8.91065,42.17911],[-8.91028,42.17909],[-8.91039,42.17895]]],[[[-8.85909,42.14709],[-8.85933,42.14718],[-8.85907,42.1473],[-8.85909,42.14709]]],[[[-8.89846,42.10241],[-8.89863,42.10263],[-8.89832,42.10252],[-8.89846,42.10241]]],[[[-8.90309,42.45855],[-8.90314,42.45882],[-8.90299,42.45877],[-8.90309,42.45855]]],[[[-8.91618,42.47732],[-8.91632,42.47747],[-8.91604,42.47752],[-8.91618,42.47732]]],[[[-8.92989,42.37792],[-8.93007,42.37799],[-8.93001,42.37819],[-8.92989,42.37792]]],[[[-8.79302,42.39641],[-8.79313,42.3967],[-8.79294,42.39651],[-8.79302,42.39641]]],[[[-8.92829,42.44764],[-8.92809,42.44789],[-8.92805,42.44772],[-8.92829,42.44764]]],[[[-8.87457,42.14778],[-8.87477,42.1478],[-8.87466,42.148],[-8.87457,42.14778]]],[[[-8.90082,42.10878],[-8.90104,42.10889],[-8.90072,42.10893],[-8.90082,42.10878]]],[[[-8.81302,42.49641],[-8.81319,42.4965],[-8.81307,42.49664],[-8.81302,42.49641]]],[[[-8.82704,42.32492],[-8.82711,42.32507],[-8.82687,42.32512],[-8.82704,42.32492]]],[[[-8.82389,42.57961],[-8.82414,42.57976],[-8.82371,42.57966],[-8.82389,42.57961]]],[[[-8.83482,42.28704],[-8.83487,42.28723],[-8.83467,42.28729],[-8.83482,42.28704]]],[[[-8.87548,42.14691],[-8.87574,42.14705],[-8.8755,42.14708],[-8.87548,42.14691]]],[[[-8.79772,42.33673],[-8.79775,42.3369],[-8.79754,42.33694],[-8.79772,42.33673]]],[[[-8.77424,42.2227],[-8.77436,42.22295],[-8.77423,42.22299],[-8.77424,42.2227]]],[[[-8.85838,42.29879],[-8.85857,42.29896],[-8.85831,42.29899],[-8.85838,42.29879]]],[[[-8.89223,42.49628],[-8.89234,42.49648],[-8.89208,42.49642],[-8.89223,42.49628]]],[[[-8.93037,42.37734],[-8.93036,42.37752],[-8.93015,42.37752],[-8.93037,42.37734]]],[[[-8.89827,42.1003],[-8.89833,42.10049],[-8.89804,42.10041],[-8.89827,42.1003]]],[[[-8.93415,42.47938],[-8.93424,42.47958],[-8.93408,42.47963],[-8.93415,42.47938]]],[[[-8.88297,41.88007],[-8.88313,41.8802],[-8.88281,41.8802],[-8.88297,41.88007]]],[[[-8.86279,42.30632],[-8.86296,42.30638],[-8.86293,42.30657],[-8.86279,42.30632]]],[[[-8.91482,42.46054],[-8.91504,42.46069],[-8.91474,42.46066],[-8.91482,42.46054]]],[[[-8.91742,42.44988],[-8.91771,42.45003],[-8.91755,42.45009],[-8.91742,42.44988]]],[[[-8.94527,42.3851],[-8.94529,42.3853],[-8.94512,42.38529],[-8.94527,42.3851]]],[[[-8.91195,42.19458],[-8.91203,42.19469],[-8.9118,42.1948],[-8.91195,42.19458]]],[[[-8.89267,42.49477],[-8.89281,42.49484],[-8.89256,42.49497],[-8.89267,42.49477]]],[[[-8.81814,42.16917],[-8.81808,42.16943],[-8.81799,42.16923],[-8.81814,42.16917]]],[[[-8.93898,42.45691],[-8.93911,42.45713],[-8.93886,42.457],[-8.93898,42.45691]]],[[[-8.86376,42.30611],[-8.86375,42.30628],[-8.86352,42.30625],[-8.86376,42.30611]]],[[[-8.93997,42.47479],[-8.93996,42.475],[-8.93981,42.4749],[-8.93997,42.47479]]],[[[-8.94745,42.37989],[-8.94756,42.3801],[-8.9474,42.38019],[-8.94745,42.37989]]],[[[-8.91987,42.45448],[-8.91988,42.45465],[-8.91966,42.45463],[-8.91987,42.45448]]],[[[-8.8285,42.30559],[-8.8287,42.3057],[-8.82842,42.30573],[-8.8285,42.30559]]],[[[-8.85895,42.29738],[-8.85892,42.29764],[-8.85882,42.29742],[-8.85895,42.29738]]],[[[-8.8618,42.28382],[-8.86196,42.28401],[-8.86179,42.28401],[-8.8618,42.28382]]],[[[-8.91618,42.47763],[-8.91646,42.47775],[-8.91613,42.47775],[-8.91618,42.47763]]],[[[-8.92878,42.47829],[-8.92894,42.47847],[-8.92868,42.47839],[-8.92878,42.47829]]],[[[-8.9029,42.45796],[-8.90321,42.45802],[-8.90328,42.45814],[-8.9029,42.45796]]],[[[-8.88529,41.88134],[-8.88541,41.88147],[-8.88514,41.8815],[-8.88529,41.88134]]],[[[-8.88867,41.9825],[-8.88895,41.98263],[-8.88875,41.98267],[-8.88867,41.9825]]],[[[-8.90676,42.23749],[-8.90692,42.23767],[-8.90676,42.23775],[-8.90676,42.23749]]],[[[-8.89623,42.49093],[-8.89643,42.49104],[-8.89619,42.49111],[-8.89623,42.49093]]],[[[-8.89306,42.45688],[-8.8934,42.45701],[-8.89316,42.45702],[-8.89306,42.45688]]],[[[-8.86517,42.49868],[-8.86522,42.49885],[-8.86497,42.49882],[-8.86517,42.49868]]],[[[-8.92154,42.40164],[-8.92162,42.40186],[-8.92146,42.40181],[-8.92154,42.40164]]],[[[-8.81634,42.17254],[-8.81657,42.17265],[-8.81634,42.17273],[-8.81634,42.17254]]],[[[-8.91263,42.39472],[-8.91267,42.3949],[-8.91248,42.39495],[-8.91263,42.39472]]],[[[-8.89449,42.49452],[-8.8946,42.49466],[-8.89432,42.4947],[-8.89449,42.49452]]],[[[-8.9201,42.45187],[-8.92024,42.45198],[-8.92001,42.45205],[-8.9201,42.45187]]],[[[-8.93532,42.45442],[-8.93554,42.45449],[-8.9355,42.45465],[-8.93532,42.45442]]],[[[-8.89743,42.08692],[-8.89762,42.08713],[-8.8974,42.08707],[-8.89743,42.08692]]],[[[-8.92848,42.44725],[-8.92861,42.4475],[-8.92838,42.44731],[-8.92848,42.44725]]],[[[-8.8684,42.14714],[-8.86865,42.14735],[-8.86851,42.14737],[-8.8684,42.14714]]],[[[-8.93992,42.47688],[-8.93993,42.47705],[-8.93968,42.47704],[-8.93992,42.47688]]],[[[-8.91886,42.45458],[-8.91895,42.45473],[-8.91865,42.4547],[-8.91886,42.45458]]],[[[-8.9107,42.47596],[-8.91088,42.47599],[-8.91087,42.47617],[-8.9107,42.47596]]],[[[-8.82624,42.34107],[-8.82642,42.34125],[-8.82618,42.34123],[-8.82624,42.34107]]],[[[-8.81793,42.1896],[-8.81823,42.18971],[-8.81795,42.18975],[-8.81793,42.1896]]],[[[-8.83268,42.56966],[-8.83299,42.5697],[-8.83263,42.56979],[-8.83268,42.56966]]],[[[-8.91725,42.45023],[-8.91742,42.45044],[-8.91723,42.45042],[-8.91725,42.45023]]],[[[-8.93992,42.45952],[-8.94013,42.45962],[-8.94007,42.45977],[-8.93992,42.45952]]],[[[-8.923,42.47845],[-8.92309,42.47862],[-8.9228,42.47852],[-8.923,42.47845]]],[[[-8.9171,42.45824],[-8.9172,42.45837],[-8.91701,42.45844],[-8.9171,42.45824]]],[[[-8.81604,42.17156],[-8.81578,42.17141],[-8.81605,42.17144],[-8.81604,42.17156]]],[[[-8.80387,42.19929],[-8.80405,42.19929],[-8.80395,42.1995],[-8.80387,42.19929]]],[[[-8.84203,42.15868],[-8.84221,42.15894],[-8.84211,42.15897],[-8.84203,42.15868]]],[[[-8.91184,42.19654],[-8.91199,42.19666],[-8.91182,42.19679],[-8.91184,42.19654]]],[[[-8.91622,42.47671],[-8.91635,42.47678],[-8.91603,42.47689],[-8.91622,42.47671]]],[[[-8.87352,42.14854],[-8.87378,42.14879],[-8.8736,42.14876],[-8.87352,42.14854]]],[[[-8.89774,42.23799],[-8.89798,42.23807],[-8.89762,42.23808],[-8.89774,42.23799]]],[[[-8.82632,42.32549],[-8.82639,42.32563],[-8.82617,42.32568],[-8.82632,42.32549]]],[[[-8.86366,42.30734],[-8.86391,42.30748],[-8.86372,42.30749],[-8.86366,42.30734]]],[[[-8.92607,42.48026],[-8.92635,42.48039],[-8.92611,42.48042],[-8.92607,42.48026]]],[[[-8.87733,41.8736],[-8.87707,41.87346],[-8.87735,41.87349],[-8.87733,41.8736]]],[[[-8.80284,42.34178],[-8.80287,42.34204],[-8.80272,42.34188],[-8.80284,42.34178]]],[[[-8.89897,42.11486],[-8.8991,42.11501],[-8.89886,42.11501],[-8.89897,42.11486]]],[[[-8.9019,42.11546],[-8.90208,42.11562],[-8.90181,42.1156],[-8.9019,42.11546]]],[[[-8.90393,42.24385],[-8.904,42.24404],[-8.90384,42.24405],[-8.90393,42.24385]]],[[[-8.82666,42.30397],[-8.82685,42.30403],[-8.82656,42.30406],[-8.82666,42.30397]]],[[[-8.88718,41.94373],[-8.88736,41.9439],[-8.88708,41.94385],[-8.88718,41.94373]]],[[[-8.89654,42.48968],[-8.89668,42.48986],[-8.89647,42.48978],[-8.89654,42.48968]]],[[[-8.88784,41.9349],[-8.88795,41.93503],[-8.88772,41.93509],[-8.88784,41.9349]]],[[[-8.81072,42.19136],[-8.81088,42.19159],[-8.81082,42.1917],[-8.81072,42.19136]]],[[[-8.90204,42.45833],[-8.90227,42.45838],[-8.90208,42.45847],[-8.90204,42.45833]]],[[[-8.93736,42.45612],[-8.93755,42.45629],[-8.93733,42.4563],[-8.93736,42.45612]]],[[[-8.91021,42.19698],[-8.91033,42.19709],[-8.9102,42.19721],[-8.91021,42.19698]]],[[[-8.90569,42.12049],[-8.90578,42.12059],[-8.90562,42.1207],[-8.90569,42.12049]]],[[[-8.94543,42.38396],[-8.94555,42.38411],[-8.94537,42.38417],[-8.94543,42.38396]]],[[[-8.89626,42.09732],[-8.89643,42.09751],[-8.89625,42.09748],[-8.89626,42.09732]]],[[[-8.93934,42.45514],[-8.93942,42.45529],[-8.93923,42.45534],[-8.93934,42.45514]]],[[[-8.8785,42.11132],[-8.87875,42.11142],[-8.87858,42.11148],[-8.8785,42.11132]]],[[[-8.81369,42.57862],[-8.81381,42.57877],[-8.81357,42.57874],[-8.81369,42.57862]]],[[[-8.91544,42.47821],[-8.91564,42.47843],[-8.91547,42.47841],[-8.91544,42.47821]]],[[[-8.80749,42.19076],[-8.80746,42.19099],[-8.80736,42.19083],[-8.80749,42.19076]]],[[[-8.81829,42.16825],[-8.81852,42.16833],[-8.81856,42.16846],[-8.81829,42.16825]]],[[[-8.85863,42.29864],[-8.85882,42.29878],[-8.85859,42.29876],[-8.85863,42.29864]]],[[[-8.91465,42.47707],[-8.91479,42.47725],[-8.9146,42.47724],[-8.91465,42.47707]]],[[[-8.87758,42.55743],[-8.87774,42.55758],[-8.87754,42.55759],[-8.87758,42.55743]]],[[[-8.93266,42.47951],[-8.93294,42.47957],[-8.93268,42.47965],[-8.93266,42.47951]]],[[[-8.8673,42.26151],[-8.86743,42.26175],[-8.86731,42.26173],[-8.8673,42.26151]]],[[[-8.77685,42.22083],[-8.77694,42.2211],[-8.77677,42.22099],[-8.77685,42.22083]]],[[[-8.93346,42.48053],[-8.9336,42.48066],[-8.93333,42.48069],[-8.93346,42.48053]]],[[[-8.84985,42.15774],[-8.84989,42.15788],[-8.84967,42.1579],[-8.84985,42.15774]]],[[[-8.93608,42.45499],[-8.93616,42.45509],[-8.93594,42.45518],[-8.93608,42.45499]]],[[[-8.76465,42.22513],[-8.76479,42.22525],[-8.76448,42.22523],[-8.76465,42.22513]]],[[[-8.88702,41.94705],[-8.88707,41.94725],[-8.88686,41.94718],[-8.88702,41.94705]]],[[[-8.93685,42.48098],[-8.93708,42.48104],[-8.9368,42.48112],[-8.93685,42.48098]]],[[[-8.90233,42.23998],[-8.90236,42.2401],[-8.90214,42.24013],[-8.90233,42.23998]]],[[[-8.94157,42.46575],[-8.94172,42.46587],[-8.94159,42.46595],[-8.94157,42.46575]]],[[[-8.86082,42.29426],[-8.861,42.29438],[-8.86078,42.29439],[-8.86082,42.29426]]],[[[-8.74291,42.26998],[-8.74302,42.27007],[-8.74288,42.27022],[-8.74291,42.26998]]],[[[-8.77703,42.21442],[-8.77716,42.21463],[-8.77694,42.21449],[-8.77703,42.21442]]],[[[-8.87358,42.14725],[-8.87371,42.14735],[-8.87356,42.14748],[-8.87358,42.14725]]],[[[-8.74035,42.27039],[-8.74052,42.27051],[-8.74032,42.27054],[-8.74035,42.27039]]],[[[-8.84971,42.15739],[-8.84984,42.15757],[-8.84959,42.15743],[-8.84971,42.15739]]],[[[-8.80293,42.60995],[-8.80305,42.61024],[-8.80294,42.61021],[-8.80293,42.60995]]],[[[-8.82888,42.323],[-8.82904,42.3231],[-8.82886,42.32316],[-8.82888,42.323]]],[[[-8.9109,42.19668],[-8.911,42.19687],[-8.91087,42.19688],[-8.9109,42.19668]]],[[[-8.94568,42.38268],[-8.94574,42.38284],[-8.9456,42.38289],[-8.94568,42.38268]]],[[[-8.91384,42.47667],[-8.91394,42.47678],[-8.91374,42.47685],[-8.91384,42.47667]]],[[[-8.76318,42.25491],[-8.76339,42.25502],[-8.76315,42.25502],[-8.76318,42.25491]]],[[[-8.9349,42.48185],[-8.935,42.48196],[-8.93489,42.48207],[-8.9349,42.48185]]],[[[-8.93788,42.47751],[-8.93794,42.47763],[-8.93775,42.47771],[-8.93788,42.47751]]],[[[-8.86125,42.404],[-8.86122,42.40416],[-8.861,42.40406],[-8.86125,42.404]]],[[[-8.91339,42.20388],[-8.91348,42.20401],[-8.91333,42.20406],[-8.91339,42.20388]]],[[[-8.9033,42.11257],[-8.90336,42.1127],[-8.90318,42.11282],[-8.9033,42.11257]]],[[[-8.93834,42.4781],[-8.93852,42.47819],[-8.93842,42.47833],[-8.93834,42.4781]]],[[[-8.80041,42.33867],[-8.80055,42.33879],[-8.80026,42.33876],[-8.80041,42.33867]]],[[[-8.91023,42.24274],[-8.91032,42.24295],[-8.91009,42.24283],[-8.91023,42.24274]]],[[[-8.80758,42.19558],[-8.80762,42.19584],[-8.80753,42.19583],[-8.80758,42.19558]]],[[[-8.93964,42.47639],[-8.93969,42.47658],[-8.93953,42.47661],[-8.93964,42.47639]]],[[[-8.90384,42.45871],[-8.90397,42.45888],[-8.9038,42.45883],[-8.90384,42.45871]]],[[[-8.77765,42.22614],[-8.77779,42.22628],[-8.77761,42.22629],[-8.77765,42.22614]]],[[[-8.74821,42.26767],[-8.74842,42.26772],[-8.74826,42.2678],[-8.74821,42.26767]]],[[[-8.8935,42.45671],[-8.89365,42.45681],[-8.89341,42.45685],[-8.8935,42.45671]]],[[[-8.77845,42.22834],[-8.77856,42.22849],[-8.77837,42.22846],[-8.77845,42.22834]]],[[[-8.82912,42.32304],[-8.82943,42.32316],[-8.82919,42.32315],[-8.82912,42.32304]]],[[[-8.86265,42.28278],[-8.86279,42.28291],[-8.86262,42.28293],[-8.86265,42.28278]]],[[[-8.94612,42.38275],[-8.94616,42.38294],[-8.94599,42.38287],[-8.94612,42.38275]]],[[[-8.8924,42.45649],[-8.89247,42.45664],[-8.89231,42.45666],[-8.8924,42.45649]]],[[[-8.7785,42.21711],[-8.77844,42.21729],[-8.77836,42.21718],[-8.7785,42.21711]]],[[[-8.9144,42.47688],[-8.9145,42.47701],[-8.91427,42.47706],[-8.9144,42.47688]]],[[[-8.91002,42.17782],[-8.91024,42.17784],[-8.91028,42.17795],[-8.91002,42.17782]]],[[[-8.63145,42.31037],[-8.6317,42.31055],[-8.63145,42.31048],[-8.63145,42.31037]]],[[[-8.83457,42.3415],[-8.83465,42.34165],[-8.83446,42.34162],[-8.83457,42.3415]]],[[[-8.89164,42.49587],[-8.89177,42.49595],[-8.89151,42.49601],[-8.89164,42.49587]]],[[[-8.93669,42.48074],[-8.93687,42.48078],[-8.93661,42.48089],[-8.93669,42.48074]]],[[[-8.93875,42.45547],[-8.93879,42.45566],[-8.93862,42.45564],[-8.93875,42.45547]]],[[[-8.87937,42.11124],[-8.87946,42.11134],[-8.87915,42.11133],[-8.87937,42.11124]]],[[[-8.82729,42.32478],[-8.82749,42.32487],[-8.8273,42.32491],[-8.82729,42.32478]]],[[[-8.89664,42.49367],[-8.89678,42.4938],[-8.89663,42.49387],[-8.89664,42.49367]]],[[[-8.91583,42.47732],[-8.91588,42.47745],[-8.91569,42.47749],[-8.91583,42.47732]]],[[[-8.93822,42.47825],[-8.93818,42.47846],[-8.93807,42.47835],[-8.93822,42.47825]]],[[[-8.93939,42.47629],[-8.93945,42.47646],[-8.93932,42.47651],[-8.93939,42.47629]]],[[[-8.83327,42.28629],[-8.83343,42.2864],[-8.83321,42.28642],[-8.83327,42.28629]]],[[[-8.93312,42.48001],[-8.93343,42.48006],[-8.93321,42.48014],[-8.93312,42.48001]]],[[[-8.77689,42.2146],[-8.77701,42.21471],[-8.77684,42.21477],[-8.77689,42.2146]]],[[[-8.8043,42.19943],[-8.80436,42.19958],[-8.80419,42.19957],[-8.8043,42.19943]]],[[[-8.86698,42.26086],[-8.86707,42.26101],[-8.86688,42.26097],[-8.86698,42.26086]]],[[[-8.89182,42.45589],[-8.89184,42.45609],[-8.8917,42.456],[-8.89182,42.45589]]],[[[-8.89871,42.085],[-8.89881,42.0851],[-8.8987,42.08519],[-8.89871,42.085]]],[[[-8.83559,42.34134],[-8.83572,42.34149],[-8.83555,42.3415],[-8.83559,42.34134]]],[[[-8.9176,42.44956],[-8.91776,42.4496],[-8.91749,42.44966],[-8.9176,42.44956]]],[[[-8.93915,42.47625],[-8.93923,42.47633],[-8.93908,42.47648],[-8.93915,42.47625]]],[[[-8.89448,42.45697],[-8.89449,42.45713],[-8.89433,42.45715],[-8.89448,42.45697]]],[[[-8.92148,42.45079],[-8.92159,42.45093],[-8.92139,42.45087],[-8.92148,42.45079]]],[[[-8.75476,42.35054],[-8.7548,42.35067],[-8.7546,42.35065],[-8.75476,42.35054]]],[[[-8.86706,42.26114],[-8.86721,42.26123],[-8.86696,42.26125],[-8.86706,42.26114]]],[[[-8.93853,42.47855],[-8.93868,42.47867],[-8.93852,42.47873],[-8.93853,42.47855]]],[[[-8.92813,42.47837],[-8.92833,42.47846],[-8.92813,42.47849],[-8.92813,42.47837]]],[[[-8.8604,42.29072],[-8.86056,42.29081],[-8.86038,42.29085],[-8.8604,42.29072]]],[[[-8.93913,42.45544],[-8.93917,42.45558],[-8.939,42.45565],[-8.93913,42.45544]]],[[[-8.80739,42.19557],[-8.80745,42.19575],[-8.80734,42.19582],[-8.80739,42.19557]]],[[[-8.82602,42.34216],[-8.82618,42.34232],[-8.82593,42.3423],[-8.82602,42.34216]]],[[[-8.8477,42.14859],[-8.84783,42.14865],[-8.84763,42.14872],[-8.8477,42.14859]]],[[[-8.91842,42.45491],[-8.91821,42.45493],[-8.91818,42.4548],[-8.91842,42.45491]]],[[[-8.80005,42.33851],[-8.80002,42.33871],[-8.79991,42.33869],[-8.80005,42.33851]]],[[[-8.9106,42.17822],[-8.9106,42.1785],[-8.91049,42.17845],[-8.9106,42.17822]]],[[[-8.89561,42.08356],[-8.8957,42.0837],[-8.8955,42.08368],[-8.89561,42.08356]]],[[[-8.77912,42.21888],[-8.77924,42.21897],[-8.77909,42.21906],[-8.77912,42.21888]]],[[[-8.89694,42.09566],[-8.89704,42.09578],[-8.8969,42.09585],[-8.89694,42.09566]]],[[[-8.88557,42.11315],[-8.88568,42.11323],[-8.88544,42.11328],[-8.88557,42.11315]]],[[[-8.70437,42.25909],[-8.70443,42.2592],[-8.70421,42.2592],[-8.70437,42.25909]]],[[[-8.8965,42.49015],[-8.89663,42.4903],[-8.8964,42.49022],[-8.8965,42.49015]]],[[[-8.89415,42.45676],[-8.89431,42.45685],[-8.89414,42.45692],[-8.89415,42.45676]]],[[[-8.90434,42.45899],[-8.90451,42.45913],[-8.90434,42.45914],[-8.90434,42.45899]]],[[[-8.86881,42.14822],[-8.86892,42.14833],[-8.86869,42.14836],[-8.86881,42.14822]]],[[[-8.7384,42.37606],[-8.73862,42.37617],[-8.73845,42.37617],[-8.7384,42.37606]]],[[[-8.93793,42.47886],[-8.93815,42.47894],[-8.93791,42.47898],[-8.93793,42.47886]]],[[[-8.8075,42.33905],[-8.80768,42.33905],[-8.80766,42.33917],[-8.8075,42.33905]]],[[[-8.92851,42.47838],[-8.92864,42.47851],[-8.92849,42.47855],[-8.92851,42.47838]]],[[[-8.85292,42.1451],[-8.85303,42.14527],[-8.85288,42.14521],[-8.85292,42.1451]]],[[[-8.8583,42.30774],[-8.85838,42.30788],[-8.85825,42.30791],[-8.8583,42.30774]]],[[[-8.87612,42.11351],[-8.8763,42.11363],[-8.87617,42.11366],[-8.87612,42.11351]]],[[[-8.93998,42.46767],[-8.94007,42.46777],[-8.93996,42.46784],[-8.93998,42.46767]]],[[[-8.8646,42.49934],[-8.86484,42.49944],[-8.86467,42.49947],[-8.8646,42.49934]]],[[[-8.87855,42.50026],[-8.87868,42.50046],[-8.87854,42.50042],[-8.87855,42.50026]]],[[[-8.79825,42.33848],[-8.79837,42.33864],[-8.79824,42.33864],[-8.79825,42.33848]]],[[[-8.85008,42.15691],[-8.85024,42.15701],[-8.85008,42.15705],[-8.85008,42.15691]]],[[[-8.861,42.28504],[-8.86103,42.2852],[-8.86091,42.28521],[-8.861,42.28504]]],[[[-8.90078,42.09433],[-8.90088,42.09442],[-8.90068,42.09448],[-8.90078,42.09433]]],[[[-8.82409,42.57935],[-8.82418,42.57943],[-8.82416,42.57958],[-8.82409,42.57935]]],[[[-8.9374,42.47801],[-8.93754,42.47813],[-8.9374,42.47815],[-8.9374,42.47801]]],[[[-8.85018,42.15346],[-8.85034,42.15357],[-8.8502,42.15362],[-8.85018,42.15346]]],[[[-8.83586,42.34122],[-8.83597,42.34136],[-8.83584,42.34136],[-8.83586,42.34122]]],[[[-8.8401,42.33843],[-8.84029,42.33847],[-8.84013,42.33856],[-8.8401,42.33843]]],[[[-8.84255,42.15796],[-8.84272,42.15808],[-8.84268,42.15817],[-8.84255,42.15796]]],[[[-8.9184,42.45435],[-8.91851,42.45457],[-8.91839,42.45457],[-8.9184,42.45435]]],[[[-8.7549,42.35007],[-8.75496,42.3501],[-8.75488,42.35029],[-8.7549,42.35007]]],[[[-8.90469,42.45851],[-8.90485,42.45857],[-8.90465,42.45862],[-8.90469,42.45851]]],[[[-8.79448,42.24602],[-8.79457,42.24616],[-8.79442,42.24609],[-8.79448,42.24602]]],[[[-8.8925,42.45672],[-8.89269,42.45678],[-8.89251,42.45684],[-8.8925,42.45672]]],[[[-8.91868,42.45484],[-8.91881,42.45498],[-8.91868,42.45501],[-8.91868,42.45484]]],[[[-8.8583,42.29983],[-8.85836,42.29997],[-8.85822,42.29995],[-8.8583,42.29983]]],[[[-8.77298,42.22351],[-8.77302,42.22368],[-8.7729,42.22363],[-8.77298,42.22351]]],[[[-8.86042,42.29096],[-8.86063,42.29105],[-8.86045,42.29105],[-8.86042,42.29096]]],[[[-8.91681,42.45811],[-8.91692,42.45823],[-8.91678,42.45827],[-8.91681,42.45811]]],[[[-8.822,42.34207],[-8.82212,42.34216],[-8.82191,42.34217],[-8.822,42.34207]]],[[[-8.93793,42.47784],[-8.93795,42.47794],[-8.93777,42.47798],[-8.93793,42.47784]]],[[[-8.90303,42.11603],[-8.90296,42.1162],[-8.90289,42.1161],[-8.90303,42.11603]]],[[[-8.8593,42.29672],[-8.8591,42.29675],[-8.85907,42.29665],[-8.8593,42.29672]]],[[[-8.76395,42.25804],[-8.76415,42.25812],[-8.76402,42.25818],[-8.76395,42.25804]]],[[[-8.80068,42.33882],[-8.80076,42.33895],[-8.8006,42.33893],[-8.80068,42.33882]]],[[[-8.81033,42.19194],[-8.81041,42.19199],[-8.81021,42.19215],[-8.81033,42.19194]]],[[[-8.8603,42.2911],[-8.86046,42.29121],[-8.86029,42.29122],[-8.8603,42.2911]]],[[[-8.85831,42.30017],[-8.85836,42.30033],[-8.85824,42.30029],[-8.85831,42.30017]]],[[[-8.81014,42.19173],[-8.81026,42.1918],[-8.81011,42.19188],[-8.81014,42.19173]]],[[[-8.89411,42.45723],[-8.89421,42.45726],[-8.89398,42.45733],[-8.89411,42.45723]]],[[[-8.81059,42.19181],[-8.81069,42.19189],[-8.81062,42.19201],[-8.81059,42.19181]]],[[[-8.8787,42.4988],[-8.87879,42.49891],[-8.87866,42.49895],[-8.8787,42.4988]]],[[[-8.82424,42.57957],[-8.82435,42.57961],[-8.82433,42.57973],[-8.82424,42.57957]]],[[[-8.77294,42.22404],[-8.77295,42.22416],[-8.77281,42.22415],[-8.77294,42.22404]]],[[[-8.83833,42.29291],[-8.83847,42.2929],[-8.83824,42.29298],[-8.83833,42.29291]]],[[[-8.895,42.08468],[-8.89502,42.08488],[-8.89494,42.08482],[-8.895,42.08468]]],[[[-8.77616,42.38773],[-8.77613,42.3879],[-8.77605,42.38779],[-8.77616,42.38773]]],[[[-8.94557,42.38434],[-8.94553,42.38448],[-8.94539,42.38449],[-8.94557,42.38434]]],[[[-8.93425,42.47999],[-8.93445,42.48007],[-8.93435,42.4801],[-8.93425,42.47999]]],[[[-8.82634,42.30383],[-8.82641,42.30393],[-8.82629,42.30399],[-8.82634,42.30383]]],[[[-8.8664,42.49929],[-8.86653,42.49933],[-8.86649,42.49943],[-8.8664,42.49929]]],[[[-8.81051,42.19647],[-8.81054,42.19664],[-8.81044,42.1967],[-8.81051,42.19647]]],[[[-8.91016,42.24959],[-8.91013,42.2498],[-8.91009,42.24966],[-8.91016,42.24959]]],[[[-8.77307,42.22384],[-8.7729,42.22389],[-8.77282,42.2238],[-8.77307,42.22384]]],[[[-8.813,42.3384],[-8.81303,42.33854],[-8.81292,42.33846],[-8.813,42.3384]]],[[[-8.82731,42.33229],[-8.82739,42.33242],[-8.82727,42.33241],[-8.82731,42.33229]]],[[[-8.8085,42.33975],[-8.80863,42.33978],[-8.80861,42.33988],[-8.8085,42.33975]]],[[[-8.85801,42.30005],[-8.85814,42.30008],[-8.85809,42.30019],[-8.85801,42.30005]]],[[[-8.94401,42.46608],[-8.94409,42.46615],[-8.94385,42.46618],[-8.94401,42.46608]]],[[[-8.86015,42.29123],[-8.8602,42.29137],[-8.86006,42.29134],[-8.86015,42.29123]]],[[[-8.83361,42.34242],[-8.83359,42.34259],[-8.83346,42.34256],[-8.83361,42.34242]]],[[[-8.93798,42.47842],[-8.9379,42.4786],[-8.93789,42.47845],[-8.93798,42.47842]]],[[[-8.82717,42.33244],[-8.82727,42.33257],[-8.82716,42.33255],[-8.82717,42.33244]]],[[[-8.81917,42.30496],[-8.81909,42.30509],[-8.81904,42.30498],[-8.81917,42.30496]]],[[[-8.82661,42.58119],[-8.82665,42.58132],[-8.82652,42.58129],[-8.82661,42.58119]]],[[[-8.78224,42.39512],[-8.78226,42.39527],[-8.78214,42.39517],[-8.78224,42.39512]]],[[[-8.90901,42.21856],[-8.90911,42.21869],[-8.90898,42.21864],[-8.90901,42.21856]]],[[[-8.83657,42.29142],[-8.83671,42.29149],[-8.8365,42.2915],[-8.83657,42.29142]]],[[[-8.77281,42.38884],[-8.77283,42.38898],[-8.77273,42.38894],[-8.77281,42.38884]]],[[[-8.83658,42.29167],[-8.8366,42.29178],[-8.83646,42.29179],[-8.83658,42.29167]]],[[[-8.82297,42.30104],[-8.82305,42.30111],[-8.82295,42.30121],[-8.82297,42.30104]]],[[[-8.7974,42.33656],[-8.79752,42.3366],[-8.79748,42.3367],[-8.7974,42.33656]]],[[[-8.90518,42.45942],[-8.9053,42.4595],[-8.90512,42.45946],[-8.90518,42.45942]]],[[[-8.88132,41.99828],[-8.88145,41.99838],[-8.88136,41.99839],[-8.88132,41.99828]]],[[[-8.94001,42.46787],[-8.94008,42.46792],[-8.93996,42.468],[-8.94001,42.46787]]],[[[-8.74821,42.26806],[-8.74833,42.26806],[-8.74835,42.26815],[-8.74821,42.26806]]],[[[-8.86009,42.2908],[-8.86019,42.2909],[-8.86005,42.29089],[-8.86009,42.2908]]],[[[-8.80356,42.60972],[-8.8037,42.60977],[-8.80356,42.60982],[-8.80356,42.60972]]],[[[-8.91118,42.17955],[-8.91128,42.17962],[-8.91107,42.17961],[-8.91118,42.17955]]],[[[-8.86025,42.29585],[-8.86029,42.29592],[-8.86011,42.29591],[-8.86025,42.29585]]],[[[-8.85972,42.14764],[-8.85976,42.14774],[-8.85963,42.14774],[-8.85972,42.14764]]],[[[-8.91091,42.17833],[-8.91101,42.17838],[-8.91092,42.17845],[-8.91091,42.17833]]],[[[-8.82975,42.32251],[-8.82983,42.32256],[-8.82967,42.32261],[-8.82975,42.32251]]],[[[-8.82931,42.34081],[-8.82945,42.34086],[-8.82924,42.34087],[-8.82931,42.34081]]],[[[-8.89397,42.45703],[-8.89408,42.45706],[-8.8939,42.45712],[-8.89397,42.45703]]],[[[-8.81058,42.19163],[-8.81051,42.19164],[-8.81048,42.19146],[-8.81058,42.19163]]],[[[-8.83908,42.15872],[-8.83908,42.15885],[-8.83898,42.15875],[-8.83908,42.15872]]],[[[-8.87907,42.11147],[-8.87916,42.11158],[-8.87902,42.11155],[-8.87907,42.11147]]],[[[-8.9398,42.46753],[-8.93985,42.46763],[-8.93972,42.46764],[-8.9398,42.46753]]],[[[-8.91141,42.17901],[-8.91142,42.17913],[-8.9113,42.17909],[-8.91141,42.17901]]],[[[-8.80315,42.6099],[-8.80325,42.61001],[-8.80314,42.60999],[-8.80315,42.6099]]],[[[-8.86065,42.4037],[-8.86057,42.40381],[-8.86053,42.40373],[-8.86065,42.4037]]],[[[-8.77251,42.38895],[-8.7726,42.38896],[-8.77254,42.38908],[-8.77251,42.38895]]],[[[-8.82565,42.34237],[-8.8258,42.3424],[-8.82564,42.34243],[-8.82565,42.34237]]],[[[-8.85891,42.29357],[-8.85885,42.29371],[-8.85882,42.29363],[-8.85891,42.29357]]],[[[-8.82705,42.32518],[-8.82716,42.32522],[-8.82701,42.32526],[-8.82705,42.32518]]],[[[-8.83692,42.29145],[-8.83694,42.29154],[-8.83684,42.29154],[-8.83692,42.29145]]],[[[-8.83859,42.29303],[-8.83857,42.2931],[-8.83847,42.29304],[-8.83859,42.29303]]],[[[-8.82367,42.57895],[-8.82376,42.57899],[-8.82368,42.57906],[-8.82367,42.57895]]],[[[-8.81927,42.30471],[-8.81918,42.30479],[-8.81916,42.30473],[-8.81927,42.30471]]],[[[-8.81036,42.19143],[-8.81039,42.1915],[-8.81034,42.19157],[-8.81036,42.19143]]],[[[-8.83682,42.29166],[-8.83689,42.29174],[-8.83681,42.29174],[-8.83682,42.29166]]],[[[-8.77209,42.38896],[-8.77214,42.38905],[-8.77203,42.38901],[-8.77209,42.38896]]],[[[-8.77234,42.38895],[-8.7724,42.38895],[-8.77239,42.38905],[-8.77234,42.38895]]],[[[-8.83028,42.34466],[-8.83035,42.34469],[-8.8303,42.34474],[-8.83028,42.34466]]],[[[-8.8773,41.87361],[-8.87732,41.87361],[-8.87728,41.87362],[-8.8773,41.87361]]]]}},{"type":"Feature","id":"37","properties":{"code":"37","name":"Salamanca","nationalCode":"34073700000"},"geometry":{"type":"Polygon","coordinates":[[[-5.57316,40.44808],[-5.55994,40.46282],[-5.56092,40.4771],[-5.62276,40.46576],[-5.65656,40.4368],[-5.69119,40.42199],[-5.67844,40.38702],[-5.68701,40.37571],[-5.68636,40.35537],[-5.67303,40.34853],[-5.71432,40.32531],[-5.74438,40.28886],[-5.76499,40.28078],[-5.79314,40.2867],[-5.80224,40.29655],[-5.78199,40.31246],[-5.79934,40.35375],[-5.82172,40.34841],[-5.84713,40.32805],[-5.85498,40.33837],[-5.88505,40.32613],[-5.91717,40.2777],[-6.00532,40.30537],[-6.01958,40.32264],[-6.01602,40.34029],[-6.05216,40.34155],[-6.10572,40.3568],[-6.08238,40.36321],[-6.08633,40.37803],[-6.07216,40.387],[-6.08517,40.39049],[-6.06556,40.39737],[-6.12948,40.42079],[-6.11613,40.44159],[-6.14702,40.43612],[-6.15449,40.45454],[-6.18044,40.4622],[-6.1991,40.48184],[-6.23994,40.48586],[-6.27533,40.45852],[-6.34464,40.44278],[-6.36555,40.42237],[-6.36187,40.40709],[-6.37022,40.40242],[-6.41883,40.39929],[-6.43965,40.38158],[-6.43832,40.37277],[-6.46754,40.37232],[-6.53628,40.34724],[-6.56041,40.32905],[-6.56475,40.31461],[-6.55618,40.29078],[-6.58702,40.27072],[-6.67175,40.26323],[-6.69014,40.24266],[-6.71822,40.26924],[-6.75144,40.25022],[-6.7556,40.23892],[-6.7835,40.24939],[-6.80216,40.24956],[-6.80013,40.24204],[-6.80669,40.24152],[-6.83719,40.24859],[-6.86481,40.27045],[-6.86393,40.29618],[-6.82439,40.32264],[-6.79418,40.32879],[-6.79347,40.35609],[-6.781,40.36467],[-6.8348,40.40815],[-6.84969,40.45258],[-6.81473,40.50163],[-6.79503,40.51191],[-6.80486,40.53601],[-6.80083,40.55063],[-6.84482,40.56588],[-6.83756,40.59422],[-6.80787,40.62952],[-6.79389,40.66168],[-6.80548,40.66868],[-6.81101,40.71732],[-6.82462,40.72967],[-6.8312,40.75264],[-6.81698,40.80117],[-6.82612,40.84324],[-6.8003,40.84827],[-6.80875,40.88204],[-6.83012,40.88482],[-6.84848,40.90083],[-6.849,40.92455],[-6.86017,40.9489],[-6.90858,40.99895],[-6.92157,41.00333],[-6.93117,41.0168],[-6.93009,41.03007],[-6.91511,41.03893],[-6.86595,41.02684],[-6.80836,41.03648],[-6.80916,41.04392],[-6.78,41.06726],[-6.75399,41.10278],[-6.77034,41.12444],[-6.76742,41.13521],[-6.70132,41.18039],[-6.68914,41.19921],[-6.69195,41.20832],[-6.6528,41.23565],[-6.64777,41.24757],[-6.59912,41.24424],[-6.59139,41.25546],[-6.58494,41.24183],[-6.57126,41.23903],[-6.55195,41.24525],[-6.54673,41.25815],[-6.52183,41.276],[-6.50986,41.26373],[-6.48115,41.27298],[-6.49179,41.28568],[-6.47971,41.29435],[-6.47756,41.28758],[-6.45431,41.29208],[-6.44535,41.28385],[-6.41818,41.28318],[-6.41473,41.27598],[-6.37228,41.2863],[-6.3472,41.2725],[-6.31768,41.27089],[-6.29674,41.25644],[-6.26817,41.25561],[-6.22518,41.22773],[-6.1345,41.19039],[-6.10931,41.21261],[-6.07404,41.21132],[-6.06201,41.22105],[-6.04672,41.20901],[-6.00883,41.2005],[-6.0275,41.17912],[-6.02183,41.15526],[-6.00257,41.15314],[-5.97922,41.17457],[-5.95324,41.1401],[-5.93387,41.15146],[-5.93712,41.15842],[-5.92504,41.17455],[-5.91313,41.17834],[-5.92133,41.21815],[-5.89767,41.23859],[-5.83522,41.22034],[-5.8087,41.22447],[-5.76731,41.2157],[-5.75125,41.22586],[-5.67894,41.23187],[-5.66279,41.24581],[-5.63445,41.23187],[-5.62832,41.21446],[-5.58793,41.20244],[-5.56507,41.21704],[-5.51808,41.19487],[-5.50641,41.18028],[-5.48525,41.17885],[-5.48434,41.1455],[-5.46983,41.15795],[-5.47688,41.17832],[-5.4181,41.18766],[-5.40759,41.18559],[-5.39658,41.16304],[-5.40155,41.1478],[-5.38696,41.13585],[-5.35778,41.14103],[-5.33185,41.11798],[-5.31605,41.1191],[-5.29633,41.1294],[-5.29059,41.14684],[-5.29862,41.16276],[-5.28796,41.17732],[-5.28847,41.19562],[-5.25297,41.19977],[-5.2296,41.19053],[-5.21822,41.15959],[-5.20792,41.16682],[-5.17966,41.16729],[-5.13617,41.14401],[-5.12493,41.13205],[-5.12917,41.10538],[-5.1514,41.08534],[-5.14833,41.04802],[-5.14079,41.03725],[-5.10661,41.0295],[-5.08984,40.99663],[-5.09964,40.98957],[-5.09647,40.97848],[-5.10484,40.96025],[-5.1276,40.95412],[-5.11127,40.91556],[-5.11504,40.90281],[-5.13005,40.90032],[-5.16381,40.86838],[-5.16896,40.83999],[-5.15747,40.82411],[-5.16151,40.814],[-5.17763,40.80527],[-5.18441,40.78869],[-5.21899,40.77297],[-5.21444,40.75783],[-5.24994,40.74288],[-5.29284,40.71027],[-5.32875,40.70542],[-5.33716,40.68927],[-5.38546,40.67145],[-5.38581,40.66334],[-5.36589,40.64877],[-5.37842,40.64549],[-5.37317,40.63881],[-5.38295,40.62076],[-5.41937,40.6079],[-5.44765,40.57959],[-5.49966,40.58159],[-5.50086,40.59735],[-5.51622,40.58538],[-5.51629,40.5678],[-5.52918,40.55233],[-5.52618,40.54126],[-5.43108,40.56723],[-5.42556,40.55664],[-5.43345,40.53297],[-5.44699,40.52002],[-5.45236,40.49409],[-5.46195,40.49119],[-5.46713,40.46401],[-5.48256,40.45668],[-5.50983,40.46366],[-5.51792,40.45288],[-5.50971,40.43853],[-5.51359,40.42376],[-5.54475,40.4231],[-5.57316,40.44808]]]}},{"type":"Feature","id":"38","properties":{"code":"38","name":"Santa Cruz de Tenerife","nationalCode":"34053800000"},"geometry":{"type":"MultiPolygon","coordinates":[[[[-16.48177,28.09536],[-16.49111,28.0876],[-16.48642,28.07731],[-16.49707,28.07815],[-16.49448,28.06974],[-16.50311,28.07696],[-16.54115,28.04205],[-16.54656,28.02488],[-16.55616,28.03119],[-16.59564,28.02925],[-16.64389,28.00376],[-16.66438,28.00877],[-16.67903,27.99809],[-16.70195,28.00412],[-16.71132,28.04715],[-16.73675,28.05453],[-16.73805,28.08681],[-16.77905,28.11974],[-16.80431,28.15781],[-16.80694,28.17452],[-16.81964,28.18075],[-16.83749,28.20762],[-16.84637,28.23917],[-16.84096,28.26425],[-16.85942,28.27489],[-16.8614,28.28747],[-16.88036,28.30342],[-16.89665,28.3322],[-16.92599,28.34192],[-16.92282,28.3557],[-16.87128,28.371],[-16.83289,28.39299],[-16.80814,28.37603],[-16.75157,28.3707],[-16.73411,28.38241],[-16.72454,28.37703],[-16.71944,28.3877],[-16.7012,28.38364],[-16.69404,28.39588],[-16.68089,28.39044],[-16.67416,28.40201],[-16.60354,28.39399],[-16.57263,28.40414],[-16.55471,28.41895],[-16.51186,28.41955],[-16.49713,28.43857],[-16.4768,28.44073],[-16.47342,28.455],[-16.45602,28.4598],[-16.4512,28.47742],[-16.44496,28.47456],[-16.4287,28.4892],[-16.42158,28.51768],[-16.41105,28.52721],[-16.38317,28.54707],[-16.36555,28.54512],[-16.33389,28.55753],[-16.32872,28.57672],[-16.29735,28.56901],[-16.28548,28.57646],[-16.27528,28.57172],[-16.27275,28.57804],[-16.2231,28.56544],[-16.15811,28.58866],[-16.13591,28.58283],[-16.11985,28.55941],[-16.1257,28.53207],[-16.133,28.53502],[-16.1433,28.52141],[-16.16728,28.5185],[-16.22524,28.48375],[-16.21967,28.48944],[-16.23714,28.48549],[-16.24704,28.45568],[-16.24277,28.46807],[-16.24902,28.4545],[-16.26978,28.44735],[-16.30069,28.41437],[-16.36049,28.37949],[-16.36974,28.35408],[-16.36168,28.30439],[-16.38363,28.28493],[-16.3873,28.26453],[-16.42468,28.20457],[-16.43019,28.17363],[-16.42491,28.16829],[-16.43436,28.15565],[-16.42519,28.15016],[-16.44921,28.13437],[-16.48177,28.09536]]],[[[-17.9645,27.6874],[-17.96446,27.6873],[-17.96453,27.68728],[-17.9645,27.6874]]],[[[-18.03432,27.6825],[-18.03421,27.68238],[-18.03443,27.68236],[-18.03432,27.6825]]],[[[-18.03422,27.68284],[-18.03443,27.68283],[-18.03426,27.68291],[-18.03422,27.68284]]],[[[-18.04363,27.68831],[-18.04355,27.68827],[-18.04368,27.68826],[-18.04363,27.68831]]],[[[-18.04865,27.69081],[-18.04853,27.69073],[-18.04868,27.69072],[-18.04865,27.69081]]],[[[-18.16104,27.71903],[-18.16095,27.71873],[-18.16118,27.71885],[-18.16104,27.71903]]],[[[-17.99774,27.64565],[-17.99764,27.64579],[-17.99764,27.64567],[-17.99774,27.64565]]],[[[-17.99791,27.64599],[-17.99796,27.6459],[-17.99803,27.64592],[-17.99791,27.64599]]],[[[-18.00158,27.64703],[-18.00154,27.64715],[-18.00153,27.64706],[-18.00158,27.64703]]],[[[-18.00194,27.6472],[-18.00196,27.64702],[-18.002,27.64713],[-18.00194,27.6472]]],[[[-18.00431,27.64778],[-18.00464,27.64759],[-18.00456,27.6477],[-18.00431,27.64778]]],[[[-18.00448,27.64782],[-18.005,27.64756],[-18.00468,27.648],[-18.00448,27.64782]]],[[[-18.00995,27.64996],[-18.01004,27.64988],[-18.0102,27.64989],[-18.00995,27.64996]]],[[[-18.01038,27.65135],[-18.01062,27.65131],[-18.01054,27.65139],[-18.01038,27.65135]]],[[[-18.0224,27.66825],[-18.02256,27.66819],[-18.02252,27.66826],[-18.0224,27.66825]]],[[[-18.02404,27.66858],[-18.02392,27.66845],[-18.0241,27.66846],[-18.02404,27.66858]]],[[[-17.97082,27.66918],[-17.97083,27.66903],[-17.971,27.6693],[-17.97082,27.66918]]],[[[-17.97111,27.66927],[-17.97123,27.66924],[-17.97126,27.6695],[-17.97111,27.66927]]],[[[-18.02875,27.6738],[-18.02876,27.6736],[-18.02893,27.67382],[-18.02875,27.6738]]],[[[-18.02884,27.67424],[-18.02887,27.67416],[-18.02895,27.67428],[-18.02884,27.67424]]],[[[-18.02805,27.67722],[-18.02812,27.67728],[-18.028,27.67727],[-18.02805,27.67722]]],[[[-17.96698,27.67876],[-17.96689,27.6788],[-17.96681,27.6786],[-17.96698,27.67876]]],[[[-18.13483,27.76936],[-18.13465,27.76938],[-18.13471,27.76928],[-18.13483,27.76936]]],[[[-18.13496,27.76984],[-18.13499,27.76996],[-18.13486,27.76987],[-18.13496,27.76984]]],[[[-17.90956,27.77295],[-17.90947,27.77286],[-17.90968,27.77301],[-17.90956,27.77295]]],[[[-18.1243,27.76923],[-18.12418,27.76918],[-18.12424,27.76903],[-18.1243,27.76923]]],[[[-18.1239,27.76927],[-18.12378,27.76936],[-18.12376,27.76921],[-18.1239,27.76927]]],[[[-18.12154,27.76983],[-18.12138,27.7698],[-18.12157,27.7697],[-18.12154,27.76983]]],[[[-18.12198,27.76999],[-18.12205,27.77007],[-18.12193,27.77008],[-18.12198,27.76999]]],[[[-18.13406,27.77021],[-18.13398,27.77022],[-18.13399,27.77014],[-18.13406,27.77021]]],[[[-18.12619,27.77044],[-18.12636,27.77031],[-18.12625,27.77052],[-18.12619,27.77044]]],[[[-18.02714,27.77054],[-18.02728,27.77095],[-18.02681,27.77031],[-18.02714,27.77054]]],[[[-18.13283,27.77073],[-18.13287,27.77067],[-18.1329,27.77079],[-18.13283,27.77073]]],[[[-18.12762,27.77082],[-18.12748,27.77089],[-18.12754,27.77073],[-18.12762,27.77082]]],[[[-18.1335,27.77099],[-18.13368,27.77106],[-18.13337,27.77106],[-18.1335,27.77099]]],[[[-18.01688,27.77855],[-18.01685,27.77871],[-18.01668,27.77864],[-18.01688,27.77855]]],[[[-18.01537,27.78172],[-18.01543,27.78184],[-18.01525,27.78178],[-18.01537,27.78172]]],[[[-18.01548,27.7821],[-18.01535,27.78221],[-18.01531,27.78197],[-18.01548,27.7821]]],[[[-17.89765,27.78596],[-17.89763,27.78583],[-17.89774,27.78601],[-17.89765,27.78596]]],[[[-18.00865,27.78741],[-18.00833,27.787],[-18.00846,27.78703],[-18.00865,27.78741]]],[[[-17.89607,27.78725],[-17.89613,27.7872],[-17.89613,27.78728],[-17.89607,27.78725]]],[[[-17.89591,27.78753],[-17.89586,27.78747],[-17.89603,27.78748],[-17.89591,27.78753]]],[[[-17.89619,27.78872],[-17.89621,27.78864],[-17.89631,27.78869],[-17.89619,27.78872]]],[[[-17.89558,27.78927],[-17.8953,27.78918],[-17.89568,27.78916],[-17.89558,27.78927]]],[[[-17.89307,27.79179],[-17.89284,27.79165],[-17.89315,27.79169],[-17.89307,27.79179]]],[[[-17.99949,27.79088],[-17.99949,27.79076],[-17.99956,27.79081],[-17.99949,27.79088]]],[[[-17.99941,27.79092],[-17.99945,27.79105],[-17.9993,27.79083],[-17.99941,27.79092]]],[[[-17.99675,27.79292],[-17.99675,27.79268],[-17.99703,27.79299],[-17.99675,27.79292]]],[[[-17.99458,27.79425],[-17.99453,27.7942],[-17.99459,27.7942],[-17.99458,27.79425]]],[[[-17.99353,27.79526],[-17.99329,27.79502],[-17.99364,27.79516],[-17.99353,27.79526]]],[[[-17.99305,27.79669],[-17.9929,27.79657],[-17.99309,27.79657],[-17.99305,27.79669]]],[[[-17.99059,27.79811],[-17.9906,27.79821],[-17.99054,27.79815],[-17.99059,27.79811]]],[[[-17.9907,27.79819],[-17.99075,27.79825],[-17.99068,27.79823],[-17.9907,27.79819]]],[[[-17.99068,27.79834],[-17.99069,27.79847],[-17.99059,27.79841],[-17.99068,27.79834]]],[[[-17.99105,27.799],[-17.99093,27.79906],[-17.99099,27.79896],[-17.99105,27.799]]],[[[-17.98918,27.80016],[-17.98913,27.80005],[-17.98926,27.8001],[-17.98918,27.80016]]],[[[-17.98753,27.81169],[-17.98751,27.81181],[-17.98744,27.81163],[-17.98753,27.81169]]],[[[-17.8845,27.815],[-17.88446,27.81491],[-17.88458,27.81484],[-17.8845,27.815]]],[[[-17.88748,27.81897],[-17.88748,27.81883],[-17.88762,27.81894],[-17.88748,27.81897]]],[[[-17.99266,27.82132],[-17.99233,27.82137],[-17.9925,27.82123],[-17.99266,27.82132]]],[[[-18.00069,27.82246],[-18.00158,27.82254],[-18.00107,27.82295],[-18.00069,27.82246]]],[[[-17.99307,27.8249],[-17.99312,27.82545],[-17.99275,27.82483],[-17.99307,27.8249]]],[[[-17.99496,27.82365],[-17.99514,27.82437],[-17.9946,27.82376],[-17.99496,27.82365]]],[[[-17.99701,27.82324],[-17.99595,27.82526],[-17.99517,27.82355],[-17.99701,27.82324]]],[[[-17.99377,27.82259],[-17.99398,27.82237],[-17.9939,27.82265],[-17.99377,27.82259]]],[[[-17.99261,27.82162],[-17.99309,27.82224],[-17.99216,27.82259],[-17.99261,27.82162]]],[[[-17.99311,27.82241],[-17.99381,27.82232],[-17.99325,27.82294],[-17.99311,27.82241]]],[[[-17.89224,27.8259],[-17.89223,27.82576],[-17.89241,27.82584],[-17.89224,27.8259]]],[[[-17.97546,27.82667],[-17.9754,27.82673],[-17.97538,27.82662],[-17.97546,27.82667]]],[[[-17.97323,27.82748],[-17.97334,27.82742],[-17.97328,27.82752],[-17.97323,27.82748]]],[[[-17.9732,27.82772],[-17.97312,27.82762],[-17.97326,27.82767],[-17.9732,27.82772]]],[[[-17.97455,27.82798],[-17.97442,27.82793],[-17.97456,27.82792],[-17.97455,27.82798]]],[[[-17.97108,27.83013],[-17.97095,27.8302],[-17.97087,27.82995],[-17.97108,27.83013]]],[[[-17.96767,27.83308],[-17.96763,27.8331],[-17.9676,27.83299],[-17.96767,27.83308]]],[[[-17.96779,27.83313],[-17.96783,27.83323],[-17.96766,27.83314],[-17.96779,27.83313]]],[[[-17.8951,27.83372],[-17.89468,27.83387],[-17.89511,27.8332],[-17.8951,27.83372]]],[[[-17.8994,27.83726],[-17.8992,27.83716],[-17.89951,27.83692],[-17.8994,27.83726]]],[[[-17.90295,27.83898],[-17.90287,27.83888],[-17.90301,27.83888],[-17.90295,27.83898]]],[[[-17.96409,27.83949],[-17.96404,27.83964],[-17.96389,27.83954],[-17.96409,27.83949]]],[[[-17.98026,27.82531],[-17.98039,27.82533],[-17.98027,27.82546],[-17.98026,27.82531]]],[[[-17.98091,27.82576],[-17.98086,27.82543],[-17.981,27.82584],[-17.98091,27.82576]]],[[[-17.95865,27.69789],[-17.95877,27.69774],[-17.9588,27.69798],[-17.95865,27.69789]]],[[[-18.141,27.70352],[-18.14111,27.70342],[-18.14112,27.7035],[-18.141,27.70352]]],[[[-18.15994,27.71474],[-18.15959,27.71463],[-18.15994,27.71453],[-18.15994,27.71474]]],[[[-18.16016,27.71495],[-18.16012,27.71514],[-18.1599,27.71501],[-18.16016,27.71495]]],[[[-17.94133,27.72944],[-17.94128,27.72913],[-17.94145,27.72931],[-17.94133,27.72944]]],[[[-18.15817,27.72967],[-18.158,27.72941],[-18.15824,27.72944],[-18.15817,27.72967]]],[[[-18.15917,27.72992],[-18.1591,27.73],[-18.15907,27.72994],[-18.15917,27.72992]]],[[[-18.15832,27.7301],[-18.15809,27.72993],[-18.15836,27.72993],[-18.15832,27.7301]]],[[[-18.14885,27.70576],[-18.1487,27.70577],[-18.14875,27.70569],[-18.14885,27.70576]]],[[[-18.07502,27.75344],[-18.07494,27.75349],[-18.07489,27.75334],[-18.07502,27.75344]]],[[[-18.07297,27.7533],[-18.07306,27.75378],[-18.07277,27.75345],[-18.07297,27.7533]]],[[[-18.06519,27.75477],[-18.06519,27.755],[-18.06508,27.75493],[-18.06519,27.75477]]],[[[-18.09643,27.75567],[-18.09628,27.75583],[-18.0963,27.75561],[-18.09643,27.75567]]],[[[-18.09722,27.75622],[-18.09732,27.75605],[-18.0974,27.75624],[-18.09722,27.75622]]],[[[-18.15565,27.75659],[-18.15557,27.75661],[-18.15555,27.75649],[-18.15565,27.75659]]],[[[-18.06644,27.75483],[-18.06631,27.75499],[-18.06629,27.75479],[-18.06644,27.75483]]],[[[-18.154,27.75669],[-18.15398,27.75677],[-18.15377,27.75677],[-18.154,27.75669]]],[[[-18.15548,27.75707],[-18.1555,27.75716],[-18.15533,27.75703],[-18.15548,27.75707]]],[[[-18.15606,27.75727],[-18.15609,27.75733],[-18.15601,27.75733],[-18.15606,27.75727]]],[[[-18.15353,27.75734],[-18.15354,27.75747],[-18.1528,27.75733],[-18.15353,27.75734]]],[[[-18.15273,27.7576],[-18.15308,27.75803],[-18.15273,27.75795],[-18.15273,27.7576]]],[[[-18.15157,27.75848],[-18.15172,27.75865],[-18.15118,27.75863],[-18.15157,27.75848]]],[[[-18.05475,27.7589],[-18.05457,27.75903],[-18.05452,27.75881],[-18.05475,27.7589]]],[[[-18.04837,27.76023],[-18.04839,27.76011],[-18.04844,27.76021],[-18.04837,27.76023]]],[[[-18.14894,27.76048],[-18.14858,27.76028],[-18.14894,27.76029],[-18.14894,27.76048]]],[[[-18.05001,27.76031],[-18.05008,27.76053],[-18.04981,27.76029],[-18.05001,27.76031]]],[[[-18.04905,27.76049],[-18.04912,27.76033],[-18.04915,27.76046],[-18.04905,27.76049]]],[[[-18.04832,27.76066],[-18.04851,27.76081],[-18.04829,27.76078],[-18.04832,27.76066]]],[[[-18.0486,27.76099],[-18.04866,27.76137],[-18.04839,27.7609],[-18.0486,27.76099]]],[[[-18.04941,27.7613],[-18.04955,27.7616],[-18.04926,27.76146],[-18.04941,27.7613]]],[[[-18.14234,27.76268],[-18.14291,27.76352],[-18.142,27.76273],[-18.14234,27.76268]]],[[[-18.04889,27.76043],[-18.04897,27.7607],[-18.04873,27.76064],[-18.04889,27.76043]]],[[[-18.14015,27.7639],[-18.14033,27.7641],[-18.1399,27.76398],[-18.14015,27.7639]]],[[[-18.11999,27.76409],[-18.11992,27.76402],[-18.12001,27.76401],[-18.11999,27.76409]]],[[[-18.12017,27.76429],[-18.12009,27.76435],[-18.12017,27.7642],[-18.12017,27.76429]]],[[[-18.12038,27.7646],[-18.12025,27.76458],[-18.12047,27.76447],[-18.12038,27.7646]]],[[[-18.12056,27.76484],[-18.1205,27.76482],[-18.12058,27.76474],[-18.12056,27.76484]]],[[[-18.12074,27.76503],[-18.12056,27.7651],[-18.12078,27.7649],[-18.12074,27.76503]]],[[[-18.13968,27.76723],[-18.13906,27.76656],[-18.13952,27.76688],[-18.13968,27.76723]]],[[[-18.15833,27.73062],[-18.15816,27.73067],[-18.15824,27.73047],[-18.15833,27.73062]]],[[[-18.13837,27.76705],[-18.13841,27.76722],[-18.13813,27.76698],[-18.13837,27.76705]]],[[[-17.92707,27.84962],[-17.92719,27.84948],[-17.9272,27.84971],[-17.92707,27.84962]]],[[[-17.92844,27.84985],[-17.92827,27.84967],[-17.92851,27.84975],[-17.92844,27.84985]]],[[[-16.62349,28.01829],[-16.62357,28.01802],[-16.62376,28.018],[-16.62349,28.01829]]],[[[-16.62243,28.0183],[-16.62224,28.01819],[-16.62237,28.01816],[-16.62243,28.0183]]],[[[-16.70629,28.02209],[-16.70683,28.02197],[-16.70637,28.02217],[-16.70629,28.02209]]],[[[-16.69643,28.00131],[-16.69641,28.00124],[-16.69646,28.00128],[-16.69643,28.00131]]],[[[-16.65644,28.00535],[-16.65627,28.0053],[-16.65647,28.00517],[-16.65644,28.00535]]],[[[-16.6235,28.01782],[-16.6234,28.01794],[-16.62331,28.01768],[-16.6235,28.01782]]],[[[-16.48663,28.09214],[-16.48655,28.09214],[-16.48657,28.09206],[-16.48663,28.09214]]],[[[-16.48652,28.09241],[-16.4864,28.09244],[-16.48645,28.09237],[-16.48652,28.09241]]],[[[-16.48758,28.09144],[-16.48754,28.09139],[-16.4876,28.09137],[-16.48758,28.09144]]],[[[-16.4873,28.09152],[-16.48724,28.09142],[-16.4874,28.09146],[-16.4873,28.09152]]],[[[-16.4871,28.09154],[-16.48702,28.09153],[-16.4871,28.09149],[-16.4871,28.09154]]],[[[-16.48703,28.09167],[-16.48696,28.09167],[-16.487,28.09165],[-16.48703,28.09167]]],[[[-16.48734,28.09167],[-16.48729,28.09168],[-16.4873,28.09165],[-16.48734,28.09167]]],[[[-16.48719,28.09167],[-16.48713,28.09174],[-16.48709,28.09171],[-16.48719,28.09167]]],[[[-16.49059,28.08779],[-16.49058,28.08769],[-16.49071,28.08768],[-16.49059,28.08779]]],[[[-16.48945,28.09005],[-16.48938,28.09002],[-16.48949,28.09],[-16.48945,28.09005]]],[[[-16.48905,28.09021],[-16.489,28.09026],[-16.48901,28.0902],[-16.48905,28.09021]]],[[[-16.48876,28.09038],[-16.48848,28.09027],[-16.48861,28.09027],[-16.48876,28.09038]]],[[[-16.58669,28.02869],[-16.58665,28.02867],[-16.58671,28.02863],[-16.58669,28.02869]]],[[[-16.58227,28.02876],[-16.58221,28.02882],[-16.58217,28.02873],[-16.58227,28.02876]]],[[[-16.58057,28.02923],[-16.5805,28.02919],[-16.58062,28.02919],[-16.58057,28.02923]]],[[[-16.53957,28.03382],[-16.53946,28.03366],[-16.5396,28.03373],[-16.53957,28.03382]]],[[[-16.54001,28.03413],[-16.53992,28.03409],[-16.54002,28.03399],[-16.54001,28.03413]]],[[[-16.54121,28.03556],[-16.541,28.03549],[-16.54118,28.03533],[-16.54121,28.03556]]],[[[-17.32973,28.08035],[-17.32958,28.08037],[-17.32964,28.08029],[-17.32973,28.08035]]],[[[-17.33013,28.08056],[-17.33002,28.08058],[-17.33005,28.08053],[-17.33013,28.08056]]],[[[-17.14442,28.06026],[-17.14431,28.06009],[-17.1444,28.06015],[-17.14442,28.06026]]],[[[-17.13995,28.06496],[-17.13989,28.065],[-17.13989,28.06493],[-17.13995,28.06496]]],[[[-17.16011,28.04813],[-17.16,28.04783],[-17.16016,28.04795],[-17.16011,28.04813]]],[[[-17.15672,28.04883],[-17.15616,28.04873],[-17.15612,28.04827],[-17.15672,28.04883]]],[[[-17.14673,28.05378],[-17.14681,28.05372],[-17.14681,28.0538],[-17.14673,28.05378]]],[[[-17.14396,28.0593],[-17.14388,28.05936],[-17.1439,28.05929],[-17.14396,28.0593]]],[[[-17.13715,28.06754],[-17.1371,28.06762],[-17.13701,28.06761],[-17.13715,28.06754]]],[[[-17.13509,28.06836],[-17.135,28.06843],[-17.13494,28.06839],[-17.13509,28.06836]]],[[[-17.13243,28.07012],[-17.13242,28.07018],[-17.13235,28.07015],[-17.13243,28.07012]]],[[[-17.12272,28.07301],[-17.12253,28.07303],[-17.1225,28.07297],[-17.12272,28.07301]]],[[[-17.22371,28.02541],[-17.2238,28.02545],[-17.22372,28.02547],[-17.22371,28.02541]]],[[[-17.22093,28.02547],[-17.22097,28.02552],[-17.22088,28.02554],[-17.22093,28.02547]]],[[[-17.22135,28.02547],[-17.22141,28.02552],[-17.22127,28.0255],[-17.22135,28.02547]]],[[[-17.27293,28.03491],[-17.27307,28.03495],[-17.27301,28.03497],[-17.27293,28.03491]]],[[[-17.27703,28.03673],[-17.27718,28.03668],[-17.27713,28.03675],[-17.27703,28.03673]]],[[[-17.1785,28.0377],[-17.17857,28.03772],[-17.17857,28.03779],[-17.1785,28.0377]]],[[[-17.28831,28.03829],[-17.28847,28.03826],[-17.28843,28.03831],[-17.28831,28.03829]]],[[[-17.33481,28.08188],[-17.33483,28.08195],[-17.33471,28.08192],[-17.33481,28.08188]]],[[[-17.33975,28.0837],[-17.33971,28.08348],[-17.33983,28.08364],[-17.33975,28.0837]]],[[[-17.33837,28.08434],[-17.3382,28.08444],[-17.33827,28.08433],[-17.33837,28.08434]]],[[[-17.34018,28.08819],[-17.34024,28.08825],[-17.34013,28.08836],[-17.34018,28.08819]]],[[[-17.33982,28.08671],[-17.33972,28.08681],[-17.33974,28.08666],[-17.33982,28.08671]]],[[[-16.7456,28.09091],[-16.74475,28.09051],[-16.74558,28.09068],[-16.7456,28.09091]]],[[[-16.74876,28.09218],[-16.74799,28.09184],[-16.74855,28.0919],[-16.74876,28.09218]]],[[[-17.11358,28.08186],[-17.1135,28.08197],[-17.11353,28.08184],[-17.11358,28.08186]]],[[[-17.11351,28.08249],[-17.11344,28.08245],[-17.11347,28.0824],[-17.11351,28.08249]]],[[[-16.73823,28.08394],[-16.73788,28.08325],[-16.73828,28.08369],[-16.73823,28.08394]]],[[[-16.739,28.08528],[-16.73867,28.08454],[-16.73907,28.08499],[-16.739,28.08528]]],[[[-17.10503,28.08902],[-17.10487,28.08895],[-17.10487,28.08881],[-17.10503,28.08902]]],[[[-16.74414,28.09015],[-16.74388,28.09022],[-16.74356,28.09002],[-16.74414,28.09015]]],[[[-16.73984,28.08673],[-16.73947,28.08597],[-16.73988,28.08635],[-16.73984,28.08673]]],[[[-17.94898,27.84105],[-17.94937,27.84092],[-17.94924,27.84144],[-17.94898,27.84105]]],[[[-17.96066,27.69256],[-17.97259,27.67105],[-17.9704,27.64834],[-17.99159,27.63885],[-18.05043,27.69267],[-18.15668,27.71063],[-18.15506,27.75354],[-18.13218,27.77126],[-18.08227,27.75313],[-18.03657,27.76202],[-17.9898,27.79861],[-17.99176,27.82256],[-17.97235,27.82735],[-17.9579,27.84161],[-17.91721,27.84808],[-17.89391,27.83236],[-17.88339,27.80366],[-17.91432,27.77059],[-17.90957,27.76542],[-17.92723,27.73186],[-17.94883,27.7287],[-17.95722,27.71973],[-17.96066,27.69256]]],[[[-17.9488,27.8411],[-17.9486,27.84143],[-17.94857,27.84096],[-17.9488,27.8411]]],[[[-17.9567,27.84148],[-17.95671,27.84129],[-17.95685,27.84147],[-17.9567,27.84148]]],[[[-17.95284,27.84175],[-17.95269,27.84178],[-17.95275,27.84157],[-17.95284,27.84175]]],[[[-17.95653,27.84208],[-17.95662,27.84216],[-17.95643,27.84212],[-17.95653,27.84208]]],[[[-17.95667,27.84266],[-17.9565,27.8423],[-17.95675,27.84247],[-17.95667,27.84266]]],[[[-17.95644,27.84179],[-17.95666,27.84181],[-17.95652,27.84193],[-17.95644,27.84179]]],[[[-17.94955,27.8419],[-17.94965,27.842],[-17.94951,27.84199],[-17.94955,27.8419]]],[[[-17.95274,27.84192],[-17.95297,27.842],[-17.95288,27.84229],[-17.95274,27.84192]]],[[[-17.90897,27.84279],[-17.9089,27.84275],[-17.90906,27.84264],[-17.90897,27.84279]]],[[[-17.94505,27.84275],[-17.945,27.8427],[-17.94506,27.8427],[-17.94505,27.84275]]],[[[-17.90865,27.84329],[-17.90888,27.84295],[-17.90868,27.84338],[-17.90865,27.84329]]],[[[-17.90705,27.84347],[-17.90698,27.84343],[-17.90709,27.84333],[-17.90705,27.84347]]],[[[-17.9446,27.84364],[-17.94455,27.8435],[-17.94474,27.8436],[-17.9446,27.84364]]],[[[-17.94428,27.84373],[-17.94425,27.84382],[-17.94414,27.84377],[-17.94428,27.84373]]],[[[-17.90979,27.84393],[-17.90983,27.84381],[-17.90988,27.84394],[-17.90979,27.84393]]],[[[-17.91,27.84396],[-17.9101,27.84387],[-17.91009,27.84405],[-17.91,27.84396]]],[[[-17.91486,27.84431],[-17.91499,27.84427],[-17.91492,27.84441],[-17.91486,27.84431]]],[[[-17.91507,27.84463],[-17.91515,27.84462],[-17.915,27.84494],[-17.91507,27.84463]]],[[[-17.94363,27.84441],[-17.94414,27.84476],[-17.94371,27.8454],[-17.94363,27.84441]]],[[[-17.94291,27.84579],[-17.94291,27.8459],[-17.94272,27.8458],[-17.94291,27.84579]]],[[[-17.94304,27.84604],[-17.943,27.8461],[-17.94298,27.84596],[-17.94304,27.84604]]],[[[-17.91614,27.84618],[-17.91639,27.84597],[-17.91632,27.84621],[-17.91614,27.84618]]],[[[-17.94156,27.84652],[-17.94135,27.84683],[-17.9414,27.84639],[-17.94156,27.84652]]],[[[-17.93971,27.8468],[-17.9396,27.84684],[-17.93963,27.84674],[-17.93971,27.8468]]],[[[-17.93104,27.84807],[-17.93097,27.84775],[-17.93113,27.84815],[-17.93104,27.84807]]],[[[-17.93081,27.84855],[-17.93074,27.84873],[-17.93069,27.84851],[-17.93081,27.84855]]],[[[-17.93497,27.84918],[-17.93484,27.84922],[-17.93488,27.84908],[-17.93497,27.84918]]],[[[-16.42786,28.15273],[-16.42784,28.15262],[-16.42802,28.15268],[-16.42786,28.15273]]],[[[-16.42957,28.14409],[-16.4294,28.14401],[-16.42952,28.14392],[-16.42957,28.14409]]],[[[-16.43202,28.14265],[-16.43197,28.14248],[-16.43216,28.14253],[-16.43202,28.14265]]],[[[-16.42837,28.15255],[-16.42811,28.15245],[-16.42834,28.15237],[-16.42837,28.15255]]],[[[-16.42833,28.15302],[-16.42822,28.15291],[-16.42839,28.15295],[-16.42833,28.15302]]],[[[-16.42825,28.15321],[-16.42812,28.15319],[-16.42822,28.15314],[-16.42825,28.15321]]],[[[-16.42937,28.15416],[-16.4293,28.15408],[-16.42939,28.15408],[-16.42937,28.15416]]],[[[-16.43202,28.16009],[-16.43188,28.16005],[-16.4322,28.16],[-16.43202,28.16009]]],[[[-16.92479,28.34249],[-16.92467,28.34233],[-16.9249,28.34238],[-16.92479,28.34249]]],[[[-16.92069,28.357],[-16.92068,28.35679],[-16.92076,28.35684],[-16.92069,28.357]]],[[[-16.92057,28.35701],[-16.92038,28.35687],[-16.92053,28.35691],[-16.92057,28.35701]]],[[[-16.39603,28.25218],[-16.39592,28.25225],[-16.39593,28.25207],[-16.39603,28.25218]]],[[[-16.40193,28.24284],[-16.40188,28.24269],[-16.40201,28.24276],[-16.40193,28.24284]]],[[[-16.41348,28.21811],[-16.41301,28.2179],[-16.41329,28.21751],[-16.41348,28.21811]]],[[[-16.41421,28.21886],[-16.41421,28.21881],[-16.41428,28.21882],[-16.41421,28.21886]]],[[[-16.4086,28.22961],[-16.40851,28.22943],[-16.40866,28.22957],[-16.4086,28.22961]]],[[[-16.40746,28.23281],[-16.40736,28.23279],[-16.4074,28.23266],[-16.40746,28.23281]]],[[[-16.37582,28.29131],[-16.37612,28.29113],[-16.3753,28.29213],[-16.37582,28.29131]]],[[[-16.37812,28.28836],[-16.3777,28.28883],[-16.3777,28.28863],[-16.37812,28.28836]]],[[[-16.37684,28.28992],[-16.37725,28.28958],[-16.3766,28.29053],[-16.37684,28.28992]]],[[[-16.91774,28.36033],[-16.91755,28.36037],[-16.91749,28.36031],[-16.91774,28.36033]]],[[[-16.90529,28.36423],[-16.90546,28.36438],[-16.90519,28.36428],[-16.90529,28.36423]]],[[[-16.88052,28.36888],[-16.88039,28.36929],[-16.88035,28.36895],[-16.88052,28.36888]]],[[[-16.88487,28.36913],[-16.88465,28.36928],[-16.88457,28.36909],[-16.88487,28.36913]]],[[[-16.8839,28.36982],[-16.88402,28.36995],[-16.88386,28.37003],[-16.8839,28.36982]]],[[[-16.7819,28.37596],[-16.78159,28.3759],[-16.782,28.3755],[-16.7819,28.37596]]],[[[-16.74524,28.37604],[-16.74534,28.37605],[-16.74531,28.37614],[-16.74524,28.37604]]],[[[-16.74387,28.37644],[-16.74374,28.37687],[-16.7435,28.37649],[-16.74387,28.37644]]],[[[-16.85981,28.37957],[-16.85971,28.37942],[-16.85998,28.37933],[-16.85981,28.37957]]],[[[-16.74365,28.37701],[-16.74359,28.37688],[-16.74376,28.37695],[-16.74365,28.37701]]],[[[-16.73048,28.37797],[-16.73069,28.37797],[-16.73041,28.37826],[-16.73048,28.37797]]],[[[-16.74844,28.37344],[-16.74847,28.37327],[-16.74864,28.37352],[-16.74844,28.37344]]],[[[-16.74676,28.37399],[-16.74689,28.37395],[-16.74687,28.37424],[-16.74676,28.37399]]],[[[-16.77844,28.37424],[-16.77876,28.37424],[-16.77797,28.37427],[-16.77844,28.37424]]],[[[-16.74127,28.37862],[-16.74136,28.37848],[-16.74143,28.37867],[-16.74127,28.37862]]],[[[-16.72602,28.38015],[-16.72609,28.38002],[-16.72613,28.38028],[-16.72602,28.38015]]],[[[-16.74095,28.3801],[-16.74108,28.38007],[-16.74097,28.38017],[-16.74095,28.3801]]],[[[-16.85786,28.38053],[-16.85776,28.38056],[-16.8577,28.38021],[-16.85786,28.38053]]],[[[-16.85749,28.38026],[-16.85733,28.38019],[-16.8573,28.38002],[-16.85749,28.38026]]],[[[-16.76255,28.37846],[-16.76333,28.37957],[-16.76245,28.38067],[-16.76255,28.37846]]],[[[-16.85723,28.38033],[-16.85706,28.38043],[-16.85702,28.38032],[-16.85723,28.38033]]],[[[-16.7264,28.38071],[-16.72636,28.38063],[-16.72652,28.3807],[-16.7264,28.38071]]],[[[-16.8576,28.38069],[-16.85747,28.3806],[-16.85747,28.3805],[-16.8576,28.38069]],[[-16.85592,28.38143],[-16.85572,28.38114],[-16.85598,28.38152],[-16.85592,28.38143]]],[[[-16.7244,28.38327],[-16.72432,28.38323],[-16.72434,28.38314],[-16.7244,28.38327]]],[[[-16.72429,28.38342],[-16.72417,28.38339],[-16.72429,28.38329],[-16.72429,28.38342]]],[[[-16.72379,28.38398],[-16.72381,28.38371],[-16.72389,28.38395],[-16.72379,28.38398]]],[[[-16.72359,28.38433],[-16.72352,28.38421],[-16.72374,28.38418],[-16.72359,28.38433]]],[[[-16.85347,28.38503],[-16.85323,28.38491],[-16.85357,28.38457],[-16.85347,28.38503]]],[[[-16.71338,28.38514],[-16.71343,28.38475],[-16.71359,28.38499],[-16.71338,28.38514]]],[[[-16.71299,28.3852],[-16.71295,28.38498],[-16.71305,28.38535],[-16.71299,28.3852]]],[[[-16.71943,28.38807],[-16.71932,28.38785],[-16.71972,28.38793],[-16.71943,28.38807]]],[[[-16.84768,28.38891],[-16.84753,28.38884],[-16.84745,28.38841],[-16.84768,28.38891]]],[[[-16.82585,28.3924],[-16.82599,28.39255],[-16.82572,28.39267],[-16.82585,28.3924]]],[[[-16.63833,28.39562],[-16.63821,28.39566],[-16.63817,28.3955],[-16.63833,28.39562]]],[[[-16.61625,28.39619],[-16.61622,28.3958],[-16.61639,28.39599],[-16.61625,28.39619]]],[[[-16.69421,28.39613],[-16.6941,28.39619],[-16.69414,28.39604],[-16.69421,28.39613]]],[[[-16.62195,28.39711],[-16.62183,28.39711],[-16.62188,28.39693],[-16.62195,28.39711]]],[[[-16.67765,28.3985],[-16.67773,28.39831],[-16.67776,28.39851],[-16.67765,28.3985]]],[[[-16.63235,28.39707],[-16.6322,28.39706],[-16.63222,28.39687],[-16.63235,28.39707]]],[[[-16.64837,28.39653],[-16.64872,28.39712],[-16.64821,28.39694],[-16.64837,28.39653]]],[[[-16.69372,28.39633],[-16.69363,28.39615],[-16.69384,28.39632],[-16.69372,28.39633]]],[[[-16.69495,28.39647],[-16.69546,28.3964],[-16.69515,28.39661],[-16.69495,28.39647]]],[[[-16.63421,28.39644],[-16.63423,28.3963],[-16.63434,28.39651],[-16.63421,28.39644]]],[[[-16.63169,28.39635],[-16.63164,28.39651],[-16.63157,28.39649],[-16.63169,28.39635]]],[[[-16.64906,28.39669],[-16.64893,28.39636],[-16.64922,28.39658],[-16.64906,28.39669]]],[[[-16.59167,28.39858],[-16.5918,28.39879],[-16.59181,28.39908],[-16.59167,28.39858]]],[[[-16.59452,28.39984],[-16.59446,28.40001],[-16.59432,28.39973],[-16.59452,28.39984]]],[[[-16.59522,28.40032],[-16.59513,28.40042],[-16.59486,28.40015],[-16.59522,28.40032]]],[[[-16.5958,28.40058],[-16.59617,28.40074],[-16.59581,28.40078],[-16.5958,28.40058]]],[[[-16.58016,28.4036],[-16.58023,28.40371],[-16.58013,28.40377],[-16.58016,28.4036]]],[[[-16.57774,28.40504],[-16.57774,28.40512],[-16.57764,28.40508],[-16.57774,28.40504]]],[[[-16.57614,28.40572],[-16.57611,28.40597],[-16.57608,28.40571],[-16.57614,28.40572]]],[[[-16.57203,28.40595],[-16.57216,28.40599],[-16.57208,28.40603],[-16.57203,28.40595]]],[[[-16.57325,28.40415],[-16.57319,28.40437],[-16.57314,28.40418],[-16.57325,28.40415]]],[[[-16.57483,28.40442],[-16.5745,28.40448],[-16.57463,28.40425],[-16.57483,28.40442]]],[[[-16.57396,28.40435],[-16.5736,28.40466],[-16.57361,28.40435],[-16.57396,28.40435]]],[[[-17.26603,28.21883],[-17.26618,28.21878],[-17.26614,28.21889],[-17.26603,28.21883]]],[[[-16.84337,28.24121],[-16.843,28.24115],[-16.84358,28.241],[-16.84337,28.24121]]],[[[-16.84652,28.23839],[-16.84626,28.23794],[-16.84684,28.23884],[-16.84652,28.23839]]],[[[-16.84629,28.23865],[-16.84613,28.23807],[-16.84641,28.23886],[-16.84629,28.23865]]],[[[-16.84668,28.23879],[-16.84665,28.23859],[-16.84673,28.23865],[-16.84668,28.23879]]],[[[-16.84603,28.23894],[-16.84594,28.23884],[-16.84607,28.2389],[-16.84603,28.23894]]],[[[-16.44583,28.13449],[-16.4457,28.13443],[-16.44586,28.13439],[-16.44583,28.13449]]],[[[-16.46162,28.11995],[-16.46157,28.11988],[-16.46177,28.11988],[-16.46162,28.11995]]],[[[-16.46089,28.12116],[-16.4608,28.12116],[-16.46086,28.12105],[-16.46089,28.12116]]],[[[-16.46253,28.11342],[-16.46237,28.11321],[-16.46261,28.11339],[-16.46253,28.11342]]],[[[-16.47294,28.10384],[-16.47287,28.10372],[-16.47305,28.1038],[-16.47294,28.10384]]],[[[-16.47219,28.1061],[-16.47204,28.10602],[-16.47216,28.10588],[-16.47219,28.1061]]],[[[-17.34352,28.139],[-17.34288,28.13899],[-17.34321,28.1389],[-17.34352,28.139]]],[[[-17.3432,28.13644],[-17.34318,28.13652],[-17.34314,28.13642],[-17.3432,28.13644]]],[[[-17.1386,28.16051],[-17.11213,28.1444],[-17.09848,28.09566],[-17.1678,28.03613],[-17.17975,28.03798],[-17.19856,28.02393],[-17.27024,28.02527],[-17.27335,28.03606],[-17.28938,28.03802],[-17.29149,28.04691],[-17.31949,28.05875],[-17.32067,28.07616],[-17.33412,28.07943],[-17.34893,28.09837],[-17.34111,28.13142],[-17.34574,28.15198],[-17.33457,28.16282],[-17.33707,28.17347],[-17.32282,28.19786],[-17.2763,28.21794],[-17.26058,28.21789],[-17.24483,28.20078],[-17.19614,28.20006],[-17.18356,28.18011],[-17.16776,28.18081],[-17.16509,28.17188],[-17.15565,28.17338],[-17.1557,28.16662],[-17.1386,28.16051]]],[[[-17.34702,28.11346],[-17.34697,28.11356],[-17.34697,28.11344],[-17.34702,28.11346]]],[[[-17.34765,28.11314],[-17.34754,28.11325],[-17.34757,28.11313],[-17.34765,28.11314]]],[[[-17.34598,28.12282],[-17.34599,28.12273],[-17.34613,28.12279],[-17.34598,28.12282]]],[[[-17.34447,28.1254],[-17.34459,28.12549],[-17.34439,28.12542],[-17.34447,28.1254]]],[[[-17.34142,28.1319],[-17.34145,28.13197],[-17.34138,28.13196],[-17.34142,28.1319]]],[[[-17.34186,28.13374],[-17.34175,28.13377],[-17.34172,28.13371],[-17.34186,28.13374]]],[[[-17.34232,28.12735],[-17.34218,28.12745],[-17.34219,28.12731],[-17.34232,28.12735]]],[[[-17.34178,28.12943],[-17.34177,28.12949],[-17.3417,28.12947],[-17.34178,28.12943]]],[[[-17.34175,28.12972],[-17.34169,28.12981],[-17.34168,28.12968],[-17.34175,28.12972]]],[[[-17.09854,28.09724],[-17.09835,28.09739],[-17.09843,28.09726],[-17.09854,28.09724]]],[[[-16.76195,28.09996],[-16.76178,28.09994],[-16.76234,28.09977],[-16.76195,28.09996]]],[[[-16.761,28.10043],[-16.76095,28.10018],[-16.76157,28.10007],[-16.761,28.10043]]],[[[-17.10049,28.10193],[-17.10056,28.10204],[-17.10045,28.10191],[-17.10049,28.10193]]],[[[-17.10316,28.10365],[-17.10306,28.10371],[-17.10301,28.10358],[-17.10316,28.10365]]],[[[-17.1009,28.11457],[-17.10081,28.11458],[-17.1008,28.11453],[-17.1009,28.11457]]],[[[-17.10383,28.10677],[-17.10371,28.10682],[-17.10376,28.10673],[-17.10383,28.10677]]],[[[-17.10569,28.12193],[-17.1054,28.12191],[-17.1056,28.12186],[-17.10569,28.12193]]],[[[-17.10584,28.12243],[-17.1056,28.12232],[-17.10574,28.12234],[-17.10584,28.12243]]],[[[-17.10546,28.12255],[-17.10546,28.12259],[-17.10533,28.12256],[-17.10546,28.12255]]],[[[-17.10474,28.11744],[-17.10464,28.11748],[-17.10467,28.11741],[-17.10474,28.11744]]],[[[-17.10513,28.12065],[-17.10491,28.12078],[-17.10493,28.12064],[-17.10513,28.12065]]],[[[-16.78105,28.1233],[-16.7805,28.12315],[-16.78116,28.12286],[-16.78105,28.1233]]],[[[-17.10576,28.12323],[-17.10575,28.12329],[-17.10565,28.12326],[-17.10576,28.12323]]],[[[-16.78387,28.12618],[-16.78382,28.12611],[-16.78394,28.12603],[-16.78387,28.12618]]],[[[-17.34364,28.1395],[-17.3434,28.13955],[-17.34354,28.13946],[-17.34364,28.1395]]],[[[-17.34617,28.1445],[-17.34598,28.14444],[-17.34609,28.14442],[-17.34617,28.1445]]],[[[-17.34596,28.14591],[-17.34585,28.14596],[-17.34591,28.14582],[-17.34596,28.14591]]],[[[-17.34629,28.14687],[-17.34667,28.14666],[-17.34664,28.14684],[-17.34629,28.14687]]],[[[-17.34646,28.14842],[-17.34629,28.14853],[-17.34614,28.14849],[-17.34646,28.14842]]],[[[-17.34546,28.14908],[-17.34542,28.14915],[-17.34533,28.1491],[-17.34546,28.14908]]],[[[-17.34501,28.1505],[-17.34479,28.15053],[-17.34486,28.15036],[-17.34501,28.1505]]],[[[-17.34512,28.15067],[-17.34496,28.15078],[-17.34503,28.15063],[-17.34512,28.15067]]],[[[-17.3463,28.15179],[-17.34642,28.15188],[-17.34623,28.15196],[-17.3463,28.15179]]],[[[-17.34307,28.15292],[-17.34292,28.15299],[-17.34295,28.15291],[-17.34307,28.15292]]],[[[-17.34251,28.15598],[-17.34206,28.15604],[-17.34224,28.15594],[-17.34251,28.15598]]],[[[-17.34026,28.15673],[-17.34023,28.15685],[-17.34012,28.15683],[-17.34026,28.15673]]],[[[-17.3393,28.15831],[-17.33934,28.15836],[-17.33923,28.15837],[-17.3393,28.15831]]],[[[-17.34243,28.15356],[-17.34239,28.15367],[-17.34229,28.15362],[-17.34243,28.15356]]],[[[-17.34209,28.15489],[-17.34202,28.15499],[-17.34171,28.15492],[-17.34209,28.15489]]],[[[-17.33724,28.16175],[-17.337,28.1619],[-17.33709,28.16171],[-17.33724,28.16175]]],[[[-17.33642,28.16617],[-17.33635,28.16622],[-17.33633,28.16612],[-17.33642,28.16617]]],[[[-17.33623,28.16667],[-17.33613,28.16663],[-17.33621,28.16661],[-17.33623,28.16667]]],[[[-17.33623,28.16672],[-17.33618,28.16681],[-17.33615,28.1667],[-17.33623,28.16672]]],[[[-17.33624,28.17128],[-17.33603,28.17124],[-17.33623,28.17122],[-17.33624,28.17128]]],[[[-17.33619,28.17141],[-17.33603,28.17144],[-17.33607,28.17139],[-17.33619,28.17141]]],[[[-17.33544,28.17555],[-17.33534,28.17559],[-17.33531,28.17551],[-17.33544,28.17555]]],[[[-17.33449,28.1756],[-17.33435,28.17565],[-17.33438,28.17556],[-17.33449,28.1756]]],[[[-17.33333,28.17794],[-17.33326,28.17803],[-17.33323,28.17792],[-17.33333,28.17794]]],[[[-17.33278,28.17829],[-17.33277,28.17836],[-17.3327,28.17831],[-17.33278,28.17829]]],[[[-17.33141,28.18201],[-17.33131,28.18193],[-17.33149,28.18187],[-17.33141,28.18201]]],[[[-17.33165,28.18251],[-17.33168,28.18237],[-17.33182,28.18244],[-17.33165,28.18251]]],[[[-17.33078,28.18342],[-17.33101,28.18348],[-17.33079,28.18349],[-17.33078,28.18342]]],[[[-17.32956,28.18896],[-17.32982,28.18899],[-17.32969,28.18906],[-17.32956,28.18896]]],[[[-17.32392,28.19033],[-17.32415,28.19018],[-17.32401,28.19039],[-17.32392,28.19033]]],[[[-17.32956,28.18442],[-17.32967,28.18421],[-17.32976,28.1845],[-17.32956,28.18442]]],[[[-17.32938,28.18498],[-17.32951,28.18503],[-17.32942,28.18507],[-17.32938,28.18498]]],[[[-17.32983,28.18603],[-17.33013,28.18619],[-17.32978,28.18614],[-17.32983,28.18603]]],[[[-17.32928,28.18695],[-17.32934,28.18685],[-17.32935,28.18698],[-17.32928,28.18695]]],[[[-17.3293,28.18733],[-17.32935,28.1872],[-17.32939,28.18731],[-17.3293,28.18733]]],[[[-17.32958,28.18877],[-17.32975,28.1888],[-17.32955,28.18884],[-17.32958,28.18877]]],[[[-17.32962,28.18686],[-17.3295,28.18676],[-17.3296,28.18676],[-17.32962,28.18686]]],[[[-17.32981,28.18685],[-17.32999,28.18672],[-17.33012,28.18691],[-17.32981,28.18685]]],[[[-17.14312,28.16198],[-17.14316,28.16224],[-17.14299,28.16225],[-17.14312,28.16198]]],[[[-17.14306,28.16273],[-17.14306,28.16239],[-17.1432,28.16232],[-17.14306,28.16273]]],[[[-17.14781,28.16318],[-17.14761,28.16328],[-17.14764,28.16315],[-17.14781,28.16318]]],[[[-17.32311,28.19112],[-17.32332,28.19116],[-17.3232,28.19121],[-17.32311,28.19112]]],[[[-17.15121,28.16658],[-17.15096,28.16686],[-17.15087,28.16661],[-17.15121,28.16658]]],[[[-17.16466,28.17852],[-17.16448,28.17868],[-17.16425,28.17862],[-17.16466,28.17852]]],[[[-17.1733,28.1791],[-17.17273,28.17927],[-17.1732,28.17904],[-17.1733,28.1791]]],[[[-17.17185,28.17948],[-17.1714,28.17966],[-17.17165,28.17947],[-17.17185,28.17948]]],[[[-17.16693,28.17957],[-17.16701,28.17968],[-17.16672,28.17974],[-17.16693,28.17957]]],[[[-17.17249,28.17966],[-17.17243,28.17973],[-17.17228,28.1797],[-17.17249,28.17966]]],[[[-17.32227,28.19466],[-17.32245,28.19469],[-17.32232,28.19476],[-17.32227,28.19466]]],[[[-16.82764,28.19557],[-16.82746,28.19535],[-16.82796,28.19531],[-16.82764,28.19557]]],[[[-17.19307,28.19679],[-17.19327,28.19674],[-17.19313,28.19684],[-17.19307,28.19679]]],[[[-17.32279,28.19713],[-17.32329,28.19711],[-17.32291,28.19723],[-17.32279,28.19713]]],[[[-17.32196,28.19994],[-17.32209,28.19999],[-17.32194,28.20001],[-17.32196,28.19994]]],[[[-17.32125,28.20005],[-17.32145,28.20001],[-17.32138,28.20011],[-17.32125,28.20005]]],[[[-17.3188,28.20199],[-17.31894,28.20178],[-17.31897,28.20202],[-17.3188,28.20199]]],[[[-17.30243,28.20811],[-17.3026,28.20808],[-17.30257,28.20818],[-17.30243,28.20811]]],[[[-17.29242,28.20922],[-17.29234,28.20912],[-17.29252,28.20918],[-17.29242,28.20922]]],[[[-17.2919,28.20986],[-17.29196,28.2097],[-17.29201,28.20987],[-17.2919,28.20986]]],[[[-17.29946,28.21006],[-17.29986,28.21022],[-17.29952,28.21018],[-17.29946,28.21006]]],[[[-17.29087,28.20974],[-17.29113,28.20988],[-17.29106,28.21011],[-17.29087,28.20974]]],[[[-17.29971,28.20954],[-17.30046,28.20964],[-17.30061,28.20998],[-17.29971,28.20954]]],[[[-17.29225,28.20985],[-17.29239,28.20974],[-17.29237,28.20983],[-17.29225,28.20985]]],[[[-17.29007,28.21057],[-17.28964,28.21035],[-17.29016,28.21049],[-17.29007,28.21057]]],[[[-17.2847,28.21119],[-17.28485,28.21097],[-17.28502,28.21116],[-17.2847,28.21119]]],[[[-17.28478,28.21134],[-17.28492,28.21136],[-17.28481,28.21138],[-17.28478,28.21134]]],[[[-17.28892,28.21162],[-17.28887,28.21149],[-17.28894,28.2115],[-17.28892,28.21162]]],[[[-17.2832,28.21248],[-17.28349,28.21238],[-17.28335,28.21253],[-17.2832,28.21248]]],[[[-17.28113,28.21296],[-17.28127,28.21293],[-17.28125,28.21301],[-17.28113,28.21296]]],[[[-17.28002,28.2141],[-17.28038,28.21406],[-17.28032,28.21414],[-17.28002,28.2141]]],[[[-17.27888,28.21465],[-17.27901,28.21461],[-17.27898,28.21469],[-17.27888,28.21465]]],[[[-17.27451,28.21569],[-17.27432,28.21557],[-17.27494,28.21559],[-17.27451,28.21569]]],[[[-17.27374,28.21515],[-17.27362,28.21508],[-17.27374,28.21504],[-17.27374,28.21515]]],[[[-17.2718,28.21652],[-17.27192,28.21627],[-17.27197,28.21649],[-17.2718,28.21652]]],[[[-17.26714,28.21752],[-17.2672,28.2173],[-17.26744,28.21744],[-17.26714,28.21752]]],[[[-17.27158,28.21744],[-17.27188,28.2173],[-17.27169,28.21756],[-17.27158,28.21744]]],[[[-17.25762,28.21237],[-17.25773,28.21233],[-17.25771,28.2124],[-17.25762,28.21237]]],[[[-17.25762,28.2127],[-17.25782,28.21261],[-17.25781,28.21274],[-17.25762,28.2127]]],[[[-17.25856,28.21309],[-17.25906,28.21322],[-17.25862,28.21334],[-17.25856,28.21309]]],[[[-17.25851,28.21353],[-17.25855,28.21346],[-17.25864,28.21349],[-17.25851,28.21353]]],[[[-17.25963,28.21451],[-17.25984,28.21431],[-17.25986,28.21451],[-17.25963,28.21451]]],[[[-17.253,28.21006],[-17.25326,28.20998],[-17.25296,28.21013],[-17.253,28.21006]]],[[[-17.25365,28.21039],[-17.25379,28.21036],[-17.25374,28.21046],[-17.25365,28.21039]]],[[[-17.25396,28.21102],[-17.25408,28.21099],[-17.25405,28.21105],[-17.25396,28.21102]]],[[[-17.28314,28.21178],[-17.2832,28.21197],[-17.28306,28.21183],[-17.28314,28.21178]]],[[[-17.25738,28.21217],[-17.25784,28.21207],[-17.25774,28.21218],[-17.25738,28.21217]]],[[[-16.8292,28.19781],[-16.82892,28.19763],[-16.82897,28.19714],[-16.8292,28.19781]]],[[[-17.19609,28.19787],[-17.19607,28.19775],[-17.19624,28.19781],[-17.19609,28.19787]]],[[[-17.20696,28.19889],[-17.20706,28.19883],[-17.20706,28.19893],[-17.20696,28.19889]]],[[[-17.19619,28.19886],[-17.19624,28.19892],[-17.19612,28.19906],[-17.19619,28.19886]]],[[[-17.20187,28.19945],[-17.20189,28.1994],[-17.20199,28.19944],[-17.20187,28.19945]]],[[[-17.20689,28.19846],[-17.20727,28.19834],[-17.20719,28.19857],[-17.20689,28.19846]]],[[[-17.20683,28.19862],[-17.20675,28.19856],[-17.20683,28.19855],[-17.20683,28.19862]]],[[[-17.19731,28.19985],[-17.1975,28.19981],[-17.19738,28.1999],[-17.19731,28.19985]]],[[[-16.82965,28.20012],[-16.8291,28.19996],[-16.82983,28.19965],[-16.82965,28.20012]]],[[[-17.19748,28.20002],[-17.19753,28.19991],[-17.19754,28.20003],[-17.19748,28.20002]]],[[[-17.22568,28.20071],[-17.22584,28.20063],[-17.22582,28.20075],[-17.22568,28.20071]]],[[[-17.20944,28.20118],[-17.20951,28.20143],[-17.20941,28.20133],[-17.20944,28.20118]]],[[[-17.21362,28.20152],[-17.21369,28.20137],[-17.21386,28.20142],[-17.21362,28.20152]]],[[[-17.21115,28.20266],[-17.2117,28.2024],[-17.21198,28.20271],[-17.21115,28.20266]]],[[[-17.24195,28.20301],[-17.24205,28.20282],[-17.24204,28.20304],[-17.24195,28.20301]],[[-17.24156,28.2028],[-17.2416,28.20258],[-17.24153,28.20313],[-17.24156,28.2028]]],[[[-17.23641,28.20389],[-17.23661,28.20377],[-17.23655,28.20387],[-17.23641,28.20389]]],[[[-17.23781,28.20383],[-17.23793,28.20388],[-17.23792,28.20398],[-17.23781,28.20383]]],[[[-17.24762,28.2042],[-17.24781,28.20401],[-17.24797,28.20413],[-17.24762,28.2042]]],[[[-17.25365,28.20733],[-17.25379,28.20728],[-17.25385,28.20735],[-17.25365,28.20733]]],[[[-17.25369,28.20744],[-17.25386,28.2074],[-17.25381,28.20746],[-17.25369,28.20744]]],[[[-17.29746,28.20755],[-17.29772,28.20759],[-17.29747,28.20759],[-17.29746,28.20755]]],[[[-17.29787,28.20761],[-17.29785,28.20751],[-17.29807,28.20752],[-17.29787,28.20761]]],[[[-17.29287,28.20857],[-17.2928,28.20851],[-17.293,28.20852],[-17.29287,28.20857]]],[[[-17.29226,28.20862],[-17.29243,28.20853],[-17.29239,28.20866],[-17.29226,28.20862]]],[[[-17.29262,28.20888],[-17.2928,28.20871],[-17.29279,28.20882],[-17.29262,28.20888]]],[[[-17.29248,28.20899],[-17.29234,28.20903],[-17.2924,28.20893],[-17.29248,28.20899]]],[[[-17.29947,28.20889],[-17.29955,28.2093],[-17.29929,28.20915],[-17.29947,28.20889]]],[[[-17.27061,28.21761],[-17.27164,28.2185],[-17.26935,28.21845],[-17.27061,28.21761]]],[[[-17.81797,28.48964],[-17.81799,28.48937],[-17.81834,28.48946],[-17.81797,28.48964]]],[[[-16.11864,28.55689],[-16.11858,28.55688],[-16.11862,28.55676],[-16.11864,28.55689]]],[[[-17.87682,28.50677],[-17.87689,28.50663],[-17.877,28.5067],[-17.87682,28.50677]]],[[[-17.87655,28.50189],[-17.87679,28.50195],[-17.87643,28.50195],[-17.87655,28.50189]]],[[[-17.87665,28.50636],[-17.87681,28.50645],[-17.87651,28.50634],[-17.87665,28.50636]]],[[[-17.87647,28.5106],[-17.87634,28.5105],[-17.87671,28.51058],[-17.87647,28.5106]]],[[[-17.87699,28.51493],[-17.87719,28.51487],[-17.8773,28.51495],[-17.87699,28.51493]]],[[[-17.87802,28.51523],[-17.87772,28.51529],[-17.87797,28.51512],[-17.87802,28.51523]]],[[[-17.87853,28.51631],[-17.87804,28.51623],[-17.87871,28.51625],[-17.87853,28.51631]]],[[[-17.87686,28.51667],[-17.87678,28.51663],[-17.877,28.51661],[-17.87686,28.51667]]],[[[-17.87868,28.51666],[-17.87839,28.51678],[-17.878,28.51663],[-17.87868,28.51666]]],[[[-17.87466,28.4913],[-17.87449,28.49116],[-17.87471,28.49118],[-17.87466,28.4913]]],[[[-17.87536,28.49334],[-17.87525,28.49333],[-17.87549,28.49326],[-17.87536,28.49334]]],[[[-17.87596,28.49412],[-17.87589,28.49402],[-17.87622,28.49398],[-17.87596,28.49412]]],[[[-16.42951,28.49183],[-16.42939,28.49167],[-16.42951,28.49168],[-16.42951,28.49183]]],[[[-16.42752,28.4944],[-16.42737,28.4944],[-16.42722,28.49421],[-16.42752,28.4944]]],[[[-17.81581,28.49553],[-17.81585,28.4954],[-17.81595,28.49554],[-17.81581,28.49553]]],[[[-16.42665,28.49657],[-16.42659,28.49654],[-16.42663,28.4965],[-16.42665,28.49657]]],[[[-16.42611,28.49667],[-16.42595,28.49658],[-16.42613,28.49661],[-16.42611,28.49667]]],[[[-16.4273,28.49684],[-16.42725,28.49686],[-16.42724,28.49681],[-16.4273,28.49684]]],[[[-17.81404,28.49712],[-17.81395,28.49709],[-17.81414,28.49706],[-17.81404,28.49712]]],[[[-17.81408,28.4973],[-17.81383,28.49724],[-17.81417,28.49723],[-17.81408,28.4973]]],[[[-16.42676,28.4981],[-16.42677,28.49803],[-16.42689,28.49807],[-16.42676,28.4981]]],[[[-16.42688,28.499],[-16.42675,28.49899],[-16.4269,28.49892],[-16.42688,28.499]]],[[[-16.42722,28.49931],[-16.42708,28.49914],[-16.42721,28.49908],[-16.42722,28.49931]]],[[[-17.80766,28.50323],[-17.80747,28.50322],[-17.80769,28.50312],[-17.80766,28.50323]]],[[[-16.42923,28.50036],[-16.42893,28.50037],[-16.42934,28.50021],[-16.42923,28.50036]]],[[[-16.4266,28.50036],[-16.42637,28.50034],[-16.42647,28.50023],[-16.4266,28.50036]]],[[[-16.42686,28.50064],[-16.42686,28.50059],[-16.42696,28.50063],[-16.42686,28.50064]]],[[[-16.42541,28.50438],[-16.42506,28.50425],[-16.42556,28.50409],[-16.42541,28.50438]]],[[[-16.42383,28.50591],[-16.42358,28.50573],[-16.4238,28.5058],[-16.42383,28.50591]]],[[[-16.42381,28.50617],[-16.42362,28.50612],[-16.42372,28.50611],[-16.42381,28.50617]]],[[[-16.42401,28.50759],[-16.42375,28.50746],[-16.42399,28.50746],[-16.42401,28.50759]]],[[[-16.4237,28.50793],[-16.42349,28.50766],[-16.42366,28.50768],[-16.4237,28.50793]]],[[[-17.80528,28.50885],[-17.80489,28.50879],[-17.80523,28.5087],[-17.80528,28.50885]]],[[[-16.42243,28.50979],[-16.4225,28.50943],[-16.42318,28.5098],[-16.42243,28.50979]]],[[[-16.42152,28.51177],[-16.42137,28.5116],[-16.42169,28.51168],[-16.42152,28.51177]]],[[[-17.80193,28.51288],[-17.80155,28.51296],[-17.80189,28.51272],[-17.80193,28.51288]]],[[[-17.80404,28.51049],[-17.80394,28.51025],[-17.80426,28.51032],[-17.80404,28.51049]]],[[[-16.42221,28.51618],[-16.42201,28.51612],[-16.42201,28.51607],[-16.42221,28.51618]]],[[[-16.42198,28.51635],[-16.42187,28.51625],[-16.42197,28.51625],[-16.42198,28.51635]]],[[[-16.42179,28.5166],[-16.42166,28.51657],[-16.42175,28.51652],[-16.42179,28.5166]]],[[[-17.8788,28.51741],[-17.87882,28.51732],[-17.87888,28.51741],[-17.8788,28.51741]]],[[[-17.87822,28.51752],[-17.8783,28.51723],[-17.87837,28.51749],[-17.87822,28.51752]]],[[[-16.42122,28.51782],[-16.4215,28.518],[-16.42132,28.51807],[-16.42122,28.51782]]],[[[-16.4221,28.51799],[-16.42191,28.51811],[-16.42203,28.51788],[-16.4221,28.51799]]],[[[-17.87655,28.51666],[-17.8767,28.51685],[-17.87654,28.51684],[-17.87655,28.51666]]],[[[-16.42219,28.51754],[-16.422,28.51735],[-16.42222,28.51734],[-16.42219,28.51754]]],[[[-17.87712,28.51759],[-17.87718,28.51745],[-17.87752,28.5174],[-17.87712,28.51759]]],[[[-16.12765,28.53609],[-16.12749,28.53595],[-16.12766,28.536],[-16.12765,28.53609]]],[[[-16.12814,28.53779],[-16.1279,28.53779],[-16.12826,28.53769],[-16.12814,28.53779]]],[[[-16.12822,28.53825],[-16.12796,28.53838],[-16.12831,28.53801],[-16.12822,28.53825]]],[[[-16.12556,28.54367],[-16.12535,28.5436],[-16.12567,28.54359],[-16.12556,28.54367]]],[[[-16.12628,28.54771],[-16.12627,28.54762],[-16.12645,28.54767],[-16.12628,28.54771]]],[[[-16.12224,28.55062],[-16.12208,28.55039],[-16.12222,28.55041],[-16.12224,28.55062]]],[[[-16.1197,28.55087],[-16.11964,28.55082],[-16.11971,28.55081],[-16.1197,28.55087]]],[[[-16.12081,28.55128],[-16.12076,28.55123],[-16.12088,28.55125],[-16.12081,28.55128]]],[[[-16.11939,28.55149],[-16.11954,28.55129],[-16.11958,28.55142],[-16.11939,28.55149]]],[[[-16.12037,28.55124],[-16.12014,28.55105],[-16.12053,28.55114],[-16.12037,28.55124]]],[[[-16.11961,28.55201],[-16.11963,28.55196],[-16.11973,28.55198],[-16.11961,28.55201]]],[[[-16.1239,28.54923],[-16.1238,28.54914],[-16.12396,28.54914],[-16.1239,28.54923]]],[[[-16.126,28.54748],[-16.12584,28.54753],[-16.12584,28.54734],[-16.126,28.54748]]],[[[-16.11981,28.55918],[-16.11957,28.55924],[-16.1199,28.55901],[-16.11981,28.55918]]],[[[-16.12039,28.55991],[-16.12024,28.55979],[-16.12054,28.55984],[-16.12039,28.55991]]],[[[-16.12159,28.56005],[-16.12163,28.55989],[-16.12177,28.5599],[-16.12159,28.56005]],[[-16.12285,28.5604],[-16.1231,28.56039],[-16.1227,28.56041],[-16.12285,28.5604]]],[[[-16.12374,28.56089],[-16.12368,28.56086],[-16.12379,28.56081],[-16.12374,28.56089]]],[[[-16.12294,28.56093],[-16.1228,28.56082],[-16.12298,28.5608],[-16.12294,28.56093]]],[[[-16.12275,28.56125],[-16.12266,28.56124],[-16.12267,28.56117],[-16.12275,28.56125]]],[[[-16.12464,28.56205],[-16.12479,28.56206],[-16.12433,28.56204],[-16.12464,28.56205]]],[[[-16.12378,28.56234],[-16.12348,28.56219],[-16.12385,28.56223],[-16.12378,28.56234]]],[[[-16.1259,28.56473],[-16.12577,28.56466],[-16.1259,28.56465],[-16.1259,28.56473]]],[[[-16.12665,28.56568],[-16.12656,28.56553],[-16.12669,28.56562],[-16.12665,28.56568]]],[[[-16.12575,28.56571],[-16.12566,28.56564],[-16.12576,28.5656],[-16.12575,28.56571]]],[[[-16.12527,28.56643],[-16.12524,28.5664],[-16.12532,28.56638],[-16.12527,28.56643]]],[[[-16.1257,28.56638],[-16.12562,28.56633],[-16.12578,28.56634],[-16.1257,28.56638]]],[[[-16.12534,28.56747],[-16.12522,28.56745],[-16.12531,28.5674],[-16.12534,28.56747]]],[[[-16.12532,28.56764],[-16.1252,28.56762],[-16.12521,28.56757],[-16.12532,28.56764]]],[[[-16.12546,28.56775],[-16.12541,28.56776],[-16.12539,28.56766],[-16.12546,28.56775]]],[[[-16.12554,28.56795],[-16.12542,28.56781],[-16.1256,28.56792],[-16.12554,28.56795]]],[[[-16.12377,28.5685],[-16.12365,28.56837],[-16.12377,28.5684],[-16.12377,28.5685]]],[[[-16.1259,28.56857],[-16.12585,28.56855],[-16.12588,28.56849],[-16.1259,28.56857]]],[[[-16.12617,28.56895],[-16.12616,28.56884],[-16.1262,28.56889],[-16.12617,28.56895]]],[[[-16.12607,28.56915],[-16.12602,28.56909],[-16.12607,28.56905],[-16.12607,28.56915]]],[[[-16.12619,28.56926],[-16.1262,28.56922],[-16.1263,28.56921],[-16.12619,28.56926]]],[[[-16.12641,28.57027],[-16.12635,28.57024],[-16.12643,28.5702],[-16.12641,28.57027]]],[[[-16.12689,28.57141],[-16.12681,28.57137],[-16.12689,28.57136],[-16.12689,28.57141]]],[[[-16.12684,28.57131],[-16.12661,28.57124],[-16.12686,28.57126],[-16.12684,28.57131]]],[[[-16.12667,28.57147],[-16.12649,28.57139],[-16.12655,28.57131],[-16.12667,28.57147]]],[[[-16.12702,28.57146],[-16.12696,28.57147],[-16.12696,28.57136],[-16.12702,28.57146]]],[[[-16.12709,28.57151],[-16.12709,28.57145],[-16.12712,28.57146],[-16.12709,28.57151]]],[[[-17.7293,28.74407],[-17.7292,28.74426],[-17.72904,28.74423],[-17.7293,28.74407]]],[[[-17.73026,28.74861],[-17.73034,28.74868],[-17.73013,28.74876],[-17.73026,28.74861]]],[[[-17.99415,28.74138],[-17.9942,28.74124],[-17.99426,28.74131],[-17.99415,28.74138]]],[[[-17.72955,28.74889],[-17.72964,28.74896],[-17.72948,28.74907],[-17.72955,28.74889]]],[[[-17.73319,28.75247],[-17.73338,28.75249],[-17.73308,28.75258],[-17.73319,28.75247]]],[[[-17.7324,28.75259],[-17.73253,28.75283],[-17.73189,28.75328],[-17.7324,28.75259]]],[[[-17.73502,28.75921],[-17.73501,28.75958],[-17.73477,28.75921],[-17.73502,28.75921]]],[[[-17.74344,28.76602],[-17.74356,28.76628],[-17.74323,28.76623],[-17.74344,28.76602]]],[[[-17.92407,28.60213],[-17.92421,28.60232],[-17.92393,28.60205],[-17.92407,28.60213]]],[[[-17.75713,28.65045],[-17.75695,28.65065],[-17.75678,28.65046],[-17.75713,28.65045]]],[[[-17.7572,28.65052],[-17.75729,28.65055],[-17.75726,28.65058],[-17.7572,28.65052]]],[[[-17.75727,28.6508],[-17.75716,28.65079],[-17.75731,28.65071],[-17.75727,28.6508]]],[[[-17.75717,28.65131],[-17.75708,28.65131],[-17.75714,28.65126],[-17.75717,28.65131]]],[[[-17.75827,28.65282],[-17.75799,28.65288],[-17.75807,28.65263],[-17.75827,28.65282]]],[[[-17.7597,28.65374],[-17.75923,28.65386],[-17.75901,28.65355],[-17.7597,28.65374]]],[[[-17.75987,28.65841],[-17.75977,28.65827],[-17.75991,28.6581],[-17.75987,28.65841]]],[[[-17.75992,28.65755],[-17.76007,28.6575],[-17.76,28.65759],[-17.75992,28.65755]]],[[[-17.76084,28.65927],[-17.76094,28.65916],[-17.76092,28.65931],[-17.76084,28.65927]]],[[[-18.00797,28.77613],[-18.00786,28.77605],[-18.00806,28.77591],[-18.00797,28.77613]]],[[[-17.98887,28.79654],[-17.98883,28.79643],[-17.98897,28.79658],[-17.98887,28.79654]]],[[[-17.98874,28.79651],[-17.98876,28.79644],[-17.98886,28.79667],[-17.98874,28.79651]]],[[[-18.00785,28.77029],[-18.00773,28.7702],[-18.00785,28.77017],[-18.00785,28.77029]]],[[[-18.00799,28.77076],[-18.00789,28.7706],[-18.008,28.77064],[-18.00799,28.77076]]],[[[-17.98326,28.80003],[-17.98319,28.80003],[-17.98326,28.79997],[-17.98326,28.80003]]],[[[-17.98063,28.80276],[-17.98058,28.80264],[-17.98079,28.80285],[-17.98063,28.80276]]],[[[-17.9829,28.80041],[-17.98286,28.80035],[-17.98292,28.80031],[-17.9829,28.80041]]],[[[-17.98259,28.80053],[-17.98274,28.80046],[-17.98269,28.80056],[-17.98259,28.80053]]],[[[-17.97842,28.81009],[-17.97852,28.81014],[-17.9783,28.81016],[-17.97842,28.81009]]],[[[-17.97207,28.81682],[-17.97194,28.81674],[-17.97217,28.81676],[-17.97207,28.81682]]],[[[-17.97136,28.81714],[-17.97172,28.81694],[-17.97171,28.81737],[-17.97136,28.81714]]],[[[-17.97207,28.81709],[-17.97226,28.81719],[-17.97199,28.81715],[-17.97207,28.81709]]],[[[-17.97107,28.81881],[-17.97138,28.81881],[-17.97112,28.81896],[-17.97107,28.81881]]],[[[-17.96815,28.82162],[-17.96833,28.8218],[-17.9681,28.82176],[-17.96815,28.82162]]],[[[-17.96805,28.82902],[-17.96796,28.82831],[-17.96919,28.82907],[-17.96805,28.82902]]],[[[-17.85342,28.83366],[-17.85351,28.83349],[-17.8538,28.83356],[-17.85342,28.83366]]],[[[-17.95746,28.83055],[-17.95747,28.83047],[-17.95754,28.83063],[-17.95746,28.83055]]],[[[-17.95801,28.8307],[-17.95879,28.83196],[-17.9581,28.83148],[-17.95801,28.8307]]],[[[-17.96081,28.82867],[-17.96257,28.83029],[-17.96101,28.82982],[-17.96081,28.82867]]],[[[-17.96154,28.82981],[-17.96167,28.82983],[-17.96171,28.82996],[-17.96154,28.82981]]],[[[-17.8534,28.83385],[-17.85381,28.83446],[-17.85297,28.83415],[-17.8534,28.83385]]],[[[-17.86133,28.83537],[-17.86129,28.83553],[-17.86123,28.83535],[-17.86133,28.83537]]],[[[-17.8501,28.83559],[-17.84996,28.83586],[-17.84997,28.83546],[-17.8501,28.83559]]],[[[-17.84269,28.83627],[-17.84273,28.83615],[-17.84274,28.83638],[-17.84269,28.83627]]],[[[-17.84268,28.83657],[-17.84269,28.83645],[-17.84278,28.83658],[-17.84268,28.83657]]],[[[-17.84636,28.8358],[-17.84651,28.83575],[-17.8466,28.83601],[-17.84636,28.8358]]],[[[-17.84707,28.8361],[-17.847,28.83616],[-17.84698,28.83602],[-17.84707,28.8361]]],[[[-17.87515,28.83732],[-17.87499,28.83733],[-17.87512,28.83719],[-17.87515,28.83732]]],[[[-17.87572,28.83757],[-17.87567,28.83774],[-17.87568,28.83748],[-17.87572,28.83757]]],[[[-17.87681,28.83827],[-17.87665,28.83821],[-17.87673,28.83809],[-17.87681,28.83827]]],[[[-17.87739,28.83846],[-17.87744,28.83864],[-17.87729,28.83851],[-17.87739,28.83846]]],[[[-17.87894,28.83843],[-17.8789,28.83886],[-17.87882,28.83836],[-17.87894,28.83843]]],[[[-17.81693,28.83992],[-17.817,28.84012],[-17.81689,28.84001],[-17.81693,28.83992]]],[[[-17.84791,28.83657],[-17.84794,28.8369],[-17.84779,28.8367],[-17.84791,28.83657]]],[[[-17.84281,28.83684],[-17.84274,28.83724],[-17.84265,28.83687],[-17.84281,28.83684]]],[[[-17.94473,28.84222],[-17.9452,28.84243],[-17.9446,28.84252],[-17.94473,28.84222]]],[[[-17.80727,28.8437],[-17.80738,28.84385],[-17.80712,28.84393],[-17.80727,28.8437]]],[[[-17.89726,28.84419],[-17.89744,28.84409],[-17.89739,28.84435],[-17.89726,28.84419]]],[[[-17.93461,28.84491],[-17.93466,28.84545],[-17.93443,28.84477],[-17.93461,28.84491]]],[[[-17.92893,28.8467],[-17.92904,28.84698],[-17.92854,28.84643],[-17.92893,28.8467]]],[[[-17.92097,28.85712],[-17.92129,28.85746],[-17.92075,28.85743],[-17.92097,28.85712]]],[[[-17.93169,28.84452],[-17.93164,28.84425],[-17.93182,28.84445],[-17.93169,28.84452]]],[[[-17.93146,28.84457],[-17.9313,28.84451],[-17.93135,28.84433],[-17.93146,28.84457]]],[[[-17.93838,28.84207],[-17.93822,28.84215],[-17.93818,28.84205],[-17.93838,28.84207]]],[[[-18.00748,28.76854],[-18.00759,28.76853],[-18.00758,28.76858],[-18.00748,28.76854]]],[[[-18.00684,28.76853],[-18.0069,28.76863],[-18.00678,28.76862],[-18.00684,28.76853]]],[[[-18.00649,28.75311],[-18.00661,28.75291],[-18.00661,28.75314],[-18.00649,28.75311]]],[[[-18.00546,28.76053],[-18.00501,28.76024],[-18.00566,28.76008],[-18.00546,28.76053]]],[[[-18.0049,28.76587],[-18.00489,28.76603],[-18.00465,28.76587],[-18.0049,28.76587]]],[[[-18.00535,28.76593],[-18.00535,28.76584],[-18.00549,28.76593],[-18.00535,28.76593]]],[[[-17.99532,28.74378],[-17.99541,28.74385],[-17.99534,28.74391],[-17.99532,28.74378]]],[[[-17.74438,28.76805],[-17.74438,28.76819],[-17.74432,28.76801],[-17.74438,28.76805]]],[[[-17.74444,28.76782],[-17.7445,28.76791],[-17.74433,28.76793],[-17.74444,28.76782]]],[[[-17.7449,28.76833],[-17.74495,28.76838],[-17.74485,28.76843],[-17.7449,28.76833]]],[[[-17.74403,28.7691],[-17.74387,28.76923],[-17.74391,28.76914],[-17.74403,28.7691]]],[[[-18.00591,28.78329],[-18.00596,28.7834],[-18.00581,28.78321],[-18.00591,28.78329]]],[[[-18.00339,28.78715],[-18.00327,28.78705],[-18.00343,28.78697],[-18.00339,28.78715]]],[[[-18.00779,28.76952],[-18.00757,28.76929],[-18.00786,28.76937],[-18.00779,28.76952]]],[[[-18.00751,28.77026],[-18.00766,28.77044],[-18.00719,28.77008],[-18.00751,28.77026]]],[[[-18.0077,28.7716],[-18.0072,28.77128],[-18.00785,28.77148],[-18.0077,28.7716]]],[[[-18.00754,28.7747],[-18.00719,28.77452],[-18.0079,28.77474],[-18.00754,28.7747]]],[[[-18.00739,28.77516],[-18.00725,28.77506],[-18.00735,28.77505],[-18.00739,28.77516]]],[[[-16.15664,28.60433],[-16.1547,28.60509],[-16.15748,28.60178],[-16.15664,28.60433]]],[[[-16.15872,28.59109],[-16.16126,28.59231],[-16.15873,28.59447],[-16.15872,28.59109]]],[[[-16.14478,28.52065],[-16.14476,28.52059],[-16.14486,28.52052],[-16.14478,28.52065]]],[[[-17.87918,28.52202],[-17.87905,28.52212],[-17.87906,28.52187],[-17.87918,28.52202]]],[[[-17.87968,28.52483],[-17.88021,28.52449],[-17.88027,28.5251],[-17.87968,28.52483]]],[[[-17.87744,28.51824],[-17.87757,28.5183],[-17.87725,28.51841],[-17.87744,28.51824]]],[[[-16.42042,28.51889],[-16.42017,28.51892],[-16.4203,28.51881],[-16.42042,28.51889]]],[[[-16.41903,28.51935],[-16.41892,28.51924],[-16.41917,28.51934],[-16.41903,28.51935]]],[[[-16.41883,28.52001],[-16.41851,28.51966],[-16.41899,28.51981],[-16.41883,28.52001]]],[[[-17.79311,28.5249],[-17.79302,28.52503],[-17.79301,28.52489],[-17.79311,28.5249]]],[[[-16.14067,28.52584],[-16.14069,28.52541],[-16.14104,28.52578],[-16.14067,28.52584]]],[[[-16.138,28.5318],[-16.1379,28.53178],[-16.13798,28.53167],[-16.138,28.5318]]],[[[-17.88054,28.53359],[-17.88076,28.53368],[-17.8804,28.53372],[-17.88054,28.53359]]],[[[-16.38433,28.54608],[-16.38443,28.54624],[-16.38429,28.54614],[-16.38433,28.54608]]],[[[-16.3681,28.5467],[-16.368,28.54678],[-16.36806,28.54665],[-16.3681,28.5467]]],[[[-16.38077,28.54686],[-16.38078,28.54693],[-16.38071,28.54681],[-16.38077,28.54686]]],[[[-16.37237,28.54692],[-16.37237,28.54699],[-16.37236,28.54687],[-16.37237,28.54692]]],[[[-16.39861,28.53414],[-16.3985,28.53401],[-16.39862,28.53404],[-16.39861,28.53414]]],[[[-16.3877,28.544],[-16.38784,28.544],[-16.38787,28.5442],[-16.3877,28.544]]],[[[-16.38466,28.54561],[-16.38452,28.54547],[-16.38472,28.54553],[-16.38466,28.54561]]],[[[-16.37886,28.54785],[-16.37885,28.54792],[-16.37875,28.54796],[-16.37886,28.54785]]],[[[-16.37037,28.54761],[-16.37032,28.54768],[-16.37026,28.54759],[-16.37037,28.54761]]],[[[-16.37521,28.54768],[-16.37515,28.54781],[-16.37513,28.54767],[-16.37521,28.54768]]],[[[-16.36453,28.5476],[-16.3645,28.5479],[-16.36437,28.54767],[-16.36453,28.5476]]],[[[-16.36369,28.54805],[-16.36368,28.54812],[-16.36361,28.54805],[-16.36369,28.54805]]],[[[-16.37736,28.54807],[-16.37736,28.54815],[-16.37727,28.54815],[-16.37736,28.54807]]],[[[-16.37138,28.54814],[-16.37151,28.54807],[-16.37147,28.54818],[-16.37138,28.54814]]],[[[-16.35854,28.54877],[-16.35847,28.54884],[-16.35849,28.54872],[-16.35854,28.54877]]],[[[-16.36149,28.54888],[-16.36124,28.54896],[-16.36133,28.5488],[-16.36149,28.54888]]],[[[-16.35861,28.5489],[-16.35858,28.54899],[-16.35852,28.54886],[-16.35861,28.5489]]],[[[-16.37744,28.54797],[-16.37747,28.54811],[-16.37739,28.54802],[-16.37744,28.54797]]],[[[-16.35723,28.54973],[-16.35736,28.55001],[-16.35723,28.55001],[-16.35723,28.54973]]],[[[-16.35336,28.55313],[-16.35339,28.55327],[-16.35333,28.55328],[-16.35336,28.55313]]],[[[-16.34844,28.55416],[-16.34813,28.55423],[-16.34841,28.55411],[-16.34844,28.55416]]],[[[-16.34772,28.55421],[-16.34765,28.5543],[-16.3476,28.55424],[-16.34772,28.55421]]],[[[-16.34693,28.55466],[-16.34679,28.55493],[-16.34682,28.55474],[-16.34693,28.55466]]],[[[-16.34659,28.55498],[-16.34644,28.55508],[-16.34648,28.55495],[-16.34659,28.55498]]],[[[-16.3617,28.54919],[-16.36174,28.54902],[-16.36201,28.54932],[-16.3617,28.54919]]],[[[-16.35877,28.54926],[-16.35855,28.54935],[-16.35863,28.54922],[-16.35877,28.54926]]],[[[-16.38324,28.54734],[-16.38343,28.5473],[-16.38336,28.54739],[-16.38324,28.54734]]],[[[-16.37172,28.5474],[-16.37163,28.5475],[-16.37159,28.54745],[-16.37172,28.5474]]],[[[-17.7806,28.54775],[-17.78046,28.54745],[-17.78073,28.54754],[-17.7806,28.54775]]],[[[-17.78024,28.54742],[-17.7796,28.54755],[-17.77974,28.54731],[-17.78024,28.54742]]],[[[-16.33247,28.56485],[-16.33251,28.56492],[-16.33243,28.56491],[-16.33247,28.56485]]],[[[-16.332,28.56531],[-16.3319,28.56527],[-16.33198,28.56526],[-16.332,28.56531]]],[[[-16.2226,28.56581],[-16.22258,28.56577],[-16.22262,28.56578],[-16.2226,28.56581]]],[[[-16.22441,28.56593],[-16.22436,28.56587],[-16.22444,28.56588],[-16.22441,28.56593]]],[[[-16.22833,28.56608],[-16.22836,28.5661],[-16.2283,28.56609],[-16.22833,28.56608]]],[[[-16.22888,28.56613],[-16.22893,28.56619],[-16.22881,28.56616],[-16.22888,28.56613]]],[[[-16.22853,28.56611],[-16.22855,28.56614],[-16.22847,28.56613],[-16.22853,28.56611]]],[[[-16.22464,28.56615],[-16.22459,28.56621],[-16.2246,28.56613],[-16.22464,28.56615]]],[[[-16.2266,28.56614],[-16.22655,28.56616],[-16.22649,28.56611],[-16.2266,28.56614]]],[[[-16.22931,28.56629],[-16.22937,28.56633],[-16.22929,28.56632],[-16.22931,28.56629]]],[[[-16.23067,28.56651],[-16.23055,28.56646],[-16.2307,28.56648],[-16.23067,28.56651]]],[[[-16.22914,28.56634],[-16.22909,28.56638],[-16.22906,28.56632],[-16.22914,28.56634]]],[[[-16.22736,28.56642],[-16.22727,28.56638],[-16.2273,28.56636],[-16.22736,28.56642]]],[[[-16.22758,28.56645],[-16.22754,28.56643],[-16.22762,28.56643],[-16.22758,28.56645]]],[[[-16.22771,28.56633],[-16.22764,28.5663],[-16.22773,28.56631],[-16.22771,28.56633]]],[[[-16.22725,28.5663],[-16.22722,28.56641],[-16.22711,28.56641],[-16.22725,28.5663]]],[[[-16.22429,28.5658],[-16.22427,28.56587],[-16.22426,28.5658],[-16.22429,28.5658]]],[[[-16.22479,28.56582],[-16.2248,28.56586],[-16.22474,28.56586],[-16.22479,28.56582]]],[[[-16.22181,28.56661],[-16.22175,28.56658],[-16.22183,28.56657],[-16.22181,28.56661]]],[[[-16.2276,28.56656],[-16.2276,28.56659],[-16.22755,28.56658],[-16.2276,28.56656]]],[[[-16.22724,28.56657],[-16.22723,28.56661],[-16.22718,28.56658],[-16.22724,28.56657]]],[[[-16.23188,28.56672],[-16.23184,28.56679],[-16.23183,28.56671],[-16.23188,28.56672]]],[[[-16.22374,28.56676],[-16.22369,28.56681],[-16.22369,28.56676],[-16.22374,28.56676]]],[[[-16.23099,28.56678],[-16.23089,28.56674],[-16.23101,28.56672],[-16.23099,28.56678]]],[[[-16.23104,28.56664],[-16.231,28.56662],[-16.23105,28.56662],[-16.23104,28.56664]]],[[[-16.23077,28.56668],[-16.23082,28.56664],[-16.23081,28.56669],[-16.23077,28.56668]]],[[[-16.23354,28.56689],[-16.2335,28.56685],[-16.23359,28.56686],[-16.23354,28.56689]]],[[[-16.22169,28.56689],[-16.2217,28.56693],[-16.22166,28.56691],[-16.22169,28.56689]]],[[[-16.2338,28.56701],[-16.23379,28.56697],[-16.23384,28.56699],[-16.2338,28.56701]]],[[[-16.23306,28.56709],[-16.23302,28.56707],[-16.2331,28.56707],[-16.23306,28.56709]]],[[[-16.2324,28.56708],[-16.23242,28.56711],[-16.23234,28.5671],[-16.2324,28.56708]]],[[[-16.23285,28.56703],[-16.23275,28.56703],[-16.23286,28.56702],[-16.23285,28.56703]]],[[[-16.23261,28.56706],[-16.23254,28.56704],[-16.23259,28.56703],[-16.23261,28.56706]]],[[[-16.23062,28.56717],[-16.23051,28.56715],[-16.23058,28.56712],[-16.23062,28.56717]]],[[[-16.21975,28.56722],[-16.21975,28.56726],[-16.21972,28.56726],[-16.21975,28.56722]]],[[[-16.22075,28.56724],[-16.22079,28.56726],[-16.2207,28.56726],[-16.22075,28.56724]]],[[[-16.21969,28.56732],[-16.21967,28.56734],[-16.21963,28.56732],[-16.21969,28.56732]]],[[[-16.22169,28.56733],[-16.22173,28.56735],[-16.22163,28.56734],[-16.22169,28.56733]]],[[[-16.21923,28.56741],[-16.21922,28.56744],[-16.2192,28.56743],[-16.21923,28.56741]]],[[[-16.21874,28.56757],[-16.21874,28.5676],[-16.21871,28.56758],[-16.21874,28.56757]]],[[[-16.21846,28.56762],[-16.21843,28.56761],[-16.21845,28.56759],[-16.21846,28.56762]]],[[[-16.22122,28.56708],[-16.22113,28.56712],[-16.22117,28.56706],[-16.22122,28.56708]]],[[[-16.23125,28.56717],[-16.23119,28.56715],[-16.23117,28.56709],[-16.23125,28.56717]]],[[[-16.21382,28.56804],[-16.21378,28.56807],[-16.21376,28.56803],[-16.21382,28.56804]]],[[[-16.21636,28.56803],[-16.21641,28.56806],[-16.21633,28.56804],[-16.21636,28.56803]]],[[[-16.21747,28.56805],[-16.2174,28.56805],[-16.21746,28.56803],[-16.21747,28.56805]]],[[[-16.21709,28.56809],[-16.21716,28.56812],[-16.21707,28.56811],[-16.21709,28.56809]]],[[[-16.21262,28.56826],[-16.21253,28.56827],[-16.21257,28.56822],[-16.21262,28.56826]]],[[[-16.21329,28.56819],[-16.2133,28.5683],[-16.21323,28.56824],[-16.21329,28.56819]]],[[[-16.21194,28.56845],[-16.21191,28.56848],[-16.21192,28.56844],[-16.21194,28.56845]]],[[[-16.21275,28.56836],[-16.21265,28.56838],[-16.21269,28.56834],[-16.21275,28.56836]]],[[[-16.21304,28.56835],[-16.21303,28.56839],[-16.21298,28.56837],[-16.21304,28.56835]]],[[[-16.2132,28.56835],[-16.21331,28.5684],[-16.21321,28.5684],[-16.2132,28.56835]]],[[[-16.23471,28.56826],[-16.23471,28.5683],[-16.23459,28.56829],[-16.23471,28.56826]]],[[[-16.21341,28.56835],[-16.21332,28.56832],[-16.21342,28.56831],[-16.21341,28.56835]]],[[[-16.21203,28.5686],[-16.21195,28.56862],[-16.21203,28.56858],[-16.21203,28.5686]]],[[[-16.21141,28.56876],[-16.21137,28.56879],[-16.21138,28.56875],[-16.21141,28.56876]]],[[[-16.21347,28.56891],[-16.21339,28.56897],[-16.21338,28.5689],[-16.21347,28.56891]]],[[[-16.21276,28.56901],[-16.21271,28.56903],[-16.21269,28.56898],[-16.21276,28.56901]]],[[[-16.21347,28.56883],[-16.21339,28.5688],[-16.21347,28.56878],[-16.21347,28.56883]]],[[[-16.33361,28.56908],[-16.33349,28.56917],[-16.33346,28.56905],[-16.33361,28.56908]]],[[[-16.21036,28.56912],[-16.21037,28.56916],[-16.21034,28.56915],[-16.21036,28.56912]]],[[[-16.21283,28.56915],[-16.21274,28.56917],[-16.21279,28.56911],[-16.21283,28.56915]]],[[[-16.21042,28.56917],[-16.21043,28.56914],[-16.21048,28.56916],[-16.21042,28.56917]]],[[[-16.20816,28.56896],[-16.20814,28.56907],[-16.20808,28.56895],[-16.20816,28.56896]]],[[[-16.21134,28.5691],[-16.21124,28.56911],[-16.21129,28.56906],[-16.21134,28.5691]]],[[[-16.20838,28.56906],[-16.20843,28.56933],[-16.20826,28.56926],[-16.20838,28.56906]]],[[[-16.23568,28.56855],[-16.23559,28.56853],[-16.23571,28.56852],[-16.23568,28.56855]]],[[[-16.21185,28.56852],[-16.21183,28.56855],[-16.21182,28.56852],[-16.21185,28.56852]]],[[[-16.2357,28.56943],[-16.23584,28.56955],[-16.23565,28.56957],[-16.2357,28.56943]]],[[[-16.29567,28.56965],[-16.29572,28.56982],[-16.29563,28.56972],[-16.29567,28.56965]]],[[[-16.23561,28.56985],[-16.23556,28.56993],[-16.23555,28.56984],[-16.23561,28.56985]]],[[[-16.29818,28.57059],[-16.2981,28.57056],[-16.29814,28.5705],[-16.29818,28.57059]]],[[[-16.33394,28.57069],[-16.33365,28.57065],[-16.33391,28.57052],[-16.33394,28.57069]]],[[[-16.21011,28.57012],[-16.21013,28.57023],[-16.21005,28.57016],[-16.21011,28.57012]]],[[[-16.23815,28.57023],[-16.23808,28.57026],[-16.23805,28.57019],[-16.23815,28.57023]]],[[[-16.23834,28.57029],[-16.23828,28.57049],[-16.23824,28.57027],[-16.23834,28.57029]]],[[[-16.23576,28.56986],[-16.23576,28.56999],[-16.23569,28.56987],[-16.23576,28.56986]]],[[[-16.23602,28.56991],[-16.23601,28.57],[-16.23592,28.5699],[-16.23602,28.56991]]],[[[-16.23706,28.56991],[-16.23701,28.57],[-16.23698,28.56993],[-16.23706,28.56991]]],[[[-16.23666,28.56994],[-16.23658,28.57],[-16.23657,28.56992],[-16.23666,28.56994]]],[[[-16.23628,28.56993],[-16.23624,28.57006],[-16.23618,28.56995],[-16.23628,28.56993]]],[[[-16.23834,28.56998],[-16.23837,28.57017],[-16.23823,28.57007],[-16.23834,28.56998]]],[[[-16.23772,28.57008],[-16.23764,28.57014],[-16.23764,28.57005],[-16.23772,28.57008]]],[[[-16.33401,28.57093],[-16.33397,28.57086],[-16.33406,28.57087],[-16.33401,28.57093]]],[[[-16.24058,28.57113],[-16.24061,28.57123],[-16.24051,28.57118],[-16.24058,28.57113]]],[[[-16.33338,28.57131],[-16.33325,28.57135],[-16.33336,28.57128],[-16.33338,28.57131]]],[[[-16.30227,28.57127],[-16.30197,28.57153],[-16.30207,28.57127],[-16.30227,28.57127]]],[[[-16.24563,28.57164],[-16.24523,28.57168],[-16.24548,28.57158],[-16.24563,28.57164]]],[[[-16.29342,28.57162],[-16.29334,28.5717],[-16.29333,28.57161],[-16.29342,28.57162]]],[[[-16.24946,28.57168],[-16.24926,28.57168],[-16.24941,28.57159],[-16.24946,28.57168]]],[[[-16.24944,28.57126],[-16.24946,28.57132],[-16.24939,28.57132],[-16.24944,28.57126]]],[[[-16.25864,28.57148],[-16.25849,28.57143],[-16.25854,28.57138],[-16.25864,28.57148]]],[[[-16.2454,28.57137],[-16.24514,28.5715],[-16.24494,28.57145],[-16.2454,28.57137]]],[[[-16.21849,28.56792],[-16.21842,28.56796],[-16.21843,28.56792],[-16.21849,28.56792]]],[[[-16.21748,28.56796],[-16.21744,28.56798],[-16.21746,28.56796],[-16.21748,28.56796]]],[[[-16.2156,28.56798],[-16.21547,28.56798],[-16.21563,28.56795],[-16.2156,28.56798]]],[[[-16.12977,28.57393],[-16.12972,28.57379],[-16.12978,28.57373],[-16.12977,28.57393]]],[[[-16.13061,28.57404],[-16.13046,28.57382],[-16.13062,28.57388],[-16.13061,28.57404]]],[[[-16.13085,28.57406],[-16.13081,28.57395],[-16.13087,28.57401],[-16.13085,28.57406]]],[[[-16.13399,28.57635],[-16.13386,28.57633],[-16.13398,28.57626],[-16.13399,28.57635]]],[[[-16.134,28.57673],[-16.13381,28.57665],[-16.13385,28.57643],[-16.134,28.57673]]],[[[-16.13353,28.58024],[-16.13339,28.58002],[-16.13368,28.58012],[-16.13353,28.58024]]],[[[-16.132,28.58164],[-16.1318,28.58159],[-16.13187,28.58129],[-16.132,28.58164]]],[[[-16.1312,28.5827],[-16.13101,28.58261],[-16.13121,28.58266],[-16.1312,28.5827]]],[[[-16.13266,28.5813],[-16.13261,28.58048],[-16.13352,28.58083],[-16.13266,28.5813]]],[[[-16.13356,28.58127],[-16.13345,28.58132],[-16.13345,28.58121],[-16.13356,28.58127]]],[[[-16.13455,28.57797],[-16.13449,28.57796],[-16.13457,28.57787],[-16.13455,28.57797]]],[[[-16.13443,28.57877],[-16.1342,28.57865],[-16.13432,28.5784],[-16.13443,28.57877]]],[[[-16.13485,28.58211],[-16.13482,28.582],[-16.13489,28.58201],[-16.13485,28.58211]]],[[[-16.13564,28.58316],[-16.13562,28.58306],[-16.13568,28.58313],[-16.13564,28.58316]]],[[[-16.13653,28.5834],[-16.1364,28.58299],[-16.13657,28.58306],[-16.13653,28.5834]]],[[[-16.13519,28.5828],[-16.13504,28.58269],[-16.1352,28.58262],[-16.13519,28.5828]]],[[[-16.1339,28.58131],[-16.1337,28.58123],[-16.13379,28.5812],[-16.1339,28.58131]]],[[[-16.13818,28.58347],[-16.13801,28.5834],[-16.1382,28.58337],[-16.13818,28.58347]]],[[[-16.13852,28.58384],[-16.13845,28.58344],[-16.13865,28.58366],[-16.13852,28.58384]]],[[[-16.13794,28.58376],[-16.13785,28.58381],[-16.1378,28.58372],[-16.13794,28.58376]]],[[[-16.13893,28.58412],[-16.13889,28.58404],[-16.13908,28.58397],[-16.13893,28.58412]]],[[[-16.13846,28.58469],[-16.13818,28.58462],[-16.13829,28.58423],[-16.13846,28.58469]]],[[[-16.13674,28.58494],[-16.13668,28.58484],[-16.1368,28.58486],[-16.13674,28.58494]]],[[[-16.14024,28.58512],[-16.14036,28.58504],[-16.14032,28.58519],[-16.14024,28.58512]]],[[[-16.14348,28.58572],[-16.14323,28.58557],[-16.14349,28.58559],[-16.14348,28.58572]]],[[[-16.14714,28.58568],[-16.14704,28.58563],[-16.14717,28.58567],[-16.14714,28.58568]]],[[[-16.14781,28.58584],[-16.14774,28.58574],[-16.14786,28.58577],[-16.14781,28.58584]]],[[[-16.14481,28.58606],[-16.14474,28.58604],[-16.14471,28.58595],[-16.14481,28.58606]]],[[[-16.14837,28.58659],[-16.14828,28.58654],[-16.14836,28.58653],[-16.14837,28.58659]]],[[[-16.14857,28.5868],[-16.14843,28.58674],[-16.1485,28.58672],[-16.14857,28.5868]]],[[[-16.14871,28.58694],[-16.14861,28.58692],[-16.1486,28.58689],[-16.14871,28.58694]]],[[[-16.14893,28.58696],[-16.14891,28.58694],[-16.14898,28.58695],[-16.14893,28.58696]]],[[[-16.13135,28.57474],[-16.13126,28.57468],[-16.13136,28.57469],[-16.13135,28.57474]]],[[[-16.1344,28.57555],[-16.13435,28.57549],[-16.13444,28.57547],[-16.1344,28.57555]]],[[[-16.1912,28.57599],[-16.19119,28.57606],[-16.19109,28.57605],[-16.1912,28.57599]]],[[[-16.18964,28.57611],[-16.18953,28.57623],[-16.18945,28.5762],[-16.18964,28.57611]]],[[[-16.33022,28.57654],[-16.3301,28.57645],[-16.33023,28.57638],[-16.33022,28.57654]]],[[[-16.18957,28.57629],[-16.18963,28.5764],[-16.18945,28.57637],[-16.18957,28.57629]]],[[[-16.26962,28.57638],[-16.2695,28.57643],[-16.2695,28.57632],[-16.26962,28.57638]]],[[[-16.18746,28.57668],[-16.18739,28.57637],[-16.18756,28.57656],[-16.18746,28.57668]]],[[[-16.32979,28.57664],[-16.32957,28.57668],[-16.3296,28.57662],[-16.32979,28.57664]]],[[[-16.18886,28.57663],[-16.18885,28.57678],[-16.18879,28.57665],[-16.18886,28.57663]]],[[[-16.1875,28.57679],[-16.18748,28.57701],[-16.18721,28.57681],[-16.1875,28.57679]]],[[[-16.31784,28.57693],[-16.31792,28.57711],[-16.31764,28.57692],[-16.31784,28.57693]]],[[[-16.18449,28.57787],[-16.18431,28.57784],[-16.18435,28.57764],[-16.18449,28.57787]]],[[[-16.32595,28.57801],[-16.32606,28.57799],[-16.32602,28.57805],[-16.32595,28.57801]]],[[[-16.18231,28.57842],[-16.18227,28.57849],[-16.18213,28.57846],[-16.18231,28.57842]]],[[[-16.18139,28.57946],[-16.1811,28.57951],[-16.18126,28.57942],[-16.18139,28.57946]]],[[[-16.1756,28.58217],[-16.17549,28.58209],[-16.17573,28.5821],[-16.1756,28.58217]]],[[[-16.17347,28.58384],[-16.17335,28.58372],[-16.17361,28.58383],[-16.17347,28.58384]]],[[[-16.17361,28.58524],[-16.17336,28.58532],[-16.17357,28.58489],[-16.17361,28.58524]]],[[[-16.17326,28.58529],[-16.173,28.58534],[-16.17324,28.585],[-16.17326,28.58529]]],[[[-16.17169,28.5854],[-16.17146,28.58534],[-16.17168,28.58529],[-16.17169,28.5854]]],[[[-16.17237,28.58563],[-16.17197,28.58584],[-16.17293,28.58512],[-16.17237,28.58563]]],[[[-16.17215,28.58545],[-16.17171,28.58568],[-16.17194,28.58532],[-16.17215,28.58545]]],[[[-16.15239,28.5868],[-16.15235,28.5868],[-16.15237,28.58674],[-16.15239,28.5868]]],[[[-16.15183,28.58675],[-16.15174,28.5867],[-16.15183,28.58669],[-16.15183,28.58675]]],[[[-16.15346,28.58694],[-16.15341,28.58691],[-16.1535,28.5869],[-16.15346,28.58694]]],[[[-16.15306,28.58691],[-16.153,28.5869],[-16.15304,28.58687],[-16.15306,28.58691]]],[[[-16.15268,28.58697],[-16.15264,28.58697],[-16.15264,28.58692],[-16.15268,28.58697]]],[[[-16.15167,28.58697],[-16.15157,28.58694],[-16.15165,28.58692],[-16.15167,28.58697]]],[[[-16.15206,28.58687],[-16.152,28.58683],[-16.15204,28.58681],[-16.15206,28.58687]]],[[[-16.15228,28.58687],[-16.15224,28.58687],[-16.15226,28.58682],[-16.15228,28.58687]]],[[[-16.15257,28.58688],[-16.15251,28.58684],[-16.15259,28.58685],[-16.15257,28.58688]]],[[[-16.15298,28.58688],[-16.15294,28.58686],[-16.15297,28.58684],[-16.15298,28.58688]]],[[[-16.15241,28.58692],[-16.15234,28.58692],[-16.15234,28.58688],[-16.15241,28.58692]]],[[[-16.31623,28.57186],[-16.31607,28.57179],[-16.3163,28.57171],[-16.31623,28.57186]]],[[[-16.24953,28.57211],[-16.24947,28.57217],[-16.24932,28.57211],[-16.24953,28.57211]]],[[[-16.29418,28.57178],[-16.29422,28.57202],[-16.29412,28.57183],[-16.29418,28.57178]]],[[[-16.31077,28.57197],[-16.31066,28.57192],[-16.31084,28.57195],[-16.31077,28.57197]]],[[[-16.2497,28.57218],[-16.24982,28.57222],[-16.24969,28.57224],[-16.2497,28.57218]]],[[[-16.30383,28.57213],[-16.30388,28.57221],[-16.30377,28.57217],[-16.30383,28.57213]]],[[[-16.33302,28.57246],[-16.33289,28.57249],[-16.33297,28.57241],[-16.33302,28.57246]]],[[[-16.33255,28.57237],[-16.33241,28.57255],[-16.33249,28.57233],[-16.33255,28.57237]]],[[[-16.2759,28.57224],[-16.2758,28.57235],[-16.2757,28.57232],[-16.2759,28.57224]]],[[[-16.20396,28.57273],[-16.20393,28.57278],[-16.20387,28.57275],[-16.20396,28.57273]]],[[[-16.31643,28.57299],[-16.31617,28.57326],[-16.31609,28.57291],[-16.31643,28.57299]]],[[[-16.30978,28.57284],[-16.30994,28.573],[-16.3097,28.57293],[-16.30978,28.57284]]],[[[-16.19386,28.57313],[-16.19381,28.57317],[-16.19374,28.57312],[-16.19386,28.57313]]],[[[-16.20254,28.57304],[-16.20225,28.57339],[-16.20241,28.57303],[-16.20254,28.57304]]],[[[-16.20113,28.57345],[-16.2009,28.57313],[-16.20116,28.57332],[-16.20113,28.57345]]],[[[-16.27609,28.5733],[-16.27636,28.57285],[-16.27676,28.57334],[-16.27609,28.5733]]],[[[-16.28012,28.57311],[-16.27988,28.57314],[-16.28,28.57306],[-16.28012,28.57311]]],[[[-16.30896,28.57326],[-16.30899,28.57338],[-16.30891,28.57337],[-16.30896,28.57326]]],[[[-16.2047,28.57253],[-16.2044,28.57269],[-16.20443,28.57251],[-16.2047,28.57253]]],[[[-16.20652,28.57272],[-16.20643,28.57248],[-16.20675,28.57254],[-16.20652,28.57272]]],[[[-16.20617,28.57253],[-16.20609,28.57278],[-16.20595,28.57271],[-16.20617,28.57253]]],[[[-16.3054,28.57265],[-16.30536,28.57272],[-16.30511,28.57269],[-16.3054,28.57265]]],[[[-16.26082,28.57267],[-16.2606,28.57258],[-16.2606,28.57228],[-16.26082,28.57267]]],[[[-16.29303,28.57244],[-16.29287,28.57267],[-16.2927,28.57238],[-16.29303,28.57244]]],[[[-16.27588,28.57242],[-16.27589,28.57277],[-16.27558,28.57257],[-16.27588,28.57242]]],[[[-16.31621,28.57263],[-16.31614,28.5728],[-16.31597,28.57272],[-16.31621,28.57263]]],[[[-16.20561,28.57265],[-16.2052,28.57281],[-16.20522,28.57264],[-16.20561,28.57265]]],[[[-16.20577,28.57263],[-16.20575,28.57283],[-16.2057,28.57265],[-16.20577,28.57263]]],[[[-16.31618,28.57412],[-16.31599,28.57405],[-16.31616,28.57408],[-16.31618,28.57412]]],[[[-16.20266,28.57417],[-16.20245,28.57405],[-16.20244,28.57393],[-16.20266,28.57417]]],[[[-16.33201,28.57436],[-16.33215,28.57427],[-16.33207,28.57449],[-16.33201,28.57436]]],[[[-16.19112,28.57454],[-16.19114,28.57457],[-16.19109,28.57456],[-16.19112,28.57454]]],[[[-16.19108,28.57459],[-16.19107,28.57463],[-16.19105,28.57459],[-16.19108,28.57459]]],[[[-16.33106,28.57421],[-16.33099,28.57432],[-16.33101,28.57419],[-16.33106,28.57421]]],[[[-16.30803,28.57431],[-16.30823,28.57432],[-16.3078,28.57452],[-16.30803,28.57431]]],[[[-16.20055,28.5744],[-16.2005,28.57444],[-16.20049,28.57438],[-16.20055,28.5744]]],[[[-16.31636,28.57445],[-16.31626,28.57463],[-16.31625,28.57448],[-16.31636,28.57445]]],[[[-16.31696,28.57454],[-16.3171,28.5745],[-16.31711,28.5746],[-16.31696,28.57454]]],[[[-16.19158,28.57511],[-16.19157,28.5749],[-16.19167,28.57499],[-16.19158,28.57511]]],[[[-16.28684,28.5752],[-16.28663,28.57509],[-16.28666,28.57487],[-16.28684,28.5752]]],[[[-16.19112,28.57533],[-16.1911,28.57542],[-16.19105,28.57537],[-16.19112,28.57533]]],[[[-16.28212,28.57532],[-16.28204,28.57536],[-16.28206,28.57515],[-16.28212,28.57532]]],[[[-16.18694,28.57581],[-16.18671,28.57579],[-16.18681,28.57572],[-16.18694,28.57581]]],[[[-16.19052,28.57565],[-16.19051,28.57558],[-16.19057,28.57569],[-16.19052,28.57565]]],[[[-16.19182,28.57566],[-16.19181,28.57578],[-16.19166,28.57569],[-16.19182,28.57566]]],[[[-16.19015,28.5756],[-16.19028,28.57573],[-16.19013,28.57565],[-16.19015,28.5756]]],[[[-16.1905,28.57544],[-16.19043,28.57548],[-16.19042,28.57541],[-16.1905,28.57544]]],[[[-16.27292,28.57547],[-16.27285,28.57567],[-16.27245,28.57555],[-16.27292,28.57547]]],[[[-16.18921,28.57546],[-16.18925,28.57552],[-16.18917,28.57558],[-16.18921,28.57546]]],[[[-16.18912,28.57555],[-16.18907,28.57564],[-16.18905,28.57555],[-16.18912,28.57555]]],[[[-16.26474,28.57457],[-16.2645,28.57467],[-16.26442,28.57449],[-16.26474,28.57457]]],[[[-16.31685,28.5748],[-16.31657,28.57491],[-16.31672,28.57472],[-16.31685,28.5748]]],[[[-16.20086,28.57468],[-16.20101,28.57469],[-16.20106,28.57489],[-16.20086,28.57468]]],[[[-16.28088,28.57367],[-16.28066,28.57378],[-16.28071,28.57365],[-16.28088,28.57367]]],[[[-16.19691,28.57379],[-16.1969,28.57387],[-16.19677,28.57383],[-16.19691,28.57379]]],[[[-16.20235,28.57374],[-16.202,28.57355],[-16.20224,28.57352],[-16.20235,28.57374]]],[[[-16.2631,28.5737],[-16.26284,28.5738],[-16.26291,28.57363],[-16.2631,28.5737]]],[[[-16.30858,28.57382],[-16.30865,28.57389],[-16.30847,28.57398],[-16.30858,28.57382]]],[[[-16.20441,28.57597],[-16.20421,28.57606],[-16.20399,28.57576],[-16.20441,28.57597]]],[[[-16.14946,28.58717],[-16.1494,28.58714],[-16.14945,28.58711],[-16.14946,28.58717]]],[[[-16.14954,28.58712],[-16.14949,28.58708],[-16.14956,28.58707],[-16.14954,28.58712]]],[[[-16.14964,28.58721],[-16.1496,28.58718],[-16.14962,28.58717],[-16.14964,28.58721]]],[[[-16.16632,28.58794],[-16.16602,28.58797],[-16.16635,28.58775],[-16.16632,28.58794]]],[[[-16.15561,28.58791],[-16.15555,28.58787],[-16.15562,28.58788],[-16.15561,28.58791]]],[[[-16.15597,28.58787],[-16.15593,28.58783],[-16.15602,28.58784],[-16.15597,28.58787]]],[[[-16.1565,28.58797],[-16.15647,28.58795],[-16.15653,28.58792],[-16.1565,28.58797]]],[[[-16.15116,28.58701],[-16.15113,28.58697],[-16.15119,28.58698],[-16.15116,28.58701]]],[[[-16.15428,28.58714],[-16.15421,28.5871],[-16.15426,28.58707],[-16.15428,28.58714]]],[[[-16.15182,28.5871],[-16.15177,28.58708],[-16.15183,28.58703],[-16.15182,28.5871]]],[[[-16.15108,28.58711],[-16.15107,28.58707],[-16.15113,28.58708],[-16.15108,28.58711]]],[[[-16.15114,28.58716],[-16.15108,28.58717],[-16.15103,28.58713],[-16.15114,28.58716]]],[[[-16.15293,28.58727],[-16.15287,28.58729],[-16.15286,28.58723],[-16.15293,28.58727]]],[[[-16.15259,28.58732],[-16.15253,28.58731],[-16.15254,28.58726],[-16.15259,28.58732]]],[[[-16.17215,28.58751],[-16.17187,28.58748],[-16.17225,28.58739],[-16.17215,28.58751]]],[[[-16.1506,28.58753],[-16.15054,28.5875],[-16.15056,28.58748],[-16.1506,28.58753]]],[[[-16.15071,28.58754],[-16.15068,28.58755],[-16.15068,28.58751],[-16.15071,28.58754]]],[[[-16.16626,28.58761],[-16.16606,28.58758],[-16.16637,28.58752],[-16.16626,28.58761]]],[[[-16.15092,28.58747],[-16.15087,28.58742],[-16.15093,28.58742],[-16.15092,28.58747]]],[[[-16.15233,28.58719],[-16.15229,28.58718],[-16.15234,28.58715],[-16.15233,28.58719]]],[[[-16.14998,28.58763],[-16.14994,28.58755],[-16.15003,28.58759],[-16.14998,28.58763]]],[[[-16.15048,28.58759],[-16.15044,28.58759],[-16.15045,28.58755],[-16.15048,28.58759]]],[[[-16.15028,28.58766],[-16.1502,28.58758],[-16.15029,28.58759],[-16.15028,28.58766]]],[[[-16.16578,28.58785],[-16.16567,28.58807],[-16.16583,28.58761],[-16.16578,28.58785]]],[[[-17.84949,28.45679],[-17.84957,28.457],[-17.84945,28.457],[-17.84949,28.45679]]],[[[-17.85466,28.45854],[-17.85449,28.45852],[-17.8547,28.4584],[-17.85466,28.45854]]],[[[-17.85762,28.46208],[-17.85756,28.46212],[-17.85768,28.46199],[-17.85762,28.46208]]],[[[-17.85922,28.46456],[-17.85936,28.4642],[-17.85942,28.46448],[-17.85922,28.46456]]],[[[-17.86249,28.46576],[-17.86238,28.46558],[-17.86259,28.46566],[-17.86249,28.46576]]],[[[-17.86193,28.46628],[-17.86217,28.46598],[-17.86199,28.46644],[-17.86193,28.46628]]],[[[-17.83145,28.46406],[-17.83126,28.46403],[-17.83162,28.464],[-17.83145,28.46406]]],[[[-17.82573,28.47224],[-17.82543,28.47204],[-17.82599,28.47229],[-17.82573,28.47224]]],[[[-17.83035,28.46617],[-17.8303,28.4661],[-17.83056,28.46603],[-17.83035,28.46617]]],[[[-16.47538,28.44425],[-16.47509,28.44418],[-16.47507,28.44404],[-16.47538,28.44425]]],[[[-16.47144,28.45057],[-16.4714,28.45048],[-16.47158,28.45049],[-16.47144,28.45057]]],[[[-16.45893,28.46043],[-16.45911,28.46032],[-16.45908,28.46055],[-16.45893,28.46043]]],[[[-16.45659,28.46231],[-16.45632,28.46216],[-16.45658,28.46218],[-16.45659,28.46231]]],[[[-16.48717,28.43957],[-16.48731,28.44046],[-16.48644,28.43948],[-16.48717,28.43957]]],[[[-16.49524,28.4415],[-16.49517,28.44112],[-16.49544,28.44139],[-16.49524,28.4415]]],[[[-16.47536,28.44275],[-16.47552,28.4428],[-16.47558,28.44299],[-16.47536,28.44275]]],[[[-16.56661,28.41179],[-16.56678,28.41191],[-16.5666,28.41208],[-16.56661,28.41179]]],[[[-16.56102,28.41271],[-16.56112,28.41266],[-16.5613,28.4128],[-16.56102,28.41271]]],[[[-16.53155,28.41778],[-16.53151,28.41785],[-16.5315,28.41778],[-16.53155,28.41778]]],[[[-16.5286,28.41794],[-16.52847,28.41774],[-16.5286,28.41779],[-16.5286,28.41794]]],[[[-16.53122,28.41784],[-16.53121,28.418],[-16.53115,28.41787],[-16.53122,28.41784]]],[[[-16.5297,28.41811],[-16.5298,28.41811],[-16.5298,28.41817],[-16.5297,28.41811]]],[[[-16.52775,28.4182],[-16.5278,28.41832],[-16.52773,28.41825],[-16.52775,28.4182]]],[[[-16.52239,28.41874],[-16.52224,28.41879],[-16.52195,28.41865],[-16.52239,28.41874]]],[[[-16.51396,28.4193],[-16.51394,28.41952],[-16.5139,28.41927],[-16.51396,28.4193]]],[[[-16.51491,28.42005],[-16.51484,28.42002],[-16.51485,28.41995],[-16.51491,28.42005]]],[[[-16.5189,28.42036],[-16.51891,28.42063],[-16.51882,28.42041],[-16.5189,28.42036]]],[[[-16.52107,28.41806],[-16.52099,28.41803],[-16.52096,28.41781],[-16.52107,28.41806]]],[[[-16.52198,28.41834],[-16.52195,28.4184],[-16.52192,28.41833],[-16.52198,28.41834]]],[[[-16.52208,28.41857],[-16.522,28.41855],[-16.52208,28.41853],[-16.52208,28.41857]]],[[[-17.86899,28.47417],[-17.8692,28.47423],[-17.86887,28.47435],[-17.86899,28.47417]]],[[[-17.8687,28.47869],[-17.86882,28.47859],[-17.8688,28.47873],[-17.8687,28.47869]]],[[[-17.82274,28.47918],[-17.82266,28.47904],[-17.8229,28.47921],[-17.82274,28.47918]]],[[[-16.44492,28.47927],[-16.44479,28.47916],[-16.44491,28.47918],[-16.44492,28.47927]]],[[[-16.44481,28.47954],[-16.4446,28.4795],[-16.44455,28.47939],[-16.44481,28.47954]]],[[[-16.44556,28.47971],[-16.44527,28.47972],[-16.44503,28.47933],[-16.44556,28.47971]]],[[[-17.82255,28.47973],[-17.82252,28.47983],[-17.82242,28.47977],[-17.82255,28.47973]]],[[[-17.8219,28.48139],[-17.82192,28.48113],[-17.82239,28.48132],[-17.8219,28.48139]]],[[[-17.8682,28.47375],[-17.86842,28.47367],[-17.8683,28.47386],[-17.8682,28.47375]]],[[[-16.4477,28.47531],[-16.44781,28.47572],[-16.4476,28.47562],[-16.4477,28.47531]]],[[[-17.82501,28.47427],[-17.8248,28.47414],[-17.82531,28.47426],[-17.82501,28.47427]]],[[[-16.45174,28.47698],[-16.45166,28.47696],[-16.45179,28.47695],[-16.45174,28.47698]]],[[[-17.86783,28.47714],[-17.86809,28.47718],[-17.86794,28.47727],[-17.86783,28.47714]]],[[[-16.45165,28.47708],[-16.45176,28.47724],[-16.45167,28.47719],[-16.45165,28.47708]]],[[[-16.45159,28.47707],[-16.45164,28.47745],[-16.45136,28.47714],[-16.45159,28.47707]]],[[[-17.8697,28.48197],[-17.86998,28.48221],[-17.8697,28.48223],[-17.8697,28.48197]]],[[[-17.82152,28.48246],[-17.82134,28.48237],[-17.82164,28.48241],[-17.82152,28.48246]]],[[[-17.8212,28.48377],[-17.82107,28.4837],[-17.82123,28.48366],[-17.8212,28.48377]]],[[[-17.79691,28.5183],[-17.81711,28.49463],[-17.83306,28.45704],[-17.84224,28.45263],[-17.86367,28.4666],[-17.87623,28.49493],[-17.88417,28.54865],[-17.92594,28.59625],[-17.92555,28.61512],[-17.96421,28.66785],[-17.98169,28.72874],[-18.00723,28.7578],[-18.00569,28.78461],[-17.98122,28.8012],[-17.96778,28.82725],[-17.92651,28.8463],[-17.91994,28.8574],[-17.90656,28.8556],[-17.89596,28.84215],[-17.8574,28.83274],[-17.80915,28.84533],[-17.77747,28.84029],[-17.75116,28.77383],[-17.72454,28.74313],[-17.73256,28.72019],[-17.7592,28.6971],[-17.7639,28.6712],[-17.76874,28.67732],[-17.74984,28.62437],[-17.75681,28.61177],[-17.75443,28.59237],[-17.76009,28.56987],[-17.78673,28.54363],[-17.79691,28.5183]]]]}},{"type":"Feature","id":"39","properties":{"code":"39","name":"Cantabria","nationalCode":"34063900000"},"geometry":{"type":"MultiPolygon","coordinates":[[[[-3.45033,43.236],[-3.433,43.2063],[-3.43336,43.17093],[-3.41761,43.13332],[-3.49258,43.13382],[-3.58526,43.15441],[-3.60354,43.14964],[-3.61245,43.16952],[-3.65102,43.18104],[-3.70468,43.11627],[-3.75488,43.10055],[-3.75701,43.08505],[-3.76494,43.08089],[-3.84701,43.08442],[-3.85072,43.07705],[-3.83177,43.06383],[-3.85079,43.03925],[-3.89075,43.04183],[-3.90926,43.0161],[-3.95609,42.99796],[-3.97816,42.96046],[-3.98785,42.92609],[-3.97327,42.91159],[-3.92964,42.9147],[-3.9376,42.90481],[-3.93354,42.8996],[-3.91149,42.92339],[-3.89128,42.92549],[-3.88738,42.94877],[-3.86709,42.95483],[-3.84076,42.94065],[-3.83006,42.92857],[-3.8339,42.91807],[-3.85167,42.91949],[-3.86798,42.89886],[-3.90867,42.91499],[-3.89221,42.88704],[-3.92411,42.88891],[-3.89693,42.88161],[-3.91396,42.86024],[-3.87996,42.85112],[-3.86824,42.85703],[-3.87381,42.87476],[-3.86382,42.88963],[-3.83401,42.87719],[-3.82535,42.86863],[-3.83408,42.85249],[-3.81699,42.83646],[-3.81594,42.81316],[-3.82356,42.79886],[-3.85921,42.78678],[-3.89445,42.80454],[-3.90047,42.78928],[-3.90966,42.78644],[-3.91095,42.76839],[-3.93059,42.77449],[-3.96569,42.7586],[-3.99965,42.76898],[-3.99651,42.79896],[-4.00356,42.83141],[-4.02078,42.81935],[-4.01418,42.80638],[-4.03292,42.80126],[-4.02987,42.78834],[-4.0461,42.78578],[-4.04611,42.7668],[-4.05448,42.7634],[-4.08146,42.76162],[-4.08518,42.77228],[-4.0943,42.77339],[-4.09854,42.79129],[-4.15054,42.78941],[-4.1825,42.81043],[-4.18433,42.82183],[-4.15807,42.83748],[-4.14068,42.8291],[-4.12602,42.85668],[-4.1451,42.86232],[-4.15012,42.87144],[-4.19923,42.84434],[-4.21398,42.84731],[-4.22561,42.8587],[-4.23076,42.90475],[-4.22245,42.91075],[-4.237,42.91812],[-4.23832,42.95416],[-4.26259,42.96534],[-4.34798,42.97239],[-4.37336,42.99504],[-4.3981,43.03501],[-4.44756,43.05837],[-4.46207,43.06099],[-4.47535,43.03868],[-4.52125,43.04753],[-4.55937,43.01923],[-4.60644,43.03543],[-4.63951,43.01636],[-4.69047,43.02647],[-4.72497,43.01785],[-4.74327,43.02659],[-4.73388,43.04311],[-4.74005,43.05317],[-4.76605,43.05528],[-4.76684,43.07469],[-4.83321,43.1019],[-4.83627,43.11575],[-4.85143,43.12594],[-4.83457,43.15746],[-4.85174,43.17287],[-4.84807,43.17814],[-4.77899,43.19208],[-4.75427,43.184],[-4.73472,43.18876],[-4.73647,43.20694],[-4.72101,43.22951],[-4.73094,43.25734],[-4.70604,43.26687],[-4.63157,43.26708],[-4.63654,43.2755],[-4.60756,43.29863],[-4.55176,43.28672],[-4.54737,43.26898],[-4.52351,43.27817],[-4.52248,43.3357],[-4.5386,43.34347],[-4.53434,43.35322],[-4.53992,43.35607],[-4.53143,43.35912],[-4.53438,43.36768],[-4.52115,43.36615],[-4.5105,43.38138],[-4.5115,43.39366],[-4.47669,43.39555],[-4.47245,43.38895],[-4.41468,43.39832],[-4.38503,43.39529],[-4.38936,43.38992],[-4.34066,43.40587],[-4.32802,43.39125],[-4.29333,43.39503],[-4.28025,43.388],[-4.23295,43.40057],[-4.17523,43.40105],[-4.11136,43.41886],[-4.08123,43.43832],[-4.07736,43.43085],[-4.0564,43.43348],[-4.04629,43.44518],[-4.04392,43.43663],[-4.03311,43.43577],[-4.02118,43.44879],[-4.00175,43.43968],[-3.98502,43.44636],[-3.97869,43.44088],[-3.94554,43.47115],[-3.90644,43.47784],[-3.89207,43.47701],[-3.89494,43.47083],[-3.87878,43.48038],[-3.86274,43.47606],[-3.84271,43.48399],[-3.83866,43.47835],[-3.81157,43.49493],[-3.7852,43.49177],[-3.78678,43.48617],[-3.77843,43.48558],[-3.78488,43.47671],[-3.76329,43.4672],[-3.82534,43.45167],[-3.81484,43.44482],[-3.82767,43.44253],[-3.81515,43.43701],[-3.83069,43.43516],[-3.80372,43.42636],[-3.82895,43.408],[-3.82149,43.41221],[-3.81013,43.39367],[-3.76654,43.40603],[-3.80713,43.39627],[-3.81531,43.40756],[-3.80739,43.41747],[-3.80037,43.41147],[-3.77914,43.42097],[-3.79128,43.43221],[-3.77604,43.44942],[-3.75593,43.44815],[-3.76251,43.43416],[-3.75722,43.43063],[-3.73643,43.43151],[-3.72649,43.44242],[-3.70937,43.41126],[-3.72621,43.44343],[-3.73877,43.43287],[-3.75247,43.43552],[-3.74631,43.45187],[-3.77718,43.45821],[-3.73462,43.45928],[-3.72328,43.47358],[-3.68114,43.47806],[-3.64481,43.49873],[-3.6118,43.49918],[-3.58937,43.51365],[-3.57846,43.50651],[-3.54634,43.50771],[-3.53862,43.49344],[-3.51307,43.49222],[-3.51463,43.48028],[-3.49783,43.47224],[-3.43088,43.462],[-3.42978,43.44101],[-3.45908,43.43872],[-3.46497,43.4446],[-3.46478,43.43665],[-3.49168,43.4248],[-3.46357,43.43128],[-3.46472,43.40394],[-3.45005,43.43606],[-3.42493,43.4132],[-3.41214,43.41918],[-3.33738,43.41266],[-3.32327,43.41907],[-3.32076,43.40279],[-3.30437,43.40972],[-3.22248,43.39446],[-3.22578,43.38739],[-3.20883,43.38121],[-3.21792,43.38288],[-3.21189,43.37484],[-3.15076,43.34871],[-3.14963,43.31928],[-3.15733,43.30132],[-3.19321,43.29845],[-3.20945,43.28361],[-3.2645,43.29602],[-3.29112,43.29037],[-3.29494,43.30076],[-3.32369,43.29246],[-3.33241,43.30188],[-3.34313,43.29428],[-3.33923,43.27789],[-3.38299,43.27049],[-3.39595,43.24775],[-3.41358,43.24978],[-3.41253,43.24177],[-3.45033,43.236]],[[-4.16863,42.81158],[-4.18298,42.8205],[-4.16159,42.82033],[-4.16863,42.81158]],[[-4.10157,42.79373],[-4.11322,42.81621],[-4.1073,42.8277],[-4.08887,42.81853],[-4.08949,42.80032],[-4.10157,42.79373]]],[[[-3.30453,43.25826],[-3.26517,43.26719],[-3.24918,43.25965],[-3.25202,43.24612],[-3.27077,43.23021],[-3.26939,43.20281],[-3.28482,43.19717],[-3.29681,43.20602],[-3.29266,43.24087],[-3.30453,43.25826]]],[[[-3.2187,43.38652],[-3.21909,43.38667],[-3.21766,43.38674],[-3.2187,43.38652]]],[[[-4.46394,43.3933],[-4.46377,43.3935],[-4.46373,43.39335],[-4.46394,43.3933]]],[[[-4.38985,43.39473],[-4.39003,43.39478],[-4.38974,43.39495],[-4.38985,43.39473]]],[[[-4.38949,43.39475],[-4.38948,43.39491],[-4.38903,43.39499],[-4.38949,43.39475]]],[[[-4.47615,43.39566],[-4.47612,43.3961],[-4.47577,43.39582],[-4.47615,43.39566]]],[[[-4.49946,43.39616],[-4.50144,43.39719],[-4.49955,43.39745],[-4.49946,43.39616]]],[[[-4.48366,43.39537],[-4.48437,43.39574],[-4.48209,43.39602],[-4.48366,43.39537]]],[[[-3.24705,43.39886],[-3.24722,43.39904],[-3.24685,43.39902],[-3.24705,43.39886]]],[[[-4.02109,43.45055],[-4.02265,43.45119],[-4.02147,43.45118],[-4.02109,43.45055]]],[[[-4.01574,43.45214],[-4.0162,43.4522],[-4.01581,43.45236],[-4.01574,43.45214]]],[[[-4.0217,43.45229],[-4.02214,43.45235],[-4.02103,43.45238],[-4.0217,43.45229]]],[[[-3.79157,43.42985],[-3.79239,43.43028],[-3.79177,43.43023],[-3.79157,43.42985]]],[[[-3.79682,43.4335],[-3.797,43.43377],[-3.7967,43.43377],[-3.79682,43.4335]]],[[[-4.0217,43.45257],[-4.02644,43.45307],[-4.02096,43.45281],[-4.0217,43.45257]]],[[[-4.01319,43.45235],[-4.0139,43.45272],[-4.01309,43.45296],[-4.01319,43.45235]]],[[[-4.01578,43.45266],[-4.01606,43.4532],[-4.01551,43.45284],[-4.01578,43.45266]]],[[[-3.95231,43.4626],[-3.95244,43.46285],[-3.95205,43.46279],[-3.95231,43.4626]]],[[[-3.94768,43.46994],[-3.94793,43.46999],[-3.94774,43.47025],[-3.94768,43.46994]]],[[[-3.94248,43.47029],[-3.9433,43.47084],[-3.94203,43.47099],[-3.94248,43.47029]]],[[[-3.94632,43.47039],[-3.94643,43.47093],[-3.94609,43.47073],[-3.94632,43.47039]]],[[[-3.93854,43.47134],[-3.93884,43.47162],[-3.93847,43.47158],[-3.93854,43.47134]]],[[[-3.93935,43.47195],[-3.93968,43.47232],[-3.93922,43.47256],[-3.93935,43.47195]]],[[[-3.93345,43.47257],[-3.93402,43.4735],[-3.93287,43.47327],[-3.93345,43.47257]]],[[[-3.93243,43.47285],[-3.93264,43.47355],[-3.93168,43.47356],[-3.93243,43.47285]]],[[[-3.91989,43.47356],[-3.92013,43.47382],[-3.9183,43.47422],[-3.91989,43.47356]]],[[[-3.92617,43.47374],[-3.92657,43.47412],[-3.92554,43.47417],[-3.92617,43.47374]]],[[[-3.9245,43.47413],[-3.9246,43.47437],[-3.92436,43.47428],[-3.9245,43.47413]]],[[[-3.7685,43.46431],[-3.76849,43.46441],[-3.76828,43.46448],[-3.7685,43.46431]]],[[[-3.7716,43.46487],[-3.77201,43.4652],[-3.77014,43.46584],[-3.7716,43.46487]]],[[[-3.50087,43.47486],[-3.50083,43.47502],[-3.50061,43.47508],[-3.50087,43.47486]]],[[[-3.49951,43.47601],[-3.49984,43.4763],[-3.49941,43.47634],[-3.49951,43.47601]]],[[[-3.77718,43.47273],[-3.77755,43.4728],[-3.77695,43.47281],[-3.77718,43.47273]]],[[[-3.75542,43.47227],[-3.75669,43.47343],[-3.75468,43.47332],[-3.75542,43.47227]]],[[[-3.73021,43.47006],[-3.72907,43.47667],[-3.72746,43.47134],[-3.73021,43.47006]]],[[[-3.75377,43.47355],[-3.75386,43.47371],[-3.75361,43.47359],[-3.75377,43.47355]]],[[[-3.91777,43.47434],[-3.91722,43.47498],[-3.91661,43.47485],[-3.91777,43.47434]]],[[[-3.9164,43.47485],[-3.91606,43.4754],[-3.91458,43.47579],[-3.9164,43.47485]]],[[[-3.91407,43.47604],[-3.91419,43.47631],[-3.91384,43.47641],[-3.91407,43.47604]]],[[[-3.91769,43.47663],[-3.91773,43.47703],[-3.91712,43.47697],[-3.91769,43.47663]]],[[[-3.6759,43.48366],[-3.67598,43.48374],[-3.6758,43.48373],[-3.6759,43.48366]]],[[[-3.50842,43.47851],[-3.50869,43.47869],[-3.5084,43.47876],[-3.50842,43.47851]]],[[[-3.50316,43.47718],[-3.5034,43.47721],[-3.50286,43.47722],[-3.50316,43.47718]]],[[[-3.50909,43.478],[-3.50931,43.47835],[-3.50906,43.47834],[-3.50909,43.478]]],[[[-3.50985,43.47802],[-3.50984,43.47837],[-3.50971,43.47819],[-3.50985,43.47802]]],[[[-3.67492,43.48458],[-3.67522,43.4848],[-3.67473,43.48476],[-3.67492,43.48458]]],[[[-3.77978,43.48576],[-3.77978,43.48588],[-3.77932,43.48601],[-3.77978,43.48576]]],[[[-3.6728,43.48595],[-3.6729,43.48604],[-3.67274,43.48614],[-3.6728,43.48595]]],[[[-3.67245,43.48624],[-3.6726,43.48637],[-3.67229,43.48638],[-3.67245,43.48624]]],[[[-3.82995,43.48776],[-3.82983,43.48804],[-3.8295,43.4879],[-3.82995,43.48776]]],[[[-3.53084,43.49272],[-3.53105,43.49324],[-3.53059,43.49302],[-3.53084,43.49272]]],[[[-3.65538,43.49325],[-3.65542,43.49349],[-3.65508,43.49331],[-3.65538,43.49325]]],[[[-3.52504,43.49644],[-3.52529,43.49674],[-3.52484,43.49693],[-3.52504,43.49644]]],[[[-3.52476,43.49787],[-3.52469,43.49814],[-3.52456,43.49806],[-3.52476,43.49787]]],[[[-3.62397,43.4982],[-3.62377,43.49859],[-3.62376,43.49824],[-3.62397,43.4982]]],[[[-3.57402,43.50745],[-3.57401,43.50764],[-3.57375,43.50769],[-3.57402,43.50745]]],[[[-3.63102,43.49737],[-3.6306,43.49772],[-3.63068,43.49752],[-3.63102,43.49737]]],[[[-3.62861,43.49751],[-3.62832,43.49772],[-3.6283,43.49765],[-3.62861,43.49751]]],[[[-3.63109,43.4976],[-3.63114,43.49767],[-3.63091,43.49802],[-3.63109,43.4976]]],[[[-3.63048,43.49765],[-3.6302,43.49815],[-3.63006,43.49809],[-3.63048,43.49765]]],[[[-3.65514,43.49417],[-3.65517,43.49444],[-3.65507,43.49442],[-3.65514,43.49417]]],[[[-3.65402,43.49405],[-3.65387,43.49459],[-3.65379,43.49416],[-3.65402,43.49405]]],[[[-3.81332,43.49448],[-3.8129,43.49475],[-3.81307,43.49449],[-3.81332,43.49448]]],[[[-3.52171,43.49523],[-3.5219,43.49595],[-3.52124,43.49569],[-3.52171,43.49523]]],[[[-3.52363,43.49561],[-3.52379,43.49573],[-3.5237,43.4958],[-3.52363,43.49561]]],[[[-3.52757,43.4952],[-3.5292,43.49658],[-3.52674,43.49617],[-3.52757,43.4952]]],[[[-3.24758,43.39913],[-3.24761,43.39927],[-3.24742,43.39921],[-3.24758,43.39913]]],[[[-3.25536,43.40282],[-3.25744,43.40334],[-3.25594,43.40318],[-3.25536,43.40282]]],[[[-3.31358,43.40496],[-3.31298,43.40658],[-3.31223,43.40598],[-3.31358,43.40496]]],[[[-3.31524,43.4062],[-3.31535,43.40673],[-3.315,43.40642],[-3.31524,43.4062]]],[[[-3.31476,43.40677],[-3.31481,43.40701],[-3.31461,43.40681],[-3.31476,43.40677]]],[[[-3.29306,43.40727],[-3.29338,43.40752],[-3.29305,43.40747],[-3.29306,43.40727]]],[[[-3.41985,43.41399],[-3.4198,43.4144],[-3.41969,43.41404],[-3.41985,43.41399]]],[[[-3.33501,43.41518],[-3.33528,43.4152],[-3.33463,43.41529],[-3.33501,43.41518]]],[[[-3.40934,43.41756],[-3.40982,43.41785],[-3.40916,43.41758],[-3.40934,43.41756]]],[[[-3.40868,43.41686],[-3.40916,43.41745],[-3.40864,43.41719],[-3.40868,43.41686]]],[[[-3.40515,43.41733],[-3.40577,43.41736],[-3.40479,43.41768],[-3.40515,43.41733]]],[[[-3.41015,43.41804],[-3.4105,43.41822],[-3.41023,43.41855],[-3.41015,43.41804]]],[[[-3.79497,43.41799],[-3.79542,43.41828],[-3.7941,43.41827],[-3.79497,43.41799]]]]}},{"type":"Feature","id":"40","properties":{"code":"40","name":"Segovia","nationalCode":"34074000000"},"geometry":{"type":"Polygon","coordinates":[[[-3.94497,40.90333],[-3.95228,40.89363],[-3.94235,40.88897],[-3.94711,40.86297],[-3.96551,40.83799],[-3.96212,40.82345],[-3.97996,40.79939],[-3.97968,40.78455],[-4.00364,40.78872],[-4.03239,40.78161],[-4.07009,40.79392],[-4.09625,40.76527],[-4.09699,40.74774],[-4.12076,40.73567],[-4.14711,40.69397],[-4.16023,40.68982],[-4.18331,40.69805],[-4.2529,40.68953],[-4.31619,40.66675],[-4.32412,40.65803],[-4.31951,40.64766],[-4.32814,40.64726],[-4.33263,40.63713],[-4.41962,40.63343],[-4.42211,40.67526],[-4.43468,40.70617],[-4.42689,40.72962],[-4.43113,40.74238],[-4.47384,40.77465],[-4.47265,40.78278],[-4.48156,40.78837],[-4.47318,40.80005],[-4.49377,40.83352],[-4.54639,40.82555],[-4.55671,40.83633],[-4.54986,40.85335],[-4.53157,40.85864],[-4.53531,40.87237],[-4.55956,40.88585],[-4.55245,40.90746],[-4.56635,40.9562],[-4.60675,40.9708],[-4.61725,41.00365],[-4.63829,41.03131],[-4.68014,41.05092],[-4.70325,41.05243],[-4.71272,41.0621],[-4.71651,41.07159],[-4.70715,41.08878],[-4.71789,41.09],[-4.71003,41.09927],[-4.72456,41.12266],[-4.71672,41.13264],[-4.72166,41.15602],[-4.68056,41.18574],[-4.64369,41.1681],[-4.62775,41.1708],[-4.63635,41.19061],[-4.65063,41.2001],[-4.65086,41.22142],[-4.61517,41.24137],[-4.59867,41.26417],[-4.57388,41.2752],[-4.57653,41.28487],[-4.60198,41.30265],[-4.60515,41.31314],[-4.59685,41.32059],[-4.55954,41.30217],[-4.52863,41.3211],[-4.50538,41.31129],[-4.50006,41.30091],[-4.46779,41.29589],[-4.47055,41.31846],[-4.49391,41.32641],[-4.50447,41.3472],[-4.49669,41.34961],[-4.4959,41.36393],[-4.484,41.3668],[-4.51528,41.39409],[-4.51496,41.40966],[-4.46816,41.41308],[-4.41062,41.44165],[-4.36491,41.436],[-4.36239,41.44993],[-4.32786,41.44479],[-4.3135,41.45511],[-4.27013,41.46127],[-4.2611,41.45059],[-4.24824,41.46209],[-4.23349,41.45574],[-4.15832,41.4821],[-4.14249,41.46994],[-4.13455,41.47778],[-4.05803,41.49732],[-4.0274,41.5178],[-3.9999,41.5161],[-3.99386,41.55601],[-3.98067,41.58337],[-3.96383,41.58608],[-3.95305,41.57344],[-3.89403,41.5518],[-3.88578,41.53231],[-3.86795,41.53248],[-3.82388,41.48113],[-3.78764,41.48586],[-3.79822,41.49193],[-3.80379,41.52458],[-3.76619,41.53793],[-3.76975,41.46015],[-3.74414,41.46106],[-3.73948,41.45078],[-3.7291,41.45762],[-3.73241,41.46989],[-3.72372,41.4792],[-3.7283,41.51764],[-3.69155,41.53454],[-3.67172,41.56043],[-3.61684,41.57716],[-3.6088,41.56612],[-3.57262,41.5654],[-3.56651,41.57996],[-3.54642,41.58009],[-3.53833,41.55202],[-3.50194,41.52918],[-3.47968,41.52091],[-3.45806,41.53685],[-3.42368,41.51628],[-3.42403,41.48273],[-3.41331,41.47612],[-3.38109,41.4648],[-3.36508,41.46776],[-3.34831,41.4565],[-3.33037,41.46072],[-3.33993,41.45109],[-3.35053,41.39487],[-3.32922,41.37627],[-3.27213,41.35273],[-3.26933,41.34154],[-3.23629,41.33028],[-3.23686,41.31853],[-3.20693,41.30675],[-3.23894,41.28794],[-3.25426,41.25838],[-3.27427,41.26027],[-3.27576,41.27503],[-3.29017,41.25793],[-3.32362,41.26174],[-3.33635,41.25303],[-3.40978,41.26062],[-3.41515,41.2732],[-3.41152,41.26071],[-3.3995,41.25454],[-3.39799,41.24325],[-3.40631,41.23417],[-3.40249,41.21362],[-3.44415,41.21534],[-3.46652,41.18338],[-3.50034,41.17861],[-3.51711,41.16289],[-3.58272,41.16142],[-3.6137,41.14905],[-3.67606,41.0867],[-3.69768,41.08188],[-3.74045,41.05364],[-3.78137,41.00031],[-3.89045,40.96903],[-3.92176,40.92993],[-3.93795,40.92718],[-3.94497,40.90333]]]}},{"type":"Feature","id":"41","properties":{"code":"41","name":"Sevilla","nationalCode":"34014100000"},"geometry":{"type":"Polygon","coordinates":[[[-5.94134,36.85192],[-5.97312,36.84419],[-6.10445,36.85726],[-6.15615,36.88565],[-6.23099,36.89811],[-6.25379,36.89391],[-6.27829,36.91085],[-6.33101,36.8988],[-6.37889,36.93471],[-6.36381,36.9458],[-6.35394,36.98849],[-6.38615,37.08039],[-6.37663,37.09759],[-6.35631,37.11064],[-6.36009,37.11729],[-6.34236,37.12298],[-6.35967,37.13843],[-6.33612,37.16962],[-6.35056,37.18056],[-6.35338,37.19894],[-6.34524,37.21828],[-6.35985,37.2381],[-6.34973,37.26517],[-6.33708,37.27474],[-6.34282,37.28115],[-6.333,37.2991],[-6.38457,37.33749],[-6.34604,37.36573],[-6.36196,37.37574],[-6.35645,37.41205],[-6.31255,37.41864],[-6.30581,37.43576],[-6.33295,37.46463],[-6.33877,37.48516],[-6.35652,37.49621],[-6.36733,37.51776],[-6.36647,37.53563],[-6.39346,37.55676],[-6.40276,37.58006],[-6.3934,37.58563],[-6.40227,37.59858],[-6.39557,37.61122],[-6.44327,37.62335],[-6.48489,37.61598],[-6.51499,37.62526],[-6.52862,37.61579],[-6.53836,37.62564],[-6.5296,37.6365],[-6.53609,37.65098],[-6.52536,37.66423],[-6.50134,37.66796],[-6.50142,37.6887],[-6.49319,37.68869],[-6.47867,37.71178],[-6.47344,37.70909],[-6.48368,37.71999],[-6.47512,37.72514],[-6.44999,37.7189],[-6.39003,37.74769],[-6.31102,37.76487],[-6.27849,37.75841],[-6.25232,37.76314],[-6.24467,37.74775],[-6.25242,37.74278],[-6.2225,37.73934],[-6.21623,37.74494],[-6.21983,37.75518],[-6.20483,37.76603],[-6.21546,37.79154],[-6.2024,37.80553],[-6.18466,37.80967],[-6.16742,37.79279],[-6.13402,37.78783],[-6.1382,37.79546],[-6.12643,37.79717],[-6.12166,37.81659],[-6.14216,37.85567],[-6.15904,37.85411],[-6.16429,37.86201],[-6.1249,37.90442],[-6.14521,37.9205],[-6.16375,37.91797],[-6.16684,37.90897],[-6.17499,37.91509],[-6.18407,37.92899],[-6.16782,37.95582],[-6.1165,37.9814],[-6.07785,37.98463],[-6.05171,37.99684],[-6.0171,37.99112],[-5.9935,37.99955],[-5.95369,37.99535],[-5.93276,38.03077],[-5.93422,38.04687],[-5.91928,38.0498],[-5.90898,38.06285],[-5.91081,38.0782],[-5.9293,38.08921],[-5.92638,38.10501],[-5.91252,38.12297],[-5.88066,38.13228],[-5.87468,38.15834],[-5.85624,38.16166],[-5.85152,38.17191],[-5.79943,38.17458],[-5.7817,38.18588],[-5.75728,38.18056],[-5.72816,38.19742],[-5.7135,38.18585],[-5.69473,38.18652],[-5.69787,38.17967],[-5.68861,38.18188],[-5.68406,38.15798],[-5.69501,38.17109],[-5.70579,38.16938],[-5.69526,38.14971],[-5.71541,38.13383],[-5.73882,38.13282],[-5.7349,38.08626],[-5.69363,38.08374],[-5.6325,38.13856],[-5.58479,38.13171],[-5.58168,38.11547],[-5.53878,38.09381],[-5.53958,38.08215],[-5.49513,38.04184],[-5.48903,38.02894],[-5.49315,37.99576],[-5.46894,37.97072],[-5.41561,37.94367],[-5.42427,37.92725],[-5.41651,37.92836],[-5.42208,37.91843],[-5.41371,37.90144],[-5.42206,37.88888],[-5.41471,37.86946],[-5.33932,37.83301],[-5.35004,37.79471],[-5.32939,37.77826],[-5.31003,37.77423],[-5.31867,37.75824],[-5.30489,37.73095],[-5.30707,37.70016],[-5.319,37.70151],[-5.3271,37.69162],[-5.33686,37.70567],[-5.34484,37.70534],[-5.36277,37.69716],[-5.37634,37.67756],[-5.38908,37.69778],[-5.40804,37.69003],[-5.4142,37.67446],[-5.40963,37.65998],[-5.39722,37.6624],[-5.3936,37.65602],[-5.41402,37.64528],[-5.3812,37.61091],[-5.35993,37.60545],[-5.35796,37.58484],[-5.34503,37.58631],[-5.3233,37.61425],[-5.27379,37.62549],[-5.17677,37.68058],[-5.15005,37.66092],[-5.13575,37.66857],[-5.10792,37.66258],[-5.11349,37.68873],[-5.12971,37.69875],[-5.10861,37.70067],[-5.09361,37.67565],[-5.09788,37.67029],[-5.06988,37.65935],[-5.09151,37.67995],[-5.08905,37.69466],[-5.07258,37.7077],[-5.04723,37.71829],[-4.99982,37.70659],[-4.98269,37.67629],[-4.95377,37.65244],[-4.95816,37.62164],[-4.97428,37.60016],[-4.94015,37.62124],[-4.93173,37.61659],[-4.93022,37.57585],[-4.93765,37.57184],[-4.93203,37.54591],[-4.94893,37.52195],[-4.93394,37.51985],[-4.92461,37.50038],[-4.90602,37.49984],[-4.91615,37.49268],[-4.9152,37.48416],[-4.90447,37.48949],[-4.91018,37.47978],[-4.90409,37.46741],[-4.87534,37.45045],[-4.88474,37.43798],[-4.84063,37.43602],[-4.83764,37.42324],[-4.84981,37.41066],[-4.82602,37.37908],[-4.81469,37.37753],[-4.82361,37.36876],[-4.82213,37.35819],[-4.78222,37.3285],[-4.76745,37.33773],[-4.74873,37.33091],[-4.72922,37.33533],[-4.72607,37.34183],[-4.73295,37.34278],[-4.72261,37.34643],[-4.71867,37.3585],[-4.68674,37.34114],[-4.68566,37.33027],[-4.67118,37.33449],[-4.67958,37.32999],[-4.66844,37.31981],[-4.68148,37.32338],[-4.68407,37.31536],[-4.65901,37.30508],[-4.66577,37.29927],[-4.66061,37.29445],[-4.67525,37.30178],[-4.68109,37.29005],[-4.66212,37.28374],[-4.65335,37.25583],[-4.71403,37.25284],[-4.71969,37.2597],[-4.73004,37.25346],[-4.73575,37.24483],[-4.71795,37.23989],[-4.73231,37.22615],[-4.72721,37.21111],[-4.71127,37.20687],[-4.70861,37.1977],[-4.76001,37.17726],[-4.79263,37.15385],[-4.80112,37.15996],[-4.79922,37.17231],[-4.82265,37.18022],[-4.82742,37.18695],[-4.81922,37.1975],[-4.82591,37.20071],[-4.85386,37.19859],[-4.8567,37.17357],[-4.8755,37.15819],[-4.88045,37.16327],[-4.89762,37.15603],[-4.90511,37.18186],[-4.92516,37.17066],[-4.9396,37.1757],[-4.94266,37.15759],[-4.90284,37.1376],[-4.90828,37.11528],[-4.92145,37.10433],[-4.95227,37.09436],[-4.98008,37.06883],[-5.02671,37.05168],[-5.02408,37.04598],[-5.03358,37.04893],[-5.05309,37.0306],[-5.08331,37.03147],[-5.11223,37.01911],[-5.12284,37.02769],[-5.16264,36.98142],[-5.20668,36.96225],[-5.2259,36.94184],[-5.23722,36.94323],[-5.30022,37.01374],[-5.30211,37.03736],[-5.36076,36.98516],[-5.39239,36.97328],[-5.41336,36.95402],[-5.41366,36.93979],[-5.43895,36.93529],[-5.46029,36.9753],[-5.43524,36.99112],[-5.42011,37.01321],[-5.43551,37.05223],[-5.51099,37.0336],[-5.46973,36.98395],[-5.51389,36.95654],[-5.52479,36.93733],[-5.54612,36.93018],[-5.55085,36.92312],[-5.53382,36.89345],[-5.5834,36.91509],[-5.58711,36.94701],[-5.60628,36.95079],[-5.61809,36.94016],[-5.62614,36.95444],[-5.64966,36.95432],[-5.66795,36.97595],[-5.69461,36.95678],[-5.69618,36.93528],[-5.70874,36.9225],[-5.73631,36.91822],[-5.80394,36.92552],[-5.84551,36.91521],[-5.86672,36.89518],[-5.87652,36.89471],[-5.89358,36.85158],[-5.88879,36.8433],[-5.94134,36.85192]],[[-5.01815,37.59211],[-5.0266,37.59542],[-5.03101,37.6106],[-5.04791,37.60814],[-5.04041,37.62619],[-5.08432,37.64808],[-5.05379,37.64237],[-5.04679,37.63194],[-5.03119,37.64152],[-5.0265,37.63516],[-5.03386,37.62164],[-5.01815,37.59211]]]}},{"type":"Feature","id":"42","properties":{"code":"42","name":"Soria","nationalCode":"34074200000"},"geometry":{"type":"Polygon","coordinates":[[[-1.99369,41.57709],[-1.96733,41.54607],[-1.9784,41.52586],[-1.98111,41.48644],[-1.95328,41.46245],[-1.95369,41.42426],[-1.93652,41.4199],[-1.93729,41.40785],[-1.98188,41.40232],[-2.00965,41.38584],[-2.02927,41.38416],[-2.04191,41.38859],[-2.04358,41.39715],[-2.03477,41.40442],[-2.03562,41.42689],[-2.10152,41.44579],[-2.11677,41.42495],[-2.11603,41.38205],[-2.14921,41.35615],[-2.16314,41.35535],[-2.15711,41.33397],[-2.16928,41.32222],[-2.17308,41.29536],[-2.15645,41.25864],[-2.14624,41.18439],[-2.0799,41.17098],[-2.05169,41.14685],[-2.05059,41.1259],[-2.06272,41.11311],[-2.06562,41.09579],[-2.04818,41.07838],[-2.05643,41.06969],[-2.07169,41.07249],[-2.08146,41.08635],[-2.10942,41.09755],[-2.13186,41.1181],[-2.1753,41.08375],[-2.23215,41.09701],[-2.26354,41.06754],[-2.29358,41.07125],[-2.32341,41.05651],[-2.35533,41.08645],[-2.41891,41.05771],[-2.42974,41.07229],[-2.46947,41.07811],[-2.48226,41.11627],[-2.50885,41.11886],[-2.51736,41.14787],[-2.53651,41.16253],[-2.54253,41.15067],[-2.57558,41.13947],[-2.59531,41.15025],[-2.57749,41.17866],[-2.62207,41.18799],[-2.62001,41.19537],[-2.59374,41.20021],[-2.58949,41.22454],[-2.6239,41.22374],[-2.6292,41.21521],[-2.64601,41.24021],[-2.67026,41.23719],[-2.70955,41.25198],[-2.71677,41.27567],[-2.76095,41.27402],[-2.77551,41.25008],[-2.82225,41.25661],[-2.86689,41.27446],[-2.8641,41.28735],[-2.87304,41.2985],[-2.86685,41.31307],[-2.88843,41.32524],[-2.90667,41.32763],[-2.94119,41.31394],[-2.95013,41.29264],[-3.00599,41.2844],[-3.01801,41.28912],[-3.0619,41.27343],[-3.20735,41.30424],[-3.23686,41.31853],[-3.23629,41.33028],[-3.26933,41.34154],[-3.27213,41.35273],[-3.32922,41.37627],[-3.35053,41.39487],[-3.33993,41.45109],[-3.33037,41.46072],[-3.34831,41.4565],[-3.36508,41.46776],[-3.38109,41.4648],[-3.41331,41.47612],[-3.42403,41.48273],[-3.42141,41.51387],[-3.45806,41.53685],[-3.47968,41.52091],[-3.53491,41.54866],[-3.54391,41.57208],[-3.53614,41.58647],[-3.55044,41.59659],[-3.52915,41.61263],[-3.51001,41.59718],[-3.47536,41.59695],[-3.45968,41.58927],[-3.43535,41.62203],[-3.43655,41.63859],[-3.42975,41.64628],[-3.41906,41.6441],[-3.41464,41.66483],[-3.3934,41.69061],[-3.3584,41.69342],[-3.35438,41.73725],[-3.3229,41.74093],[-3.30722,41.76015],[-3.28706,41.76013],[-3.27545,41.76867],[-3.28586,41.78825],[-3.27538,41.79432],[-3.28658,41.8029],[-3.28114,41.8229],[-3.28901,41.84246],[-3.27904,41.86791],[-3.28957,41.87641],[-3.28376,41.88381],[-3.27103,41.87876],[-3.2695,41.86929],[-3.24334,41.864],[-3.24681,41.85632],[-3.23439,41.84064],[-3.1945,41.82893],[-3.19822,41.81721],[-3.18859,41.80166],[-3.17135,41.79301],[-3.15944,41.79863],[-3.1362,41.81194],[-3.1126,41.85069],[-3.10046,41.85681],[-3.09716,41.88106],[-3.08773,41.87635],[-3.05863,41.89132],[-3.01677,41.88691],[-2.99944,41.93182],[-2.97079,41.92927],[-2.96008,41.95012],[-2.9658,41.96604],[-2.93217,42.01797],[-2.91221,42.02284],[-2.88383,42.00949],[-2.85421,42.03046],[-2.82525,42.04085],[-2.81264,42.03664],[-2.79799,42.04684],[-2.79495,42.06355],[-2.80334,42.08048],[-2.79014,42.09422],[-2.79161,42.10875],[-2.77485,42.12354],[-2.75117,42.11777],[-2.73467,42.12495],[-2.70595,42.10356],[-2.70842,42.08629],[-2.75758,42.03262],[-2.74617,42.00868],[-2.70514,42.01514],[-2.67358,41.99806],[-2.62664,42.0065],[-2.57991,41.99626],[-2.54907,42.05151],[-2.51488,42.06886],[-2.52266,42.08288],[-2.51468,42.11454],[-2.48437,42.10635],[-2.45862,42.11532],[-2.4405,42.13678],[-2.34819,42.14671],[-2.3182,42.14518],[-2.28216,42.1317],[-2.28175,42.10839],[-2.26959,42.08855],[-2.25889,42.08728],[-2.23784,42.10222],[-2.22408,42.09815],[-2.20888,42.10466],[-2.14811,42.10445],[-2.12732,42.09717],[-2.12724,42.08046],[-2.16191,42.06673],[-2.15477,42.04704],[-2.11701,42.02151],[-2.10763,42.00277],[-2.12407,41.99531],[-2.10996,41.95787],[-2.04664,41.95093],[-2.03639,41.9394],[-2.02831,41.95339],[-1.98412,41.92008],[-1.9703,41.91914],[-1.91517,41.93225],[-1.90667,41.94559],[-1.85592,41.9663],[-1.85728,41.90952],[-1.83878,41.88902],[-1.83506,41.86649],[-1.8226,41.86544],[-1.8176,41.85338],[-1.81905,41.82875],[-1.85271,41.78888],[-1.82532,41.77837],[-1.80585,41.75508],[-1.80921,41.73666],[-1.77537,41.72479],[-1.78499,41.71699],[-1.78686,41.69943],[-1.81207,41.68645],[-1.80622,41.66426],[-1.85899,41.66153],[-1.87398,41.63798],[-1.8979,41.63241],[-1.9231,41.59833],[-1.98451,41.60707],[-1.99324,41.60051],[-1.99369,41.57709]]]}},{"type":"Feature","id":"43","properties":{"code":"43","name":"Tarragona","nationalCode":"34094300000"},"geometry":{"type":"MultiPolygon","coordinates":[[[[0.58028,40.60392],[0.5478,40.57423],[0.55636,40.57141],[0.53792,40.56723],[0.5147,40.52305],[0.47693,40.532],[0.43696,40.54793],[0.43341,40.56538],[0.44394,40.57822],[0.42018,40.58546],[0.40196,40.60238],[0.33793,40.60878],[0.27888,40.62989],[0.26567,40.64492],[0.26771,40.65816],[0.29201,40.68775],[0.26245,40.70592],[0.23964,40.70092],[0.22731,40.71585],[0.22601,40.73293],[0.19731,40.72418],[0.16384,40.74034],[0.15907,40.75037],[0.17472,40.74118],[0.17548,40.7549],[0.18998,40.75048],[0.21213,40.76755],[0.22992,40.76739],[0.23357,40.78699],[0.27956,40.82081],[0.25551,40.8455],[0.25549,40.87396],[0.23863,40.88455],[0.25035,40.89549],[0.25384,40.91965],[0.27427,40.93662],[0.27137,40.94423],[0.2935,40.97056],[0.28154,40.97405],[0.28109,40.98716],[0.26847,40.9983],[0.27424,41.00714],[0.25863,41.01463],[0.27905,41.02113],[0.24519,41.04167],[0.23209,41.03499],[0.23294,41.04722],[0.21851,41.04277],[0.23033,41.05694],[0.21889,41.06123],[0.2199,41.08298],[0.20067,41.0848],[0.20929,41.11687],[0.20183,41.12755],[0.21863,41.13071],[0.21408,41.13695],[0.24979,41.12961],[0.25299,41.15015],[0.27301,41.14881],[0.30332,41.16438],[0.32112,41.22399],[0.34031,41.23106],[0.36086,41.22552],[0.3646,41.23868],[0.38131,41.23643],[0.37351,41.24866],[0.38556,41.27861],[0.43315,41.27604],[0.43444,41.32021],[0.46162,41.33507],[0.47989,41.32344],[0.50327,41.28973],[0.52581,41.29045],[0.55443,41.32667],[0.58085,41.31989],[0.59706,41.29345],[0.62819,41.29086],[0.66974,41.30986],[0.75152,41.31784],[0.76248,41.33425],[0.81526,41.32695],[0.82913,41.35725],[0.84006,41.36181],[0.86327,41.33811],[0.94523,41.34975],[0.96435,41.35526],[0.96206,41.36747],[0.98196,41.39175],[0.99197,41.38898],[1.00254,41.40424],[1.02772,41.40926],[1.04641,41.44065],[1.07494,41.45839],[1.03746,41.47999],[1.04851,41.48754],[1.03945,41.50138],[1.11165,41.4673],[1.17978,41.48843],[1.16362,41.5132],[1.17394,41.53131],[1.16389,41.53446],[1.21075,41.54873],[1.21969,41.56972],[1.30424,41.57146],[1.37173,41.56526],[1.38557,41.55586],[1.40319,41.55788],[1.39248,41.57518],[1.41056,41.57548],[1.41608,41.58258],[1.45448,41.56919],[1.43103,41.55566],[1.44672,41.55239],[1.44858,41.53707],[1.40872,41.53493],[1.39635,41.51289],[1.44604,41.49482],[1.45196,41.48636],[1.47393,41.48626],[1.48456,41.47492],[1.48318,41.45783],[1.46848,41.44396],[1.47566,41.43609],[1.4952,41.43561],[1.4751,41.42945],[1.49017,41.40148],[1.47304,41.38076],[1.50929,41.39444],[1.53702,41.38534],[1.55216,41.36811],[1.57796,41.36246],[1.57819,41.35343],[1.55908,41.34332],[1.57475,41.31515],[1.5955,41.30885],[1.58822,41.29356],[1.61206,41.28516],[1.61637,41.29311],[1.63679,41.29595],[1.62778,41.29466],[1.62918,41.28278],[1.62001,41.27706],[1.62746,41.26952],[1.6197,41.2537],[1.60597,41.25039],[1.5943,41.25897],[1.57016,41.26073],[1.58311,41.23608],[1.62401,41.22294],[1.64098,41.23537],[1.65315,41.20741],[1.64124,41.21175],[1.64475,41.19341],[1.60754,41.18365],[1.60729,41.18906],[1.59148,41.1885],[1.51333,41.17799],[1.4642,41.16525],[1.3949,41.13162],[1.29792,41.12777],[1.25552,41.11169],[1.21353,41.0786],[1.2491,41.10864],[1.22588,41.10526],[1.22273,41.09612],[1.2223,41.10576],[1.21261,41.0991],[1.21629,41.09029],[1.20482,41.09571],[1.2142,41.0871],[1.19887,41.09402],[1.19072,41.08684],[1.19606,41.08274],[1.18681,41.08138],[1.17034,41.05463],[1.14345,41.07194],[1.12394,41.07476],[1.08364,41.06171],[1.04914,41.06412],[0.98536,41.03997],[0.94363,41.00874],[0.93085,40.98833],[0.91492,40.9871],[0.86223,40.94708],[0.85079,40.92616],[0.8336,40.91611],[0.79211,40.86649],[0.74934,40.84378],[0.74134,40.82332],[0.7,40.8034],[0.72931,40.7698],[0.76247,40.76176],[0.78213,40.76872],[0.72517,40.78778],[0.76772,40.7918],[0.82893,40.73358],[0.8584,40.73746],[0.87357,40.73016],[0.86429,40.69254],[0.75626,40.6399],[0.70207,40.58044],[0.66136,40.55733],[0.61764,40.55355],[0.60258,40.56174],[0.59499,40.57809],[0.61835,40.57198],[0.61787,40.58584],[0.64894,40.57294],[0.66033,40.59147],[0.70868,40.59089],[0.74523,40.63611],[0.69272,40.63981],[0.66473,40.62629],[0.60817,40.62318],[0.60829,40.61726],[0.60483,40.62317],[0.5983,40.61978],[0.60852,40.61651],[0.59328,40.61631],[0.60459,40.6091],[0.59245,40.61358],[0.58028,40.60392]]],[[[0.70759,40.63522],[0.70728,40.63529],[0.70753,40.63557],[0.70759,40.63522]]],[[[0.64695,40.57817],[0.64551,40.57857],[0.64538,40.5793],[0.64695,40.57817]]],[[[0.64421,40.57815],[0.64293,40.57936],[0.64347,40.57933],[0.64421,40.57815]]],[[[0.64862,40.57408],[0.64717,40.57477],[0.64842,40.57488],[0.64862,40.57408]]],[[[0.61536,40.57652],[0.61465,40.57697],[0.61584,40.5773],[0.61536,40.57652]]],[[[0.6429,40.57507],[0.64126,40.57658],[0.64163,40.5772],[0.6429,40.57507]]],[[[0.64648,40.57402],[0.64454,40.57514],[0.64556,40.57528],[0.64648,40.57402]]],[[[0.64667,40.57433],[0.64631,40.5745],[0.64613,40.57534],[0.64667,40.57433]]],[[[0.64903,40.57489],[0.64763,40.5761],[0.64857,40.57634],[0.64903,40.57489]]],[[[0.6498,40.57594],[0.64898,40.57706],[0.64996,40.57699],[0.6498,40.57594]]],[[[0.64738,40.5756],[0.64393,40.57655],[0.64596,40.57685],[0.64738,40.5756]]],[[[0.64023,40.57695],[0.63999,40.57697],[0.63972,40.57734],[0.64023,40.57695]]],[[[0.64334,40.57612],[0.64187,40.57862],[0.64371,40.57662],[0.64334,40.57612]]],[[[0.64888,40.57847],[0.64813,40.58027],[0.64933,40.58003],[0.64888,40.57847]]],[[[0.63839,40.57924],[0.63797,40.58009],[0.63852,40.57984],[0.63839,40.57924]]],[[[0.63488,40.57739],[0.6335,40.57991],[0.6356,40.58129],[0.63488,40.57739]]],[[[0.64323,40.57973],[0.64268,40.57977],[0.64239,40.58081],[0.64323,40.57973]]],[[[0.64485,40.58037],[0.6446,40.58118],[0.64483,40.58104],[0.64485,40.58037]]],[[[0.63308,40.58101],[0.63304,40.58159],[0.63391,40.58181],[0.63308,40.58101]]],[[[0.64197,40.58125],[0.64166,40.58126],[0.64105,40.58191],[0.64197,40.58125]]],[[[0.63546,40.58164],[0.63437,40.58257],[0.63578,40.58231],[0.63546,40.58164]]],[[[0.64225,40.5816],[0.64172,40.58294],[0.64245,40.58241],[0.64225,40.5816]]],[[[0.63693,40.58141],[0.6366,40.58211],[0.63693,40.58196],[0.63693,40.58141]]],[[[0.6388,40.58124],[0.63812,40.58168],[0.63857,40.58246],[0.6388,40.58124]]],[[[0.64951,40.58291],[0.64934,40.5834],[0.65001,40.58311],[0.64951,40.58291]]],[[[0.65573,40.5813],[0.64899,40.58482],[0.6536,40.58485],[0.65573,40.5813]]],[[[0.64425,40.58377],[0.6441,40.58404],[0.64511,40.58427],[0.64425,40.58377]]],[[[0.64337,40.58276],[0.64272,40.5836],[0.64372,40.5836],[0.64337,40.58276]]],[[[0.64559,40.5821],[0.64516,40.58332],[0.64639,40.58259],[0.64559,40.5821]]],[[[0.64798,40.58328],[0.64611,40.58467],[0.64822,40.58472],[0.64798,40.58328]]],[[[1.63324,41.31349],[1.6425,41.31295],[1.62897,41.31066],[1.63324,41.31349]]]]}},{"type":"Feature","id":"44","properties":{"code":"44","name":"Teruel","nationalCode":"34024400000"},"geometry":{"type":"Polygon","coordinates":[[[0.14135,40.71847],[0.1125,40.72714],[0.07269,40.71431],[0.04217,40.69101],[0.02644,40.69495],[0.02837,40.71318],[0.01574,40.72843],[-0.01772,40.7312],[-0.03141,40.72243],[-0.0647,40.72741],[-0.12684,40.75332],[-0.14384,40.76869],[-0.14453,40.78544],[-0.16496,40.78863],[-0.19718,40.78446],[-0.21284,40.75827],[-0.22403,40.75416],[-0.23909,40.71933],[-0.23599,40.69111],[-0.29363,40.67396],[-0.307,40.6595],[-0.32882,40.68028],[-0.37796,40.66754],[-0.38151,40.66158],[-0.3708,40.65077],[-0.37967,40.62353],[-0.37048,40.61359],[-0.32244,40.60281],[-0.31158,40.61145],[-0.29329,40.61104],[-0.29987,40.57733],[-0.29011,40.54395],[-0.30184,40.5154],[-0.29769,40.50577],[-0.2876,40.50956],[-0.27764,40.50153],[-0.27974,40.48345],[-0.27264,40.47376],[-0.33261,40.45905],[-0.34736,40.44394],[-0.28539,40.38649],[-0.28176,40.3657],[-0.30519,40.3625],[-0.34062,40.33999],[-0.34316,40.32541],[-0.3498,40.32795],[-0.35298,40.31337],[-0.36899,40.31178],[-0.36627,40.30505],[-0.38864,40.30694],[-0.40041,40.29485],[-0.38291,40.27852],[-0.38363,40.26485],[-0.42807,40.2438],[-0.46381,40.23386],[-0.46997,40.24013],[-0.49452,40.22873],[-0.5259,40.23732],[-0.54419,40.25166],[-0.55789,40.20084],[-0.57216,40.18147],[-0.56926,40.15916],[-0.57864,40.13733],[-0.60741,40.12798],[-0.62853,40.10258],[-0.61359,40.07001],[-0.62722,40.0762],[-0.68294,40.04422],[-0.74758,40.03788],[-0.75362,40.04661],[-0.76227,40.04126],[-0.76729,40.01003],[-0.77765,39.99841],[-0.8378,39.97681],[-0.83574,39.96],[-0.8463,39.9477],[-0.83691,39.93406],[-0.84042,39.92495],[-0.82999,39.90678],[-0.79769,39.88107],[-0.82874,39.87115],[-0.86356,39.84741],[-0.88857,39.85211],[-0.91256,39.87235],[-0.90024,39.89183],[-0.90961,39.89861],[-0.91382,39.91801],[-0.90266,39.93185],[-0.92045,39.9644],[-0.93189,39.95608],[-0.98938,39.98183],[-1.02569,39.9746],[-1.07276,39.97952],[-1.09215,39.9678],[-1.10501,39.97497],[-1.12348,39.96635],[-1.12175,39.96085],[-1.1424,39.97184],[-1.16519,40.0101],[-1.08423,40.03621],[-1.07213,40.06048],[-1.11186,40.0928],[-1.13345,40.09741],[-1.14803,40.1145],[-1.20725,40.11013],[-1.24459,40.1158],[-1.25061,40.12392],[-1.2443,40.14597],[-1.25242,40.1433],[-1.28434,40.1715],[-1.29779,40.21153],[-1.31499,40.20137],[-1.32299,40.18486],[-1.31659,40.14966],[-1.3546,40.12947],[-1.3623,40.13013],[-1.36366,40.13861],[-1.39356,40.13436],[-1.44555,40.14359],[-1.43921,40.19701],[-1.47442,40.18504],[-1.5109,40.20372],[-1.54048,40.1908],[-1.69035,40.30966],[-1.7077,40.29713],[-1.71232,40.2783],[-1.72122,40.2787],[-1.72946,40.30291],[-1.72015,40.31851],[-1.70684,40.3136],[-1.69768,40.32129],[-1.74158,40.34968],[-1.77777,40.39188],[-1.80566,40.398],[-1.80064,40.41422],[-1.78543,40.41318],[-1.7486,40.4629],[-1.69251,40.48682],[-1.70162,40.5411],[-1.68964,40.56649],[-1.69328,40.57765],[-1.6781,40.59095],[-1.59875,40.56205],[-1.54552,40.5952],[-1.56486,40.61474],[-1.53899,40.65809],[-1.53564,40.68702],[-1.55334,40.70588],[-1.56202,40.73975],[-1.53991,40.76073],[-1.54233,40.81122],[-1.55927,40.83076],[-1.57049,40.83008],[-1.58878,40.84503],[-1.62139,40.8804],[-1.62597,40.89868],[-1.6079,40.92762],[-1.61745,40.94373],[-1.56163,40.93862],[-1.50534,40.96412],[-1.47299,40.9488],[-1.4466,40.98456],[-1.45935,41.00676],[-1.4764,41.01494],[-1.41752,41.02975],[-1.41115,41.0351],[-1.4168,41.04377],[-1.40483,41.05063],[-1.41002,41.05791],[-1.40522,41.06631],[-1.3558,41.08853],[-1.35235,41.08167],[-1.36013,41.07159],[-1.35417,41.05753],[-1.28743,41.04886],[-1.27093,41.05478],[-1.2533,41.07733],[-1.27137,41.10328],[-1.2544,41.12294],[-1.20998,41.1388],[-1.17399,41.12369],[-1.1216,41.13493],[-1.10568,41.16759],[-1.06806,41.15516],[-1.03931,41.13472],[-1.00086,41.13401],[-0.97242,41.15346],[-1.00056,41.11484],[-0.9986,41.09523],[-0.95292,41.07544],[-0.91255,41.09301],[-0.91531,41.10516],[-0.89055,41.12563],[-0.89149,41.14515],[-0.88326,41.14876],[-0.88366,41.13011],[-0.85989,41.10801],[-0.82853,41.09642],[-0.79281,41.1056],[-0.78344,41.1182],[-0.78086,41.14699],[-0.76141,41.16966],[-0.69397,41.11229],[-0.64082,41.17097],[-0.6099,41.19168],[-0.66922,41.23685],[-0.64278,41.23836],[-0.62546,41.24818],[-0.62972,41.31176],[-0.60526,41.32331],[-0.54849,41.26774],[-0.53158,41.22781],[-0.50969,41.23828],[-0.50618,41.25025],[-0.52715,41.28822],[-0.54485,41.30059],[-0.56611,41.30349],[-0.58181,41.32143],[-0.58179,41.34812],[-0.56773,41.35391],[-0.55067,41.3455],[-0.51054,41.35409],[-0.48908,41.35027],[-0.47993,41.34593],[-0.47016,41.31825],[-0.4215,41.31235],[-0.42754,41.29198],[-0.40586,41.27236],[-0.36886,41.26086],[-0.34814,41.24128],[-0.32482,41.24534],[-0.32488,41.25391],[-0.31608,41.25686],[-0.27137,41.21628],[-0.24641,41.21192],[-0.22419,41.18948],[-0.18095,41.18814],[-0.1224,41.15664],[-0.07969,41.15096],[-0.02579,41.12808],[-0.01223,41.12025],[-0.00065,41.09041],[0.03692,41.04657],[0.05183,41.05482],[0.05754,41.07505],[0.07863,41.08034],[0.11826,41.07683],[0.14586,41.06304],[0.16803,41.07092],[0.21874,41.07207],[0.21952,41.06024],[0.2307,41.05481],[0.21754,41.04751],[0.21983,41.04161],[0.23294,41.04722],[0.23209,41.03499],[0.24519,41.04167],[0.27905,41.02113],[0.25863,41.01463],[0.27424,41.00714],[0.26847,40.9983],[0.28109,40.98716],[0.28154,40.97405],[0.2934,40.97004],[0.27167,40.94475],[0.27427,40.93662],[0.25384,40.91965],[0.25035,40.89549],[0.23863,40.88455],[0.25549,40.87396],[0.25551,40.8455],[0.27956,40.82081],[0.23357,40.78699],[0.22992,40.76739],[0.21213,40.76755],[0.18998,40.75048],[0.17548,40.7549],[0.17472,40.74118],[0.15907,40.75037],[0.1702,40.73232],[0.16184,40.7226],[0.14135,40.71847]]]}},{"type":"Feature","id":"45","properties":{"code":"45","name":"Toledo","nationalCode":"34084500000"},"geometry":{"type":"Polygon","coordinates":[[[-5.40611,39.87773],[-5.36514,39.98292],[-5.36238,40.01282],[-5.37386,40.05932],[-5.36901,40.10009],[-5.35944,40.10841],[-5.33746,40.11591],[-5.31406,40.10692],[-5.21637,40.10801],[-5.20352,40.08343],[-5.17162,40.08482],[-5.14141,40.09175],[-5.10113,40.12723],[-5.08777,40.12432],[-5.06699,40.15092],[-5.01854,40.15905],[-5.00667,40.12994],[-5.01334,40.11106],[-4.95455,40.12113],[-4.95629,40.13335],[-4.92545,40.13604],[-4.91796,40.15378],[-4.92468,40.16998],[-4.87835,40.19029],[-4.86393,40.20451],[-4.83541,40.2125],[-4.82106,40.22302],[-4.82214,40.22991],[-4.80767,40.23532],[-4.81825,40.25477],[-4.80347,40.27527],[-4.76159,40.2609],[-4.74263,40.27528],[-4.7286,40.27052],[-4.69814,40.28219],[-4.69415,40.26639],[-4.70289,40.26138],[-4.6872,40.24961],[-4.69368,40.24107],[-4.68657,40.23578],[-4.68726,40.212],[-4.6543,40.19805],[-4.61675,40.2],[-4.57908,40.2172],[-4.57491,40.20658],[-4.52791,40.20009],[-4.50979,40.21919],[-4.43743,40.2367],[-4.43525,40.25913],[-4.42717,40.25756],[-4.38348,40.28905],[-4.38717,40.30117],[-4.38011,40.31834],[-4.35639,40.30862],[-4.35842,40.27666],[-4.34538,40.25379],[-4.34849,40.23675],[-4.33384,40.23842],[-4.32152,40.2263],[-4.30799,40.23388],[-4.30611,40.22178],[-4.29519,40.21888],[-4.26996,40.23569],[-4.248,40.27348],[-4.20323,40.26882],[-4.20381,40.2873],[-4.19087,40.29735],[-4.17248,40.2881],[-4.16451,40.27059],[-4.14399,40.26462],[-4.15073,40.24923],[-4.14577,40.24518],[-4.10427,40.24183],[-4.08046,40.26694],[-4.07289,40.26545],[-4.05208,40.25153],[-4.02398,40.24895],[-4.02616,40.23561],[-3.991,40.20948],[-3.95287,40.2128],[-3.9563,40.19908],[-3.95,40.18912],[-3.93114,40.20398],[-3.91171,40.19009],[-3.87632,40.19122],[-3.83419,40.16135],[-3.8046,40.17684],[-3.78324,40.16161],[-3.77045,40.1394],[-3.74438,40.13222],[-3.72222,40.14771],[-3.68372,40.13227],[-3.66731,40.14329],[-3.65633,40.12534],[-3.60763,40.10897],[-3.61632,40.09486],[-3.60374,40.09279],[-3.61036,40.08187],[-3.62895,40.07827],[-3.61657,40.06881],[-3.62191,40.05487],[-3.63966,40.05002],[-3.63609,40.04163],[-3.64726,40.04163],[-3.65066,40.03175],[-3.66617,40.03521],[-3.67949,40.01612],[-3.69989,40.01954],[-3.72239,40.00042],[-3.72009,39.98444],[-3.73488,39.9851],[-3.73408,39.9755],[-3.74662,39.98075],[-3.73804,39.96871],[-3.72371,39.97062],[-3.72794,39.96454],[-3.75888,39.96887],[-3.75449,39.9504],[-3.77068,39.95061],[-3.75797,39.95834],[-3.7636,39.96752],[-3.78633,39.95474],[-3.78335,39.9448],[-3.80955,39.95397],[-3.82438,39.94729],[-3.83204,39.93156],[-3.84004,39.94196],[-3.87519,39.92874],[-3.86894,39.90524],[-3.83455,39.89993],[-3.81489,39.88574],[-3.8044,39.88472],[-3.7788,39.91085],[-3.75658,39.92111],[-3.74387,39.9408],[-3.71111,39.95471],[-3.69759,39.94672],[-3.6616,39.96582],[-3.6345,39.96589],[-3.63799,39.98838],[-3.59534,40.00114],[-3.59001,40.01322],[-3.51971,40.02109],[-3.51727,40.04014],[-3.50686,40.04867],[-3.47007,40.0407],[-3.44833,40.04976],[-3.44597,40.03723],[-3.43035,40.03836],[-3.42442,40.04687],[-3.40107,40.03418],[-3.39301,40.03653],[-3.39153,40.04841],[-3.37578,40.05126],[-3.37771,40.07477],[-3.33442,40.08105],[-3.31179,40.06825],[-3.30249,40.05331],[-3.27516,40.04731],[-3.26478,40.0571],[-3.2577,40.05039],[-3.25434,40.05799],[-3.24362,40.05342],[-3.20096,40.06049],[-3.20745,40.06383],[-3.17638,40.08682],[-3.17959,40.09137],[-3.16645,40.09111],[-3.16138,40.06185],[-3.17023,40.04814],[-3.14257,39.98496],[-3.0966,39.98694],[-3.09706,39.93347],[-3.10688,39.90314],[-3.12723,39.87468],[-3.09627,39.86911],[-3.07629,39.85571],[-3.05968,39.83747],[-3.04054,39.78758],[-3.01555,39.76491],[-2.99775,39.71887],[-2.90823,39.64233],[-2.91786,39.62306],[-2.91375,39.61373],[-2.92551,39.6018],[-2.92065,39.55914],[-2.93638,39.5112],[-2.93128,39.47087],[-2.95679,39.44721],[-2.99478,39.45138],[-2.9994,39.44159],[-3.01485,39.44507],[-3.0227,39.45714],[-3.06988,39.45006],[-3.09588,39.47317],[-3.14332,39.49556],[-3.18414,39.48818],[-3.18516,39.475],[-3.29425,39.47077],[-3.31634,39.43403],[-3.30873,39.39878],[-3.34499,39.4082],[-3.41028,39.40459],[-3.47048,39.37214],[-3.47688,39.34314],[-3.53259,39.30416],[-3.56711,39.29933],[-3.5866,39.30766],[-3.68019,39.29828],[-3.68814,39.28486],[-3.72252,39.26961],[-3.76032,39.29169],[-3.79121,39.2929],[-3.81218,39.28671],[-3.84167,39.25958],[-3.85736,39.2585],[-3.96686,39.29855],[-3.95868,39.30957],[-3.96626,39.31644],[-3.9722,39.35218],[-4.07337,39.36533],[-4.10445,39.34111],[-4.12054,39.36262],[-4.14807,39.36277],[-4.1279,39.40885],[-4.11807,39.45688],[-4.08132,39.45167],[-4.06813,39.45705],[-4.05883,39.47219],[-4.06824,39.50255],[-4.06008,39.52144],[-4.03008,39.52197],[-4.04178,39.57535],[-4.12435,39.56356],[-4.15873,39.57676],[-4.19323,39.49538],[-4.24209,39.4779],[-4.37721,39.49598],[-4.42174,39.50715],[-4.44191,39.52313],[-4.45308,39.51729],[-4.46159,39.47855],[-4.48327,39.48835],[-4.49989,39.51769],[-4.51122,39.52212],[-4.50167,39.5351],[-4.48219,39.5388],[-4.52495,39.56162],[-4.53145,39.55508],[-4.53109,39.5316],[-4.54268,39.544],[-4.56144,39.53314],[-4.55463,39.51078],[-4.56792,39.49728],[-4.59028,39.49974],[-4.61843,39.48465],[-4.61159,39.46014],[-4.61813,39.4544],[-4.69028,39.45179],[-4.75537,39.41571],[-4.75371,39.42542],[-4.7669,39.42404],[-4.7681,39.42992],[-4.74051,39.45617],[-4.74995,39.46835],[-4.74285,39.48755],[-4.75171,39.50183],[-4.76247,39.51404],[-4.86312,39.55615],[-4.903,39.5037],[-4.94074,39.39512],[-4.94967,39.39311],[-5.00858,39.43495],[-5.05889,39.48942],[-5.08289,39.49008],[-5.12379,39.52159],[-5.14661,39.54991],[-5.20663,39.59723],[-5.16176,39.64244],[-5.16242,39.65534],[-5.14912,39.66582],[-5.1564,39.6739],[-5.15186,39.69601],[-5.13779,39.715],[-5.17396,39.75125],[-5.15846,39.75966],[-5.1669,39.79988],[-5.20647,39.79756],[-5.25482,39.75234],[-5.30808,39.76002],[-5.31622,39.77212],[-5.31259,39.82427],[-5.28405,39.86387],[-5.32361,39.89173],[-5.40611,39.87773]]]}},{"type":"Feature","id":"46","properties":{"code":"46","name":"València/Valencia","nationalCode":"34104600000"},"geometry":{"type":"MultiPolygon","coordinates":[[[[-0.44746,38.81969],[-0.47449,38.80386],[-0.53531,38.81036],[-0.59522,38.7951],[-0.58426,38.76836],[-0.56564,38.75543],[-0.52963,38.76709],[-0.52088,38.75669],[-0.50747,38.75526],[-0.50712,38.74297],[-0.61805,38.68665],[-0.6287,38.68655],[-0.64247,38.70414],[-0.64403,38.72814],[-0.67757,38.72911],[-0.68878,38.74127],[-0.70719,38.73382],[-0.71719,38.75058],[-0.73329,38.7517],[-0.73493,38.75945],[-0.83462,38.73243],[-0.86169,38.77089],[-0.90499,38.76708],[-0.91323,38.76961],[-0.91491,38.78141],[-0.92894,38.78383],[-0.9328,38.81127],[-0.92488,38.82336],[-0.9357,38.85594],[-0.92454,38.89175],[-0.95652,38.92012],[-0.95941,38.94458],[-0.99933,38.94945],[-1.03459,38.93445],[-1.14665,38.92935],[-1.16089,38.95482],[-1.22654,39.02467],[-1.2639,39.04509],[-1.2657,39.07547],[-1.25582,39.08402],[-1.25572,39.10617],[-1.24051,39.11374],[-1.227,39.15171],[-1.19709,39.17673],[-1.18083,39.21182],[-1.17482,39.27928],[-1.16459,39.31008],[-1.19664,39.31396],[-1.20762,39.32659],[-1.2231,39.31594],[-1.24427,39.32149],[-1.24719,39.32875],[-1.25077,39.32274],[-1.27501,39.33383],[-1.29763,39.33025],[-1.31213,39.34287],[-1.33345,39.34046],[-1.33628,39.3338],[-1.36586,39.35511],[-1.38426,39.35366],[-1.38421,39.36661],[-1.40771,39.36631],[-1.39583,39.37456],[-1.40837,39.37217],[-1.41336,39.38058],[-1.425,39.38056],[-1.42455,39.36391],[-1.43096,39.36482],[-1.43216,39.37743],[-1.4438,39.36208],[-1.45415,39.36109],[-1.44829,39.37851],[-1.46751,39.3828],[-1.45248,39.38358],[-1.45774,39.3887],[-1.45177,39.39788],[-1.46115,39.40053],[-1.47352,39.39143],[-1.47522,39.39816],[-1.46622,39.40257],[-1.47446,39.40907],[-1.48742,39.40054],[-1.48328,39.42242],[-1.5048,39.41704],[-1.49689,39.42906],[-1.52105,39.43174],[-1.51545,39.43872],[-1.52449,39.44309],[-1.51832,39.44838],[-1.52894,39.45487],[-1.51339,39.45827],[-1.513,39.47125],[-1.50322,39.47935],[-1.51256,39.48323],[-1.50506,39.4877],[-1.51245,39.49627],[-1.50366,39.4915],[-1.49915,39.50045],[-1.50722,39.50786],[-1.50114,39.5155],[-1.507,39.52064],[-1.5026,39.54562],[-1.52054,39.55027],[-1.50286,39.55223],[-1.50436,39.5639],[-1.4618,39.57691],[-1.41793,39.65494],[-1.36853,39.68961],[-1.30785,39.67082],[-1.27958,39.67789],[-1.262,39.69891],[-1.27541,39.73864],[-1.215,39.80877],[-1.20004,39.85871],[-1.19586,39.91393],[-1.20897,39.92816],[-1.20398,39.94934],[-1.1424,39.97184],[-1.12175,39.96085],[-1.12348,39.96635],[-1.10501,39.97497],[-1.09215,39.9678],[-1.07276,39.97952],[-1.02569,39.9746],[-0.98845,39.98163],[-0.93189,39.95608],[-0.9185,39.96268],[-0.90266,39.93185],[-0.91382,39.91801],[-0.90961,39.89861],[-0.90024,39.89183],[-0.91279,39.87305],[-0.88857,39.85211],[-0.86356,39.84741],[-0.82874,39.87115],[-0.79377,39.88143],[-0.77356,39.8698],[-0.73046,39.81483],[-0.71255,39.81685],[-0.69111,39.85246],[-0.65615,39.83596],[-0.64471,39.79159],[-0.65243,39.7541],[-0.63603,39.74797],[-0.58814,39.74168],[-0.57705,39.7732],[-0.5484,39.79573],[-0.5309,39.79623],[-0.49825,39.74756],[-0.45618,39.7147],[-0.44552,39.71771],[-0.43908,39.73686],[-0.4096,39.7452],[-0.39609,39.75861],[-0.38556,39.77295],[-0.38938,39.7892],[-0.37792,39.79988],[-0.32826,39.80148],[-0.30857,39.79699],[-0.27653,39.77054],[-0.26418,39.7455],[-0.1885,39.72194],[-0.20793,39.66315],[-0.20561,39.64252],[-0.21579,39.65515],[-0.21235,39.64282],[-0.22419,39.64001],[-0.21135,39.63787],[-0.21559,39.62919],[-0.23068,39.63884],[-0.25318,39.6225],[-0.28336,39.55817],[-0.2828,39.56363],[-0.31662,39.52184],[-0.32277,39.47631],[-0.3199,39.46305],[-0.3105,39.46109],[-0.33142,39.45981],[-0.30779,39.46285],[-0.28574,39.45502],[-0.29145,39.44408],[-0.28631,39.45501],[-0.30934,39.45749],[-0.30195,39.44482],[-0.29519,39.45115],[-0.30288,39.43358],[-0.30501,39.44447],[-0.3127,39.4419],[-0.30817,39.4502],[-0.31446,39.44615],[-0.32363,39.45834],[-0.32509,39.44628],[-0.31625,39.44293],[-0.33029,39.43519],[-0.30915,39.42973],[-0.31739,39.42058],[-0.33244,39.43178],[-0.3235,39.42377],[-0.33693,39.4252],[-0.32986,39.42248],[-0.33201,39.40986],[-0.31203,39.35061],[-0.27254,39.2787],[-0.27852,39.27848],[-0.21628,39.18634],[-0.23832,39.17671],[-0.23949,39.15434],[-0.23337,39.15133],[-0.23948,39.14692],[-0.20346,39.066],[-0.15628,38.99845],[-0.14429,38.99528],[-0.16114,38.99237],[-0.14678,38.99443],[-0.14836,38.98514],[-0.10707,38.94211],[-0.03752,38.88693],[-0.0248,38.87255],[-0.02714,38.86203],[-0.04215,38.85645],[-0.07062,38.88572],[-0.08979,38.87924],[-0.09208,38.87153],[-0.10209,38.87503],[-0.14808,38.85843],[-0.15509,38.86048],[-0.16083,38.88739],[-0.18869,38.87342],[-0.19632,38.85944],[-0.23054,38.85349],[-0.31081,38.88151],[-0.32367,38.86349],[-0.34826,38.86156],[-0.38144,38.8349],[-0.40339,38.83971],[-0.40407,38.83312],[-0.44746,38.81969]]],[[[-1.20715,40.00183],[-1.25098,39.99523],[-1.33578,40.01667],[-1.37686,40.0165],[-1.38314,40.03897],[-1.42029,40.09351],[-1.4076,40.1014],[-1.44281,40.11804],[-1.45724,40.13506],[-1.44886,40.14534],[-1.39356,40.13436],[-1.36366,40.13861],[-1.3623,40.13013],[-1.3546,40.12947],[-1.31659,40.14966],[-1.32299,40.18486],[-1.31499,40.20137],[-1.29823,40.21168],[-1.28434,40.1715],[-1.25242,40.1433],[-1.2443,40.14597],[-1.25061,40.12392],[-1.24459,40.1158],[-1.20725,40.11013],[-1.14803,40.1145],[-1.13345,40.09741],[-1.11186,40.0928],[-1.07213,40.06048],[-1.08423,40.03621],[-1.1362,40.01509],[-1.20715,40.00183]]],[[[-0.23031,39.15976],[-0.23105,39.15992],[-0.23048,39.16007],[-0.23031,39.15976]]]]}},{"type":"Feature","id":"47","properties":{"code":"47","name":"Valladolid","nationalCode":"34074700000"},"geometry":{"type":"MultiPolygon","coordinates":[[[[-4.59685,41.32059],[-4.60515,41.31314],[-4.60198,41.30265],[-4.57653,41.28487],[-4.57388,41.2752],[-4.59867,41.26417],[-4.61517,41.24137],[-4.65086,41.22142],[-4.65063,41.2001],[-4.63635,41.19061],[-4.62775,41.1708],[-4.64369,41.1681],[-4.68056,41.18574],[-4.70234,41.17451],[-4.7221,41.14932],[-4.77876,41.145],[-4.80584,41.13516],[-4.81772,41.11489],[-4.81497,41.10345],[-4.82796,41.09915],[-4.85556,41.10073],[-4.86368,41.09402],[-4.95081,41.14071],[-4.96297,41.14011],[-4.96761,41.1523],[-4.98454,41.15224],[-4.98974,41.1608],[-5.01386,41.16425],[-5.02178,41.15355],[-5.05986,41.13862],[-5.10013,41.1471],[-5.12493,41.13205],[-5.17966,41.16729],[-5.20792,41.16682],[-5.21822,41.15959],[-5.2296,41.19053],[-5.25297,41.19977],[-5.28847,41.19562],[-5.28874,41.18199],[-5.33251,41.17827],[-5.32781,41.1816],[-5.3403,41.19411],[-5.30762,41.22479],[-5.29365,41.22625],[-5.30221,41.25927],[-5.29174,41.26919],[-5.30351,41.31598],[-5.32212,41.32633],[-5.33462,41.37064],[-5.30754,41.41405],[-5.33924,41.4256],[-5.32479,41.45534],[-5.33749,41.46129],[-5.34474,41.47926],[-5.3325,41.47565],[-5.29624,41.50117],[-5.26188,41.50368],[-5.24168,41.51979],[-5.23384,41.51773],[-5.22887,41.52843],[-5.24779,41.54677],[-5.27265,41.55018],[-5.27262,41.55919],[-5.29307,41.57437],[-5.26795,41.59005],[-5.27054,41.60114],[-5.32889,41.61592],[-5.31951,41.63677],[-5.32735,41.68053],[-5.34288,41.70043],[-5.35814,41.69969],[-5.36016,41.72713],[-5.3752,41.71979],[-5.39069,41.75257],[-5.39138,41.76051],[-5.37018,41.77785],[-5.32265,41.78821],[-5.27861,41.8148],[-5.27682,41.82289],[-5.28715,41.82769],[-5.33043,41.8318],[-5.30647,41.85784],[-5.31106,41.89159],[-5.29373,41.91994],[-5.32087,41.93751],[-5.33522,41.93747],[-5.28531,41.97411],[-5.2544,41.98094],[-5.28065,41.9788],[-5.30323,41.9911],[-5.32552,42.0204],[-5.34895,42.02259],[-5.3764,42.03964],[-5.37314,42.06406],[-5.39012,42.08981],[-5.37639,42.09951],[-5.38048,42.10981],[-5.37152,42.13006],[-5.37959,42.16334],[-5.38887,42.17254],[-5.38023,42.19789],[-5.38851,42.20529],[-5.3881,42.22144],[-5.36123,42.22515],[-5.30746,42.19927],[-5.30187,42.22215],[-5.28693,42.22993],[-5.26564,42.2109],[-5.24148,42.21452],[-5.22599,42.22672],[-5.254,42.23978],[-5.2365,42.27335],[-5.2303,42.27565],[-5.22845,42.26247],[-5.22031,42.27792],[-5.19791,42.26054],[-5.18272,42.26421],[-5.14432,42.28155],[-5.112,42.31184],[-5.09375,42.30929],[-5.07515,42.27889],[-5.06219,42.27789],[-5.06819,42.26119],[-5.05481,42.25752],[-5.0416,42.26756],[-5.03835,42.29713],[-5.00314,42.28993],[-5.00866,42.26146],[-5.01881,42.25386],[-5.00916,42.23103],[-5.0249,42.2173],[-5.01239,42.18976],[-5.03189,42.17363],[-5.02697,42.15391],[-5.01503,42.1568],[-4.98848,42.14438],[-4.9664,42.15576],[-4.96244,42.1496],[-4.9275,42.15022],[-4.92871,42.11831],[-4.91213,42.09129],[-4.91782,42.09079],[-4.90418,42.07839],[-4.92775,42.0735],[-4.94763,42.05431],[-4.93601,42.01792],[-4.96554,42.00706],[-4.97549,41.99355],[-4.97611,41.97361],[-4.99407,41.96257],[-5.00485,41.93795],[-4.98368,41.91003],[-4.94959,41.93383],[-4.93245,41.92665],[-4.92794,41.91503],[-4.9118,41.91566],[-4.88978,41.93278],[-4.86909,41.93173],[-4.8677,41.9176],[-4.83827,41.89853],[-4.78925,41.81802],[-4.75842,41.82579],[-4.72644,41.85452],[-4.72825,41.86883],[-4.66968,41.90051],[-4.6373,41.88811],[-4.6319,41.86173],[-4.56608,41.81257],[-4.54807,41.81899],[-4.54915,41.83102],[-4.51212,41.8233],[-4.50859,41.83231],[-4.4733,41.84303],[-4.47831,41.82859],[-4.46115,41.82036],[-4.48734,41.8201],[-4.4924,41.77865],[-4.50118,41.77141],[-4.45424,41.75917],[-4.43398,41.76178],[-4.3893,41.78777],[-4.31764,41.76344],[-4.30679,41.77592],[-4.28658,41.77488],[-4.26023,41.80526],[-4.24744,41.80293],[-4.23603,41.81397],[-4.21395,41.79941],[-4.17883,41.80352],[-4.15386,41.79621],[-4.1232,41.80731],[-4.10027,41.77471],[-4.08909,41.77963],[-4.04088,41.76835],[-4.04958,41.7682],[-4.05579,41.74068],[-4.0691,41.74117],[-4.07636,41.72608],[-4.05294,41.71956],[-4.02604,41.69238],[-4.02475,41.66166],[-4.03528,41.62062],[-4.02871,41.6144],[-4.00593,41.61936],[-4.00873,41.61003],[-3.99286,41.60866],[-3.98441,41.59749],[-3.98071,41.57453],[-3.99386,41.55601],[-3.99912,41.51669],[-4.0274,41.5178],[-4.05803,41.49732],[-4.13455,41.47778],[-4.14249,41.46994],[-4.15832,41.4821],[-4.23349,41.45574],[-4.24824,41.46209],[-4.2611,41.45059],[-4.27013,41.46127],[-4.3135,41.45511],[-4.32786,41.44479],[-4.36239,41.44993],[-4.36491,41.436],[-4.41062,41.44165],[-4.46816,41.41308],[-4.51496,41.40966],[-4.51528,41.39409],[-4.484,41.3668],[-4.4959,41.36393],[-4.49669,41.34961],[-4.50447,41.3472],[-4.49391,41.32641],[-4.47055,41.31846],[-4.47146,41.29156],[-4.52863,41.3211],[-4.55954,41.30217],[-4.59685,41.32059]]],[[[-5.48841,41.99554],[-5.47142,42.0101],[-5.49271,42.03329],[-5.48651,42.0388],[-5.50774,42.05751],[-5.50158,42.06652],[-5.52089,42.09714],[-5.49846,42.08367],[-5.47709,42.05646],[-5.48092,42.05243],[-5.43868,42.0315],[-5.42159,42.03068],[-5.44744,42.01366],[-5.43145,42.00432],[-5.43828,41.96739],[-5.4848,41.98457],[-5.48841,41.99554]]],[[[-5.33711,42.23082],[-5.34534,42.26777],[-5.32851,42.27415],[-5.32032,42.26719],[-5.30176,42.26924],[-5.30332,42.252],[-5.31676,42.24956],[-5.31644,42.24112],[-5.33284,42.23872],[-5.33711,42.23082]]]]}},{"type":"Feature","id":"48","properties":{"code":"48","name":"Bizkaia","nationalCode":"34164800000"},"geometry":{"type":"MultiPolygon","coordinates":[[[[-3.45015,43.23621],[-3.41253,43.24177],[-3.41358,43.24978],[-3.39595,43.24775],[-3.38299,43.27049],[-3.33923,43.27789],[-3.34313,43.29428],[-3.33241,43.30188],[-3.32369,43.29246],[-3.29494,43.30076],[-3.29112,43.29037],[-3.2645,43.29602],[-3.20945,43.28361],[-3.19321,43.29845],[-3.15733,43.30132],[-3.14963,43.31928],[-3.15329,43.35332],[-3.1164,43.34919],[-3.10935,43.36469],[-3.08408,43.37797],[-3.10454,43.36466],[-3.08293,43.36357],[-3.07757,43.35442],[-3.07226,43.36272],[-3.04529,43.35899],[-3.07285,43.3599],[-3.04617,43.34332],[-3.03188,43.34666],[-3.04096,43.34081],[-3.03141,43.33727],[-3.04379,43.33915],[-3.02072,43.32554],[-3.01025,43.33724],[-3.02782,43.34195],[-3.01524,43.34081],[-3.01259,43.34774],[-3.0396,43.37331],[-2.99135,43.39184],[-2.97047,43.41338],[-2.94509,43.41276],[-2.95547,43.42206],[-2.94691,43.43603],[-2.80698,43.43049],[-2.78585,43.4481],[-2.77674,43.44494],[-2.75216,43.45696],[-2.73871,43.42969],[-2.70968,43.42245],[-2.72357,43.4184],[-2.70499,43.41757],[-2.69568,43.40676],[-2.64631,43.41594],[-2.61863,43.39186],[-2.6014,43.39449],[-2.58335,43.38383],[-2.56269,43.39102],[-2.55035,43.37405],[-2.50973,43.37737],[-2.50261,43.36422],[-2.48749,43.36336],[-2.45974,43.33557],[-2.43244,43.33382],[-2.4126,43.32127],[-2.43901,43.29491],[-2.41806,43.2676],[-2.43901,43.25183],[-2.43658,43.24371],[-2.46325,43.22347],[-2.49412,43.2257],[-2.49794,43.21992],[-2.49948,43.20976],[-2.48688,43.20144],[-2.49248,43.18088],[-2.48411,43.1709],[-2.50972,43.16144],[-2.50068,43.1519],[-2.49622,43.12341],[-2.50181,43.095],[-2.59247,43.0812],[-2.63305,43.08704],[-2.66167,43.07427],[-2.66113,43.06576],[-2.6337,43.04482],[-2.63362,43.01991],[-2.66688,43.03143],[-2.68701,43.02163],[-2.70399,43.03111],[-2.72973,43.02395],[-2.74028,43.03418],[-2.76975,43.02686],[-2.78118,43.03399],[-2.82194,43.03505],[-2.8638,43.05195],[-2.89416,43.04642],[-2.97548,43.09947],[-2.93581,43.13621],[-2.95417,43.15971],[-2.94639,43.17087],[-2.96847,43.18199],[-2.98004,43.20186],[-3.00646,43.19601],[-3.02701,43.21719],[-3.03972,43.21067],[-3.01663,43.2026],[-3.02661,43.16108],[-3.0661,43.15549],[-3.07464,43.14634],[-3.0937,43.15093],[-3.11168,43.14328],[-3.15797,43.17803],[-3.18617,43.16919],[-3.20813,43.17941],[-3.22409,43.17013],[-3.25327,43.19875],[-3.27777,43.19451],[-3.30984,43.1721],[-3.34118,43.16702],[-3.35021,43.15375],[-3.41761,43.13332],[-3.43336,43.17093],[-3.433,43.2063],[-3.45015,43.23621]],[[-3.30453,43.25826],[-3.26517,43.26719],[-3.24918,43.25965],[-3.25202,43.24612],[-3.27077,43.23021],[-3.26939,43.20281],[-3.28482,43.19717],[-3.29681,43.20602],[-3.29266,43.24087],[-3.30453,43.25826]]],[[[-3.08899,43.00164],[-3.09046,43.00956],[-3.0656,43.02314],[-3.04974,43.04722],[-3.02863,43.04658],[-3.02914,43.03695],[-3.01855,43.03766],[-3.0329,43.02033],[-2.98601,43.0121],[-2.99167,43.00018],[-2.98572,42.99213],[-2.9557,42.99885],[-2.97103,42.98979],[-3.00054,42.98963],[-3.0045,42.98269],[-3.03731,42.98212],[-3.06037,43.00321],[-3.07667,43.00869],[-3.08899,43.00164]]],[[[-2.78989,43.44249],[-2.79011,43.44256],[-2.79012,43.44279],[-2.78989,43.44249]]],[[[-2.79013,43.44355],[-2.79049,43.44375],[-2.79013,43.44382],[-2.79013,43.44355]]],[[[-2.77477,43.45048],[-2.77661,43.45133],[-2.77587,43.453],[-2.77477,43.45048]]],[[[-2.75317,43.45694],[-2.75351,43.45721],[-2.7532,43.45718],[-2.75317,43.45694]]],[[[-2.68167,43.42275],[-2.68726,43.42752],[-2.68161,43.42592],[-2.68167,43.42275]]],[[[-2.84468,43.43254],[-2.84503,43.43304],[-2.84467,43.43283],[-2.84468,43.43254]]],[[[-2.81541,43.4332],[-2.81559,43.43359],[-2.81529,43.43401],[-2.81541,43.4332]]],[[[-2.93503,43.43882],[-2.9357,43.44005],[-2.93492,43.44148],[-2.93503,43.43882]]],[[[-2.49618,43.36517],[-2.49696,43.36686],[-2.49372,43.36835],[-2.49618,43.36517]]],[[[-2.57175,43.39104],[-2.57186,43.39145],[-2.57151,43.39157],[-2.57175,43.39104]]],[[[-2.42216,43.32942],[-2.42244,43.32976],[-2.42203,43.32962],[-2.42216,43.32942]]],[[[-2.43959,43.33298],[-2.43978,43.33298],[-2.43976,43.33309],[-2.43959,43.33298]]],[[[-2.43979,43.33315],[-2.43974,43.33325],[-2.43959,43.33322],[-2.43979,43.33315]]],[[[-2.43975,43.33335],[-2.44002,43.33345],[-2.43964,43.33362],[-2.43975,43.33335]]],[[[-2.44509,43.33341],[-2.44535,43.3337],[-2.44486,43.33351],[-2.44509,43.33341]]],[[[-2.44946,43.33488],[-2.44962,43.33489],[-2.44944,43.33508],[-2.44946,43.33488]]],[[[-2.45006,43.33498],[-2.4501,43.33519],[-2.44992,43.33518],[-2.45006,43.33498]]],[[[-2.45162,43.3356],[-2.45177,43.33565],[-2.45156,43.33584],[-2.45162,43.3356]]],[[[-2.45238,43.33592],[-2.45248,43.33601],[-2.45236,43.33594],[-2.45238,43.33592]]],[[[-2.4196,43.32753],[-2.41947,43.32789],[-2.41908,43.32773],[-2.4196,43.32753]]],[[[-2.41864,43.3267],[-2.41971,43.32709],[-2.41838,43.32679],[-2.41864,43.3267]]],[[[-2.41907,43.32737],[-2.41918,43.32749],[-2.41902,43.32748],[-2.41907,43.32737]]]]}},{"type":"Feature","id":"49","properties":{"code":"49","name":"Zamora","nationalCode":"34074900000"},"geometry":{"type":"Polygon","coordinates":[[[-6.10931,41.21261],[-6.1345,41.19039],[-6.22518,41.22773],[-6.26817,41.25561],[-6.29674,41.25644],[-6.31768,41.27089],[-6.3472,41.2725],[-6.37228,41.2863],[-6.41473,41.27598],[-6.41693,41.28277],[-6.44535,41.28385],[-6.45431,41.29208],[-6.47907,41.28839],[-6.47011,41.30079],[-6.45156,41.29836],[-6.43757,41.30571],[-6.43477,41.31927],[-6.4187,41.32672],[-6.42717,41.33428],[-6.41615,41.34796],[-6.37957,41.35723],[-6.37766,41.36293],[-6.39398,41.37085],[-6.38993,41.38537],[-6.36669,41.39395],[-6.35268,41.37823],[-6.31766,41.38574],[-6.31722,41.39715],[-6.33327,41.41033],[-6.30012,41.42874],[-6.29486,41.43627],[-6.30542,41.44967],[-6.28601,41.46652],[-6.28404,41.47902],[-6.26209,41.48695],[-6.26579,41.49825],[-6.2511,41.50019],[-6.25775,41.51411],[-6.23694,41.52136],[-6.21181,41.55916],[-6.18917,41.57483],[-6.20146,41.59456],[-6.2358,41.60705],[-6.25445,41.633],[-6.30229,41.66181],[-6.35466,41.6764],[-6.44427,41.68484],[-6.45736,41.66659],[-6.49956,41.6571],[-6.54827,41.68559],[-6.55496,41.69861],[-6.54249,41.70115],[-6.55496,41.72096],[-6.54881,41.72553],[-6.56897,41.74378],[-6.54354,41.77849],[-6.54706,41.79496],[-6.53586,41.81807],[-6.52742,41.82078],[-6.53247,41.83465],[-6.51551,41.87166],[-6.57117,41.88349],[-6.54585,41.93593],[-6.58322,41.96538],[-6.58847,41.96775],[-6.59936,41.94821],[-6.62121,41.93995],[-6.69927,41.93333],[-6.75062,41.94339],[-6.7687,41.9839],[-6.81134,41.99252],[-6.81001,41.96954],[-6.8216,41.94601],[-6.83054,41.94349],[-6.94151,41.94388],[-6.9578,41.96894],[-6.98576,41.97104],[-6.99111,41.98834],[-6.9611,42.02791],[-6.9731,42.03911],[-6.97479,42.05516],[-7.01183,42.05242],[-7.03101,42.0633],[-7.03385,42.07324],[-7.00212,42.0846],[-7.00252,42.09711],[-6.98973,42.10149],[-6.98616,42.12403],[-6.94865,42.13559],[-6.93858,42.17684],[-6.90085,42.18947],[-6.88656,42.21454],[-6.85558,42.22687],[-6.80249,42.21875],[-6.79664,42.20897],[-6.78699,42.21591],[-6.80308,42.23904],[-6.78723,42.25419],[-6.75909,42.23866],[-6.74299,42.24017],[-6.72114,42.21396],[-6.70379,42.20937],[-6.63865,42.2173],[-6.61327,42.20321],[-6.526,42.20336],[-6.49756,42.18202],[-6.47825,42.18223],[-6.45986,42.19714],[-6.44221,42.19353],[-6.4279,42.20194],[-6.40984,42.19568],[-6.31259,42.20659],[-6.29373,42.17803],[-6.25196,42.17306],[-6.25412,42.16704],[-6.22582,42.16195],[-6.2124,42.14808],[-6.16021,42.16577],[-6.14341,42.15882],[-6.13727,42.16472],[-6.12471,42.15887],[-6.0493,42.15986],[-5.99567,42.14619],[-5.95347,42.12368],[-5.94812,42.14192],[-5.9116,42.14059],[-5.89743,42.1561],[-5.881,42.14532],[-5.88482,42.13845],[-5.86927,42.12217],[-5.84485,42.11072],[-5.80649,42.13055],[-5.80533,42.12458],[-5.77671,42.13581],[-5.75519,42.13663],[-5.74295,42.11334],[-5.67677,42.12034],[-5.68718,42.13792],[-5.66756,42.14207],[-5.64339,42.13104],[-5.62014,42.10666],[-5.63504,42.08199],[-5.5885,42.07733],[-5.58661,42.05091],[-5.57772,42.06545],[-5.5607,42.05597],[-5.54945,42.07033],[-5.54336,42.09938],[-5.52609,42.10377],[-5.50158,42.06652],[-5.50774,42.05751],[-5.48651,42.0388],[-5.49271,42.03329],[-5.47142,42.0101],[-5.48841,41.99554],[-5.48565,41.98583],[-5.46312,41.97546],[-5.43828,41.96739],[-5.43145,42.00432],[-5.44744,42.01366],[-5.38441,42.04211],[-5.34895,42.02259],[-5.32552,42.0204],[-5.30323,41.9911],[-5.28065,41.9788],[-5.25468,41.98165],[-5.28531,41.97411],[-5.33522,41.93747],[-5.32087,41.93751],[-5.29373,41.91994],[-5.31106,41.89159],[-5.30647,41.85784],[-5.33043,41.8318],[-5.28715,41.82769],[-5.27682,41.82289],[-5.27861,41.8148],[-5.32265,41.78821],[-5.37018,41.77785],[-5.39138,41.76051],[-5.3752,41.71979],[-5.36169,41.72885],[-5.35814,41.69969],[-5.34288,41.70043],[-5.32735,41.68053],[-5.31951,41.63677],[-5.32889,41.61592],[-5.27054,41.60114],[-5.26795,41.59005],[-5.29307,41.57437],[-5.27262,41.55919],[-5.27265,41.55018],[-5.24779,41.54677],[-5.22887,41.52843],[-5.23384,41.51773],[-5.24168,41.51979],[-5.26188,41.50368],[-5.29624,41.50117],[-5.3325,41.47565],[-5.34474,41.47926],[-5.33749,41.46129],[-5.32479,41.45534],[-5.33924,41.4256],[-5.30754,41.41405],[-5.33462,41.37064],[-5.32212,41.32633],[-5.30351,41.31598],[-5.29174,41.26919],[-5.30221,41.25927],[-5.29365,41.22625],[-5.30762,41.22479],[-5.3403,41.19411],[-5.33027,41.17762],[-5.28874,41.18199],[-5.29862,41.16276],[-5.29059,41.14684],[-5.29786,41.12588],[-5.32895,41.11717],[-5.35699,41.14082],[-5.38696,41.13585],[-5.40155,41.1478],[-5.39658,41.16304],[-5.40759,41.18559],[-5.4181,41.18766],[-5.47688,41.17832],[-5.46983,41.15795],[-5.48434,41.1455],[-5.48525,41.17885],[-5.50641,41.18028],[-5.51808,41.19487],[-5.56507,41.21704],[-5.58793,41.20244],[-5.62832,41.21446],[-5.63445,41.23187],[-5.65696,41.24555],[-5.67894,41.23187],[-5.75125,41.22586],[-5.76731,41.2157],[-5.8087,41.22447],[-5.83522,41.22034],[-5.89767,41.23859],[-5.92133,41.21815],[-5.91313,41.17834],[-5.92504,41.17455],[-5.93712,41.15842],[-5.93387,41.15146],[-5.95324,41.1401],[-5.97681,41.17402],[-6.00257,41.15314],[-6.02389,41.15737],[-6.0275,41.17912],[-6.00883,41.2005],[-6.04672,41.20901],[-6.06201,41.22105],[-6.07404,41.21132],[-6.10931,41.21261]]]}},{"type":"Feature","id":"50","properties":{"code":"50","name":"Zaragoza","nationalCode":"34025000000"},"geometry":{"type":"Polygon","coordinates":[[[0.3224,41.22524],[0.30332,41.16438],[0.27301,41.14881],[0.25299,41.15015],[0.24979,41.12961],[0.21408,41.13695],[0.21863,41.13071],[0.20088,41.1265],[0.20929,41.11687],[0.20067,41.0848],[0.21952,41.08333],[0.22085,41.07138],[0.16803,41.07092],[0.14586,41.06304],[0.11826,41.07683],[0.07863,41.08034],[0.05754,41.07505],[0.05183,41.05482],[0.03692,41.04657],[-0.00065,41.09041],[-0.01223,41.12025],[-0.02579,41.12808],[-0.07969,41.15096],[-0.1224,41.15664],[-0.18095,41.18814],[-0.22419,41.18948],[-0.24641,41.21192],[-0.27137,41.21628],[-0.31608,41.25686],[-0.32488,41.25391],[-0.32482,41.24534],[-0.34814,41.24128],[-0.36886,41.26086],[-0.40586,41.27236],[-0.42754,41.29198],[-0.4215,41.31235],[-0.47016,41.31825],[-0.47993,41.34593],[-0.48908,41.35027],[-0.51054,41.35409],[-0.55067,41.3455],[-0.56773,41.35391],[-0.58179,41.34812],[-0.58181,41.32143],[-0.56611,41.30349],[-0.54485,41.30059],[-0.52715,41.28822],[-0.50618,41.25025],[-0.50969,41.23828],[-0.53158,41.22781],[-0.54849,41.26774],[-0.60526,41.32331],[-0.62972,41.31176],[-0.62546,41.24818],[-0.64278,41.23836],[-0.66922,41.23685],[-0.6099,41.19168],[-0.64082,41.17097],[-0.6907,41.11362],[-0.71218,41.12175],[-0.72775,41.14391],[-0.76141,41.16966],[-0.78086,41.14699],[-0.78344,41.1182],[-0.79281,41.1056],[-0.82853,41.09642],[-0.85989,41.10801],[-0.88366,41.13011],[-0.88326,41.14876],[-0.89149,41.14515],[-0.89055,41.12563],[-0.91531,41.10516],[-0.91255,41.09301],[-0.95292,41.07544],[-0.9986,41.09523],[-1.00056,41.11484],[-0.97242,41.15346],[-1.00086,41.13401],[-1.03931,41.13472],[-1.06806,41.15516],[-1.10568,41.16759],[-1.1216,41.13493],[-1.17399,41.12369],[-1.20998,41.1388],[-1.2544,41.12294],[-1.27137,41.10328],[-1.2533,41.07733],[-1.27093,41.05478],[-1.28743,41.04886],[-1.35417,41.05753],[-1.36013,41.07159],[-1.35235,41.08167],[-1.3558,41.08853],[-1.40522,41.06631],[-1.41002,41.05791],[-1.40483,41.05063],[-1.4168,41.04377],[-1.41115,41.0351],[-1.41752,41.02975],[-1.4764,41.01494],[-1.45935,41.00676],[-1.4466,40.98456],[-1.47299,40.9488],[-1.50534,40.96412],[-1.55739,40.93949],[-1.58956,40.93622],[-1.635,40.95272],[-1.66101,40.97832],[-1.74713,41.0339],[-1.75775,41.05507],[-1.80329,41.08989],[-1.86925,41.10791],[-1.89057,41.13332],[-1.93245,41.13859],[-1.95069,41.16889],[-1.95902,41.17249],[-2.05169,41.14685],[-2.0799,41.17098],[-2.14624,41.18439],[-2.15645,41.25864],[-2.16351,41.28319],[-2.17367,41.28808],[-2.16928,41.32222],[-2.15711,41.33397],[-2.16314,41.35535],[-2.14921,41.35615],[-2.11603,41.38205],[-2.11677,41.42495],[-2.10152,41.44579],[-2.03562,41.42689],[-2.03477,41.40442],[-2.04358,41.39715],[-2.04191,41.38859],[-2.02927,41.38416],[-2.00965,41.38584],[-1.98188,41.40232],[-1.93729,41.40785],[-1.93652,41.4199],[-1.95369,41.42426],[-1.95328,41.46245],[-1.98111,41.48644],[-1.9784,41.52586],[-1.96733,41.54607],[-1.99369,41.57709],[-1.99324,41.60051],[-1.98451,41.60707],[-1.9231,41.59833],[-1.8979,41.63241],[-1.87398,41.63798],[-1.85899,41.66153],[-1.80622,41.66426],[-1.81207,41.68645],[-1.78686,41.69943],[-1.78499,41.71699],[-1.77537,41.72479],[-1.80921,41.73666],[-1.80585,41.75508],[-1.82532,41.77837],[-1.85292,41.78956],[-1.81905,41.82875],[-1.8176,41.85338],[-1.8226,41.86544],[-1.83506,41.86649],[-1.83878,41.88902],[-1.85728,41.90952],[-1.85475,41.95915],[-1.86519,41.9776],[-1.84405,41.98733],[-1.85132,41.99807],[-1.84718,42.008],[-1.8337,41.99506],[-1.81035,41.99802],[-1.79139,41.98963],[-1.7669,41.99579],[-1.74136,41.96837],[-1.71522,41.95696],[-1.68682,41.95285],[-1.67546,41.96675],[-1.66364,41.95999],[-1.65415,41.96535],[-1.61482,41.95053],[-1.59625,41.92709],[-1.55926,41.91394],[-1.52331,41.90989],[-1.50176,41.92428],[-1.42178,41.91307],[-1.41076,41.91896],[-1.40355,41.93508],[-1.38223,41.94334],[-1.38599,41.95725],[-1.37435,41.962],[-1.33952,42.01801],[-1.30482,42.04295],[-1.31059,42.07231],[-1.35228,42.07307],[-1.36676,42.10696],[-1.39888,42.12622],[-1.39191,42.18142],[-1.41753,42.21237],[-1.39137,42.27212],[-1.39908,42.2913],[-1.32908,42.35539],[-1.33622,42.37201],[-1.35061,42.37007],[-1.3599,42.37804],[-1.34151,42.42394],[-1.31521,42.44922],[-1.28136,42.46445],[-1.27278,42.4819],[-1.27511,42.49576],[-1.28673,42.49853],[-1.29348,42.51096],[-1.28814,42.52279],[-1.26477,42.5568],[-1.22617,42.54224],[-1.20279,42.54966],[-1.20192,42.57824],[-1.15803,42.59915],[-1.17978,42.61062],[-1.17192,42.61706],[-1.15712,42.61089],[-1.15205,42.64788],[-1.05193,42.64259],[-1.03681,42.65164],[-1.03249,42.6756],[-1.03919,42.69163],[-1.02798,42.70006],[-0.96921,42.70371],[-0.94868,42.71145],[-0.92298,42.744],[-0.9091,42.74404],[-0.89687,42.73566],[-0.90684,42.72661],[-0.90435,42.71219],[-0.92246,42.7008],[-0.90155,42.70187],[-0.87995,42.68814],[-0.89309,42.66235],[-0.92764,42.65624],[-0.90466,42.61294],[-0.91468,42.60233],[-0.90471,42.59905],[-0.90867,42.58713],[-0.92479,42.58797],[-0.93417,42.57265],[-0.92161,42.57124],[-0.9186,42.55528],[-0.89935,42.55998],[-0.89505,42.54906],[-0.89826,42.53896],[-0.91645,42.53732],[-0.93343,42.50588],[-0.89299,42.50985],[-0.89029,42.49037],[-0.89702,42.47908],[-0.87772,42.46164],[-0.90376,42.45324],[-0.89628,42.4438],[-0.90441,42.43476],[-0.84209,42.40739],[-0.83543,42.39553],[-0.81531,42.39523],[-0.82167,42.38456],[-0.84418,42.38464],[-0.84276,42.36634],[-0.85566,42.33992],[-0.8796,42.31889],[-0.89209,42.29692],[-0.88904,42.2867],[-0.91891,42.25732],[-0.89055,42.24003],[-0.89118,42.26304],[-0.87696,42.28165],[-0.85793,42.27474],[-0.84393,42.28283],[-0.8131,42.26449],[-0.80653,42.27055],[-0.77181,42.34671],[-0.77794,42.39126],[-0.73643,42.36988],[-0.74485,42.36168],[-0.73512,42.35334],[-0.74459,42.33868],[-0.72886,42.29632],[-0.74849,42.27754],[-0.75196,42.26362],[-0.75938,42.26365],[-0.76152,42.21446],[-0.75047,42.19941],[-0.7599,42.17867],[-0.75162,42.17293],[-0.7598,42.17023],[-0.74739,42.15592],[-0.75872,42.14696],[-0.75215,42.13204],[-0.76086,42.12985],[-0.75324,42.12379],[-0.76271,42.10045],[-0.75492,42.0906],[-0.77016,42.08723],[-0.76078,42.0795],[-0.76314,42.06748],[-0.77971,42.05472],[-0.79355,42.0544],[-0.80485,42.07388],[-0.80478,42.09644],[-0.81294,42.0925],[-0.85701,42.05099],[-0.84891,42.04201],[-0.85074,42.02615],[-0.88493,42.00358],[-0.77821,41.9574],[-0.65783,41.9575],[-0.63058,41.91291],[-0.59547,41.89959],[-0.60331,41.88283],[-0.55521,41.87133],[-0.52714,41.85287],[-0.51675,41.83678],[-0.51197,41.78391],[-0.50069,41.76132],[-0.51869,41.72882],[-0.48942,41.73167],[-0.44492,41.70368],[-0.42854,41.70548],[-0.3745,41.68812],[-0.36626,41.67991],[-0.35952,41.63522],[-0.31259,41.6241],[-0.30231,41.60792],[-0.24478,41.57311],[-0.20574,41.60226],[-0.15645,41.58997],[-0.16735,41.58111],[-0.15748,41.56838],[-0.15666,41.53529],[-0.13366,41.5213],[-0.10497,41.48548],[-0.07271,41.37716],[-0.04944,41.36046],[-0.00793,41.34781],[-0.02928,41.37782],[-0.0234,41.39699],[-0.00298,41.38792],[0.00969,41.36043],[0.09336,41.34997],[0.1063,41.35082],[0.12464,41.38354],[0.16365,41.4065],[0.18264,41.39441],[0.21909,41.40357],[0.24059,41.42835],[0.33371,41.40942],[0.32004,41.39418],[0.35829,41.37199],[0.37291,41.35348],[0.34845,41.32809],[0.3678,41.31936],[0.36675,41.30083],[0.38556,41.27861],[0.37351,41.24866],[0.38131,41.23643],[0.3646,41.23868],[0.36086,41.22552],[0.34031,41.23106],[0.33215,41.223],[0.3224,41.22524]],[[-1.10208,42.4828],[-1.08514,42.48336],[-1.08824,42.47558],[-1.06937,42.46638],[-1.05286,42.43792],[-1.06728,42.43452],[-1.12936,42.44672],[-1.10208,42.4828]],[[-1.18282,42.4239],[-1.14497,42.44187],[-1.15877,42.40966],[-1.18596,42.40186],[-1.18282,42.4239]]]}},{"type":"Feature","id":"51","properties":{"code":"51","name":"Ceuta","nationalCode":"34185100000"},"geometry":{"type":"Polygon","coordinates":[[[-5.38206,35.9124],[-5.36695,35.91798],[-5.33573,35.89432],[-5.32492,35.90094],[-5.31123,35.89615],[-5.32471,35.89681],[-5.31352,35.88907],[-5.28841,35.9072],[-5.27829,35.89791],[-5.30554,35.88461],[-5.31872,35.88733],[-5.34349,35.87074],[-5.37184,35.88143],[-5.38206,35.9124]]]}},{"type":"Feature","id":"52","properties":{"code":"52","name":"Melilla","nationalCode":"34195200000"},"geometry":{"type":"Polygon","coordinates":[[[-2.95264,35.3203],[-2.93564,35.29479],[-2.92317,35.28885],[-2.93579,35.29208],[-2.93502,35.27788],[-2.92416,35.28007],[-2.92758,35.27353],[-2.95054,35.26549],[-2.9703,35.28868],[-2.95264,35.3203]]]}}]}
